INSERT INTO isms_context (pkContext,nType,nState) VALUES (6264,2814,2702);
INSERT INTO rm_best_practice_standard (fkContext,fkStandard,fkBestPractice) VALUES (6264,6258,6263);
INSERT INTO isms_context_date (sUserName, nUserId, fkContext, nAction, ddate) VALUES ('Realiso Online',0,6264,2901,NOW());
INSERT INTO isms_context_date (sUserName, nUserId, fkContext, nAction, ddate) VALUES ('Realiso Online',0,6264,2902,NOW());

INSERT INTO isms_context (pkContext,nType,nState) VALUES (6266,2814,2702);
INSERT INTO rm_best_practice_standard (fkContext,fkStandard,fkBestPractice) VALUES (6266,6258,6265);
INSERT INTO isms_context_date (sUserName, nUserId, fkContext, nAction, ddate) VALUES ('Realiso Online',0,6266,2901,NOW());
INSERT INTO isms_context_date (sUserName, nUserId, fkContext, nAction, ddate) VALUES ('Realiso Online',0,6266,2902,NOW());

INSERT INTO isms_context (pkContext,nType,nState) VALUES (6268,2814,2702);
INSERT INTO rm_best_practice_standard (fkContext,fkStandard,fkBestPractice) VALUES (6268,6258,6267);
INSERT INTO isms_context_date (sUserName, nUserId, fkContext, nAction, ddate) VALUES ('Realiso Online',0,6268,2901,NOW());
INSERT INTO isms_context_date (sUserName, nUserId, fkContext, nAction, ddate) VALUES ('Realiso Online',0,6268,2902,NOW());

INSERT INTO isms_context (pkContext,nType,nState) VALUES (6270,2814,2702);
INSERT INTO rm_best_practice_standard (fkContext,fkStandard,fkBestPractice) VALUES (6270,6258,6269);
INSERT INTO isms_context_date (sUserName, nUserId, fkContext, nAction, ddate) VALUES ('Realiso Online',0,6270,2901,NOW());
INSERT INTO isms_context_date (sUserName, nUserId, fkContext, nAction, ddate) VALUES ('Realiso Online',0,6270,2902,NOW());

INSERT INTO isms_context (pkContext,nType,nState) VALUES (6272,2814,2702);
INSERT INTO rm_best_practice_standard (fkContext,fkStandard,fkBestPractice) VALUES (6272,6258,6271);
INSERT INTO isms_context_date (sUserName, nUserId, fkContext, nAction, ddate) VALUES ('Realiso Online',0,6272,2901,NOW());
INSERT INTO isms_context_date (sUserName, nUserId, fkContext, nAction, ddate) VALUES ('Realiso Online',0,6272,2902,NOW());

INSERT INTO isms_context (pkContext,nType,nState) VALUES (6274,2814,2702);
INSERT INTO rm_best_practice_standard (fkContext,fkStandard,fkBestPractice) VALUES (6274,6258,6273);
INSERT INTO isms_context_date (sUserName, nUserId, fkContext, nAction, ddate) VALUES ('Realiso Online',0,6274,2901,NOW());
INSERT INTO isms_context_date (sUserName, nUserId, fkContext, nAction, ddate) VALUES ('Realiso Online',0,6274,2902,NOW());

INSERT INTO isms_context (pkContext,nType,nState) VALUES (6276,2814,2702);
INSERT INTO rm_best_practice_standard (fkContext,fkStandard,fkBestPractice) VALUES (6276,6258,6275);
INSERT INTO isms_context_date (sUserName, nUserId, fkContext, nAction, ddate) VALUES ('Realiso Online',0,6276,2901,NOW());
INSERT INTO isms_context_date (sUserName, nUserId, fkContext, nAction, ddate) VALUES ('Realiso Online',0,6276,2902,NOW());

INSERT INTO isms_context (pkContext,nType,nState) VALUES (6278,2814,2702);
INSERT INTO rm_best_practice_standard (fkContext,fkStandard,fkBestPractice) VALUES (6278,6258,6277);
INSERT INTO isms_context_date (sUserName, nUserId, fkContext, nAction, ddate) VALUES ('Realiso Online',0,6278,2901,NOW());
INSERT INTO isms_context_date (sUserName, nUserId, fkContext, nAction, ddate) VALUES ('Realiso Online',0,6278,2902,NOW());

INSERT INTO isms_context (pkContext,nType,nState) VALUES (6280,2814,2702);
INSERT INTO rm_best_practice_standard (fkContext,fkStandard,fkBestPractice) VALUES (6280,6258,6279);
INSERT INTO isms_context_date (sUserName, nUserId, fkContext, nAction, ddate) VALUES ('Realiso Online',0,6280,2901,NOW());
INSERT INTO isms_context_date (sUserName, nUserId, fkContext, nAction, ddate) VALUES ('Realiso Online',0,6280,2902,NOW());

INSERT INTO isms_context (pkContext,nType,nState) VALUES (6282,2814,2702);
INSERT INTO rm_best_practice_standard (fkContext,fkStandard,fkBestPractice) VALUES (6282,6258,6281);
INSERT INTO isms_context_date (sUserName, nUserId, fkContext, nAction, ddate) VALUES ('Realiso Online',0,6282,2901,NOW());
INSERT INTO isms_context_date (sUserName, nUserId, fkContext, nAction, ddate) VALUES ('Realiso Online',0,6282,2902,NOW());

INSERT INTO isms_context (pkContext,nType,nState) VALUES (6284,2814,2702);
INSERT INTO rm_best_practice_standard (fkContext,fkStandard,fkBestPractice) VALUES (6284,6258,6283);
INSERT INTO isms_context_date (sUserName, nUserId, fkContext, nAction, ddate) VALUES ('Realiso Online',0,6284,2901,NOW());
INSERT INTO isms_context_date (sUserName, nUserId, fkContext, nAction, ddate) VALUES ('Realiso Online',0,6284,2902,NOW());

INSERT INTO isms_context (pkContext,nType,nState) VALUES (6286,2814,2702);
INSERT INTO rm_best_practice_standard (fkContext,fkStandard,fkBestPractice) VALUES (6286,6258,6285);
INSERT INTO isms_context_date (sUserName, nUserId, fkContext, nAction, ddate) VALUES ('Realiso Online',0,6286,2901,NOW());
INSERT INTO isms_context_date (sUserName, nUserId, fkContext, nAction, ddate) VALUES ('Realiso Online',0,6286,2902,NOW());

INSERT INTO isms_context (pkContext,nType,nState) VALUES (6288,2814,2702);
INSERT INTO rm_best_practice_standard (fkContext,fkStandard,fkBestPractice) VALUES (6288,6258,6287);
INSERT INTO isms_context_date (sUserName, nUserId, fkContext, nAction, ddate) VALUES ('Realiso Online',0,6288,2901,NOW());
INSERT INTO isms_context_date (sUserName, nUserId, fkContext, nAction, ddate) VALUES ('Realiso Online',0,6288,2902,NOW());

INSERT INTO isms_context (pkContext,nType,nState) VALUES (6290,2814,2702);
INSERT INTO rm_best_practice_standard (fkContext,fkStandard,fkBestPractice) VALUES (6290,6258,6289);
INSERT INTO isms_context_date (sUserName, nUserId, fkContext, nAction, ddate) VALUES ('Realiso Online',0,6290,2901,NOW());
INSERT INTO isms_context_date (sUserName, nUserId, fkContext, nAction, ddate) VALUES ('Realiso Online',0,6290,2902,NOW());

INSERT INTO isms_context (pkContext,nType,nState) VALUES (6292,2814,2702);
INSERT INTO rm_best_practice_standard (fkContext,fkStandard,fkBestPractice) VALUES (6292,6258,6291);
INSERT INTO isms_context_date (sUserName, nUserId, fkContext, nAction, ddate) VALUES ('Realiso Online',0,6292,2901,NOW());
INSERT INTO isms_context_date (sUserName, nUserId, fkContext, nAction, ddate) VALUES ('Realiso Online',0,6292,2902,NOW());

INSERT INTO isms_context (pkContext,nType,nState) VALUES (6294,2814,2702);
INSERT INTO rm_best_practice_standard (fkContext,fkStandard,fkBestPractice) VALUES (6294,6258,6293);
INSERT INTO isms_context_date (sUserName, nUserId, fkContext, nAction, ddate) VALUES ('Realiso Online',0,6294,2901,NOW());
INSERT INTO isms_context_date (sUserName, nUserId, fkContext, nAction, ddate) VALUES ('Realiso Online',0,6294,2902,NOW());

INSERT INTO isms_context (pkContext,nType,nState) VALUES (6296,2814,2702);
INSERT INTO rm_best_practice_standard (fkContext,fkStandard,fkBestPractice) VALUES (6296,6258,6295);
INSERT INTO isms_context_date (sUserName, nUserId, fkContext, nAction, ddate) VALUES ('Realiso Online',0,6296,2901,NOW());
INSERT INTO isms_context_date (sUserName, nUserId, fkContext, nAction, ddate) VALUES ('Realiso Online',0,6296,2902,NOW());

INSERT INTO isms_context (pkContext,nType,nState) VALUES (6298,2814,2702);
INSERT INTO rm_best_practice_standard (fkContext,fkStandard,fkBestPractice) VALUES (6298,6258,6297);
INSERT INTO isms_context_date (sUserName, nUserId, fkContext, nAction, ddate) VALUES ('Realiso Online',0,6298,2901,NOW());
INSERT INTO isms_context_date (sUserName, nUserId, fkContext, nAction, ddate) VALUES ('Realiso Online',0,6298,2902,NOW());

INSERT INTO isms_context (pkContext,nType,nState) VALUES (6300,2814,2702);
INSERT INTO rm_best_practice_standard (fkContext,fkStandard,fkBestPractice) VALUES (6300,6258,6299);
INSERT INTO isms_context_date (sUserName, nUserId, fkContext, nAction, ddate) VALUES ('Realiso Online',0,6300,2901,NOW());
INSERT INTO isms_context_date (sUserName, nUserId, fkContext, nAction, ddate) VALUES ('Realiso Online',0,6300,2902,NOW());

INSERT INTO isms_context (pkContext,nType,nState) VALUES (6302,2814,2702);
INSERT INTO rm_best_practice_standard (fkContext,fkStandard,fkBestPractice) VALUES (6302,6258,6301);
INSERT INTO isms_context_date (sUserName, nUserId, fkContext, nAction, ddate) VALUES ('Realiso Online',0,6302,2901,NOW());
INSERT INTO isms_context_date (sUserName, nUserId, fkContext, nAction, ddate) VALUES ('Realiso Online',0,6302,2902,NOW());

INSERT INTO isms_context (pkContext,nType,nState) VALUES (6304,2814,2702);
INSERT INTO rm_best_practice_standard (fkContext,fkStandard,fkBestPractice) VALUES (6304,6258,6303);
INSERT INTO isms_context_date (sUserName, nUserId, fkContext, nAction, ddate) VALUES ('Realiso Online',0,6304,2901,NOW());
INSERT INTO isms_context_date (sUserName, nUserId, fkContext, nAction, ddate) VALUES ('Realiso Online',0,6304,2902,NOW());

INSERT INTO isms_context (pkContext,nType,nState) VALUES (6307,2814,2702);
INSERT INTO rm_best_practice_standard (fkContext,fkStandard,fkBestPractice) VALUES (6307,6258,6306);
INSERT INTO isms_context_date (sUserName, nUserId, fkContext, nAction, ddate) VALUES ('Realiso Online',0,6307,2901,NOW());
INSERT INTO isms_context_date (sUserName, nUserId, fkContext, nAction, ddate) VALUES ('Realiso Online',0,6307,2902,NOW());

INSERT INTO isms_context (pkContext,nType,nState) VALUES (6309,2814,2702);
INSERT INTO rm_best_practice_standard (fkContext,fkStandard,fkBestPractice) VALUES (6309,6258,6308);
INSERT INTO isms_context_date (sUserName, nUserId, fkContext, nAction, ddate) VALUES ('Realiso Online',0,6309,2901,NOW());
INSERT INTO isms_context_date (sUserName, nUserId, fkContext, nAction, ddate) VALUES ('Realiso Online',0,6309,2902,NOW());

INSERT INTO isms_context (pkContext,nType,nState) VALUES (6311,2814,2702);
INSERT INTO rm_best_practice_standard (fkContext,fkStandard,fkBestPractice) VALUES (6311,6258,6310);
INSERT INTO isms_context_date (sUserName, nUserId, fkContext, nAction, ddate) VALUES ('Realiso Online',0,6311,2901,NOW());
INSERT INTO isms_context_date (sUserName, nUserId, fkContext, nAction, ddate) VALUES ('Realiso Online',0,6311,2902,NOW());

INSERT INTO isms_context (pkContext,nType,nState) VALUES (6313,2814,2702);
INSERT INTO rm_best_practice_standard (fkContext,fkStandard,fkBestPractice) VALUES (6313,6258,6312);
INSERT INTO isms_context_date (sUserName, nUserId, fkContext, nAction, ddate) VALUES ('Realiso Online',0,6313,2901,NOW());
INSERT INTO isms_context_date (sUserName, nUserId, fkContext, nAction, ddate) VALUES ('Realiso Online',0,6313,2902,NOW());

INSERT INTO isms_context (pkContext,nType,nState) VALUES (6315,2814,2702);
INSERT INTO rm_best_practice_standard (fkContext,fkStandard,fkBestPractice) VALUES (6315,6258,6314);
INSERT INTO isms_context_date (sUserName, nUserId, fkContext, nAction, ddate) VALUES ('Realiso Online',0,6315,2901,NOW());
INSERT INTO isms_context_date (sUserName, nUserId, fkContext, nAction, ddate) VALUES ('Realiso Online',0,6315,2902,NOW());

INSERT INTO isms_context (pkContext,nType,nState) VALUES (6317,2814,2702);
INSERT INTO rm_best_practice_standard (fkContext,fkStandard,fkBestPractice) VALUES (6317,6258,6316);
INSERT INTO isms_context_date (sUserName, nUserId, fkContext, nAction, ddate) VALUES ('Realiso Online',0,6317,2901,NOW());
INSERT INTO isms_context_date (sUserName, nUserId, fkContext, nAction, ddate) VALUES ('Realiso Online',0,6317,2902,NOW());

INSERT INTO isms_context (pkContext,nType,nState) VALUES (6319,2814,2702);
INSERT INTO rm_best_practice_standard (fkContext,fkStandard,fkBestPractice) VALUES (6319,6258,6318);
INSERT INTO isms_context_date (sUserName, nUserId, fkContext, nAction, ddate) VALUES ('Realiso Online',0,6319,2901,NOW());
INSERT INTO isms_context_date (sUserName, nUserId, fkContext, nAction, ddate) VALUES ('Realiso Online',0,6319,2902,NOW());

INSERT INTO isms_context (pkContext,nType,nState) VALUES (6321,2814,2702);
INSERT INTO rm_best_practice_standard (fkContext,fkStandard,fkBestPractice) VALUES (6321,6258,6320);
INSERT INTO isms_context_date (sUserName, nUserId, fkContext, nAction, ddate) VALUES ('Realiso Online',0,6321,2901,NOW());
INSERT INTO isms_context_date (sUserName, nUserId, fkContext, nAction, ddate) VALUES ('Realiso Online',0,6321,2902,NOW());

INSERT INTO isms_context (pkContext,nType,nState) VALUES (6323,2814,2702);
INSERT INTO rm_best_practice_standard (fkContext,fkStandard,fkBestPractice) VALUES (6323,6258,6322);
INSERT INTO isms_context_date (sUserName, nUserId, fkContext, nAction, ddate) VALUES ('Realiso Online',0,6323,2901,NOW());
INSERT INTO isms_context_date (sUserName, nUserId, fkContext, nAction, ddate) VALUES ('Realiso Online',0,6323,2902,NOW());

INSERT INTO isms_context (pkContext,nType,nState) VALUES (6326,2814,2702);
INSERT INTO rm_best_practice_standard (fkContext,fkStandard,fkBestPractice) VALUES (6326,6258,6325);
INSERT INTO isms_context_date (sUserName, nUserId, fkContext, nAction, ddate) VALUES ('Realiso Online',0,6326,2901,NOW());
INSERT INTO isms_context_date (sUserName, nUserId, fkContext, nAction, ddate) VALUES ('Realiso Online',0,6326,2902,NOW());

INSERT INTO isms_context (pkContext,nType,nState) VALUES (6328,2814,2702);
INSERT INTO rm_best_practice_standard (fkContext,fkStandard,fkBestPractice) VALUES (6328,6258,6327);
INSERT INTO isms_context_date (sUserName, nUserId, fkContext, nAction, ddate) VALUES ('Realiso Online',0,6328,2901,NOW());
INSERT INTO isms_context_date (sUserName, nUserId, fkContext, nAction, ddate) VALUES ('Realiso Online',0,6328,2902,NOW());

INSERT INTO isms_context (pkContext,nType,nState) VALUES (6330,2814,2702);
INSERT INTO rm_best_practice_standard (fkContext,fkStandard,fkBestPractice) VALUES (6330,6258,6329);
INSERT INTO isms_context_date (sUserName, nUserId, fkContext, nAction, ddate) VALUES ('Realiso Online',0,6330,2901,NOW());
INSERT INTO isms_context_date (sUserName, nUserId, fkContext, nAction, ddate) VALUES ('Realiso Online',0,6330,2902,NOW());

INSERT INTO isms_context (pkContext,nType,nState) VALUES (6332,2814,2702);
INSERT INTO rm_best_practice_standard (fkContext,fkStandard,fkBestPractice) VALUES (6332,6258,6331);
INSERT INTO isms_context_date (sUserName, nUserId, fkContext, nAction, ddate) VALUES ('Realiso Online',0,6332,2901,NOW());
INSERT INTO isms_context_date (sUserName, nUserId, fkContext, nAction, ddate) VALUES ('Realiso Online',0,6332,2902,NOW());

INSERT INTO isms_context (pkContext,nType,nState) VALUES (6334,2814,2702);
INSERT INTO rm_best_practice_standard (fkContext,fkStandard,fkBestPractice) VALUES (6334,6258,6333);
INSERT INTO isms_context_date (sUserName, nUserId, fkContext, nAction, ddate) VALUES ('Realiso Online',0,6334,2901,NOW());
INSERT INTO isms_context_date (sUserName, nUserId, fkContext, nAction, ddate) VALUES ('Realiso Online',0,6334,2902,NOW());

INSERT INTO isms_context (pkContext,nType,nState) VALUES (6336,2814,2702);
INSERT INTO rm_best_practice_standard (fkContext,fkStandard,fkBestPractice) VALUES (6336,6258,6335);
INSERT INTO isms_context_date (sUserName, nUserId, fkContext, nAction, ddate) VALUES ('Realiso Online',0,6336,2901,NOW());
INSERT INTO isms_context_date (sUserName, nUserId, fkContext, nAction, ddate) VALUES ('Realiso Online',0,6336,2902,NOW());

INSERT INTO isms_context (pkContext,nType,nState) VALUES (6338,2814,2702);
INSERT INTO rm_best_practice_standard (fkContext,fkStandard,fkBestPractice) VALUES (6338,6258,6337);
INSERT INTO isms_context_date (sUserName, nUserId, fkContext, nAction, ddate) VALUES ('Realiso Online',0,6338,2901,NOW());
INSERT INTO isms_context_date (sUserName, nUserId, fkContext, nAction, ddate) VALUES ('Realiso Online',0,6338,2902,NOW());

INSERT INTO isms_context (pkContext,nType,nState) VALUES (6340,2814,2702);
INSERT INTO rm_best_practice_standard (fkContext,fkStandard,fkBestPractice) VALUES (6340,6258,6339);
INSERT INTO isms_context_date (sUserName, nUserId, fkContext, nAction, ddate) VALUES ('Realiso Online',0,6340,2901,NOW());
INSERT INTO isms_context_date (sUserName, nUserId, fkContext, nAction, ddate) VALUES ('Realiso Online',0,6340,2902,NOW());

INSERT INTO isms_context (pkContext,nType,nState) VALUES (6342,2814,2702);
INSERT INTO rm_best_practice_standard (fkContext,fkStandard,fkBestPractice) VALUES (6342,6258,6341);
INSERT INTO isms_context_date (sUserName, nUserId, fkContext, nAction, ddate) VALUES ('Realiso Online',0,6342,2901,NOW());
INSERT INTO isms_context_date (sUserName, nUserId, fkContext, nAction, ddate) VALUES ('Realiso Online',0,6342,2902,NOW());

INSERT INTO isms_context (pkContext,nType,nState) VALUES (6344,2814,2702);
INSERT INTO rm_best_practice_standard (fkContext,fkStandard,fkBestPractice) VALUES (6344,6258,6343);
INSERT INTO isms_context_date (sUserName, nUserId, fkContext, nAction, ddate) VALUES ('Realiso Online',0,6344,2901,NOW());
INSERT INTO isms_context_date (sUserName, nUserId, fkContext, nAction, ddate) VALUES ('Realiso Online',0,6344,2902,NOW());

INSERT INTO isms_context (pkContext,nType,nState) VALUES (6346,2814,2702);
INSERT INTO rm_best_practice_standard (fkContext,fkStandard,fkBestPractice) VALUES (6346,6258,6345);
INSERT INTO isms_context_date (sUserName, nUserId, fkContext, nAction, ddate) VALUES ('Realiso Online',0,6346,2901,NOW());
INSERT INTO isms_context_date (sUserName, nUserId, fkContext, nAction, ddate) VALUES ('Realiso Online',0,6346,2902,NOW());

INSERT INTO isms_context (pkContext,nType,nState) VALUES (6348,2814,2702);
INSERT INTO rm_best_practice_standard (fkContext,fkStandard,fkBestPractice) VALUES (6348,6258,6347);
INSERT INTO isms_context_date (sUserName, nUserId, fkContext, nAction, ddate) VALUES ('Realiso Online',0,6348,2901,NOW());
INSERT INTO isms_context_date (sUserName, nUserId, fkContext, nAction, ddate) VALUES ('Realiso Online',0,6348,2902,NOW());

INSERT INTO isms_context (pkContext,nType,nState) VALUES (6350,2814,2702);
INSERT INTO rm_best_practice_standard (fkContext,fkStandard,fkBestPractice) VALUES (6350,6258,6349);
INSERT INTO isms_context_date (sUserName, nUserId, fkContext, nAction, ddate) VALUES ('Realiso Online',0,6350,2901,NOW());
INSERT INTO isms_context_date (sUserName, nUserId, fkContext, nAction, ddate) VALUES ('Realiso Online',0,6350,2902,NOW());

INSERT INTO isms_context (pkContext,nType,nState) VALUES (6352,2814,2702);
INSERT INTO rm_best_practice_standard (fkContext,fkStandard,fkBestPractice) VALUES (6352,6258,6351);
INSERT INTO isms_context_date (sUserName, nUserId, fkContext, nAction, ddate) VALUES ('Realiso Online',0,6352,2901,NOW());
INSERT INTO isms_context_date (sUserName, nUserId, fkContext, nAction, ddate) VALUES ('Realiso Online',0,6352,2902,NOW());

INSERT INTO isms_context (pkContext,nType,nState) VALUES (6354,2814,2702);
INSERT INTO rm_best_practice_standard (fkContext,fkStandard,fkBestPractice) VALUES (6354,6258,6353);
INSERT INTO isms_context_date (sUserName, nUserId, fkContext, nAction, ddate) VALUES ('Realiso Online',0,6354,2901,NOW());
INSERT INTO isms_context_date (sUserName, nUserId, fkContext, nAction, ddate) VALUES ('Realiso Online',0,6354,2902,NOW());

INSERT INTO isms_context (pkContext,nType,nState) VALUES (6356,2814,2702);
INSERT INTO rm_best_practice_standard (fkContext,fkStandard,fkBestPractice) VALUES (6356,6258,6355);
INSERT INTO isms_context_date (sUserName, nUserId, fkContext, nAction, ddate) VALUES ('Realiso Online',0,6356,2901,NOW());
INSERT INTO isms_context_date (sUserName, nUserId, fkContext, nAction, ddate) VALUES ('Realiso Online',0,6356,2902,NOW());

INSERT INTO isms_context (pkContext,nType,nState) VALUES (6358,2814,2702);
INSERT INTO rm_best_practice_standard (fkContext,fkStandard,fkBestPractice) VALUES (6358,6258,6357);
INSERT INTO isms_context_date (sUserName, nUserId, fkContext, nAction, ddate) VALUES ('Realiso Online',0,6358,2901,NOW());
INSERT INTO isms_context_date (sUserName, nUserId, fkContext, nAction, ddate) VALUES ('Realiso Online',0,6358,2902,NOW());

INSERT INTO isms_context (pkContext,nType,nState) VALUES (6360,2814,2702);
INSERT INTO rm_best_practice_standard (fkContext,fkStandard,fkBestPractice) VALUES (6360,6258,6359);
INSERT INTO isms_context_date (sUserName, nUserId, fkContext, nAction, ddate) VALUES ('Realiso Online',0,6360,2901,NOW());
INSERT INTO isms_context_date (sUserName, nUserId, fkContext, nAction, ddate) VALUES ('Realiso Online',0,6360,2902,NOW());

INSERT INTO isms_context (pkContext,nType,nState) VALUES (6362,2814,2702);
INSERT INTO rm_best_practice_standard (fkContext,fkStandard,fkBestPractice) VALUES (6362,6258,6361);
INSERT INTO isms_context_date (sUserName, nUserId, fkContext, nAction, ddate) VALUES ('Realiso Online',0,6362,2901,NOW());
INSERT INTO isms_context_date (sUserName, nUserId, fkContext, nAction, ddate) VALUES ('Realiso Online',0,6362,2902,NOW());

INSERT INTO isms_context (pkContext,nType,nState) VALUES (6364,2814,2702);
INSERT INTO rm_best_practice_standard (fkContext,fkStandard,fkBestPractice) VALUES (6364,6258,6363);
INSERT INTO isms_context_date (sUserName, nUserId, fkContext, nAction, ddate) VALUES ('Realiso Online',0,6364,2901,NOW());
INSERT INTO isms_context_date (sUserName, nUserId, fkContext, nAction, ddate) VALUES ('Realiso Online',0,6364,2902,NOW());

INSERT INTO isms_context (pkContext,nType,nState) VALUES (6367,2814,2702);
INSERT INTO rm_best_practice_standard (fkContext,fkStandard,fkBestPractice) VALUES (6367,6258,6366);
INSERT INTO isms_context_date (sUserName, nUserId, fkContext, nAction, ddate) VALUES ('Realiso Online',0,6367,2901,NOW());
INSERT INTO isms_context_date (sUserName, nUserId, fkContext, nAction, ddate) VALUES ('Realiso Online',0,6367,2902,NOW());

INSERT INTO isms_context (pkContext,nType,nState) VALUES (6369,2814,2702);
INSERT INTO rm_best_practice_standard (fkContext,fkStandard,fkBestPractice) VALUES (6369,6258,6368);
INSERT INTO isms_context_date (sUserName, nUserId, fkContext, nAction, ddate) VALUES ('Realiso Online',0,6369,2901,NOW());
INSERT INTO isms_context_date (sUserName, nUserId, fkContext, nAction, ddate) VALUES ('Realiso Online',0,6369,2902,NOW());

INSERT INTO isms_context (pkContext,nType,nState) VALUES (6371,2814,2702);
INSERT INTO rm_best_practice_standard (fkContext,fkStandard,fkBestPractice) VALUES (6371,6258,6370);
INSERT INTO isms_context_date (sUserName, nUserId, fkContext, nAction, ddate) VALUES ('Realiso Online',0,6371,2901,NOW());
INSERT INTO isms_context_date (sUserName, nUserId, fkContext, nAction, ddate) VALUES ('Realiso Online',0,6371,2902,NOW());

INSERT INTO isms_context (pkContext,nType,nState) VALUES (6374,2814,2702);
INSERT INTO rm_best_practice_standard (fkContext,fkStandard,fkBestPractice) VALUES (6374,6258,6373);
INSERT INTO isms_context_date (sUserName, nUserId, fkContext, nAction, ddate) VALUES ('Realiso Online',0,6374,2901,NOW());
INSERT INTO isms_context_date (sUserName, nUserId, fkContext, nAction, ddate) VALUES ('Realiso Online',0,6374,2902,NOW());

INSERT INTO isms_context (pkContext,nType,nState) VALUES (6376,2814,2702);
INSERT INTO rm_best_practice_standard (fkContext,fkStandard,fkBestPractice) VALUES (6376,6258,6375);
INSERT INTO isms_context_date (sUserName, nUserId, fkContext, nAction, ddate) VALUES ('Realiso Online',0,6376,2901,NOW());
INSERT INTO isms_context_date (sUserName, nUserId, fkContext, nAction, ddate) VALUES ('Realiso Online',0,6376,2902,NOW());

INSERT INTO isms_context (pkContext,nType,nState) VALUES (6378,2814,2702);
INSERT INTO rm_best_practice_standard (fkContext,fkStandard,fkBestPractice) VALUES (6378,6258,6377);
INSERT INTO isms_context_date (sUserName, nUserId, fkContext, nAction, ddate) VALUES ('Realiso Online',0,6378,2901,NOW());
INSERT INTO isms_context_date (sUserName, nUserId, fkContext, nAction, ddate) VALUES ('Realiso Online',0,6378,2902,NOW());

INSERT INTO isms_context (pkContext,nType,nState) VALUES (6381,2814,2702);
INSERT INTO rm_best_practice_standard (fkContext,fkStandard,fkBestPractice) VALUES (6381,6258,6380);
INSERT INTO isms_context_date (sUserName, nUserId, fkContext, nAction, ddate) VALUES ('Realiso Online',0,6381,2901,NOW());
INSERT INTO isms_context_date (sUserName, nUserId, fkContext, nAction, ddate) VALUES ('Realiso Online',0,6381,2902,NOW());

INSERT INTO isms_context (pkContext,nType,nState) VALUES (6383,2814,2702);
INSERT INTO rm_best_practice_standard (fkContext,fkStandard,fkBestPractice) VALUES (6383,6258,6382);
INSERT INTO isms_context_date (sUserName, nUserId, fkContext, nAction, ddate) VALUES ('Realiso Online',0,6383,2901,NOW());
INSERT INTO isms_context_date (sUserName, nUserId, fkContext, nAction, ddate) VALUES ('Realiso Online',0,6383,2902,NOW());

INSERT INTO isms_context (pkContext,nType,nState) VALUES (6385,2814,2702);
INSERT INTO rm_best_practice_standard (fkContext,fkStandard,fkBestPractice) VALUES (6385,6258,6384);
INSERT INTO isms_context_date (sUserName, nUserId, fkContext, nAction, ddate) VALUES ('Realiso Online',0,6385,2901,NOW());
INSERT INTO isms_context_date (sUserName, nUserId, fkContext, nAction, ddate) VALUES ('Realiso Online',0,6385,2902,NOW());

INSERT INTO isms_context (pkContext,nType,nState) VALUES (6387,2814,2702);
INSERT INTO rm_best_practice_standard (fkContext,fkStandard,fkBestPractice) VALUES (6387,6258,6386);
INSERT INTO isms_context_date (sUserName, nUserId, fkContext, nAction, ddate) VALUES ('Realiso Online',0,6387,2901,NOW());
INSERT INTO isms_context_date (sUserName, nUserId, fkContext, nAction, ddate) VALUES ('Realiso Online',0,6387,2902,NOW());

INSERT INTO isms_context (pkContext,nType,nState) VALUES (6389,2814,2702);
INSERT INTO rm_best_practice_standard (fkContext,fkStandard,fkBestPractice) VALUES (6389,6258,6388);
INSERT INTO isms_context_date (sUserName, nUserId, fkContext, nAction, ddate) VALUES ('Realiso Online',0,6389,2901,NOW());
INSERT INTO isms_context_date (sUserName, nUserId, fkContext, nAction, ddate) VALUES ('Realiso Online',0,6389,2902,NOW());

INSERT INTO isms_context (pkContext,nType,nState) VALUES (6391,2814,2702);
INSERT INTO rm_best_practice_standard (fkContext,fkStandard,fkBestPractice) VALUES (6391,6258,6390);
INSERT INTO isms_context_date (sUserName, nUserId, fkContext, nAction, ddate) VALUES ('Realiso Online',0,6391,2901,NOW());
INSERT INTO isms_context_date (sUserName, nUserId, fkContext, nAction, ddate) VALUES ('Realiso Online',0,6391,2902,NOW());

INSERT INTO isms_context (pkContext,nType,nState) VALUES (6393,2814,2702);
INSERT INTO rm_best_practice_standard (fkContext,fkStandard,fkBestPractice) VALUES (6393,6258,6392);
INSERT INTO isms_context_date (sUserName, nUserId, fkContext, nAction, ddate) VALUES ('Realiso Online',0,6393,2901,NOW());
INSERT INTO isms_context_date (sUserName, nUserId, fkContext, nAction, ddate) VALUES ('Realiso Online',0,6393,2902,NOW());

INSERT INTO isms_context (pkContext,nType,nState) VALUES (6395,2814,2702);
INSERT INTO rm_best_practice_standard (fkContext,fkStandard,fkBestPractice) VALUES (6395,6258,6394);
INSERT INTO isms_context_date (sUserName, nUserId, fkContext, nAction, ddate) VALUES ('Realiso Online',0,6395,2901,NOW());
INSERT INTO isms_context_date (sUserName, nUserId, fkContext, nAction, ddate) VALUES ('Realiso Online',0,6395,2902,NOW());

INSERT INTO isms_context (pkContext,nType,nState) VALUES (6397,2814,2702);
INSERT INTO rm_best_practice_standard (fkContext,fkStandard,fkBestPractice) VALUES (6397,6258,6396);
INSERT INTO isms_context_date (sUserName, nUserId, fkContext, nAction, ddate) VALUES ('Realiso Online',0,6397,2901,NOW());
INSERT INTO isms_context_date (sUserName, nUserId, fkContext, nAction, ddate) VALUES ('Realiso Online',0,6397,2902,NOW());

INSERT INTO isms_context (pkContext,nType,nState) VALUES (6399,2814,2702);
INSERT INTO rm_best_practice_standard (fkContext,fkStandard,fkBestPractice) VALUES (6399,6258,6398);
INSERT INTO isms_context_date (sUserName, nUserId, fkContext, nAction, ddate) VALUES ('Realiso Online',0,6399,2901,NOW());
INSERT INTO isms_context_date (sUserName, nUserId, fkContext, nAction, ddate) VALUES ('Realiso Online',0,6399,2902,NOW());

INSERT INTO isms_context (pkContext,nType,nState) VALUES (6401,2814,2702);
INSERT INTO rm_best_practice_standard (fkContext,fkStandard,fkBestPractice) VALUES (6401,6258,6400);
INSERT INTO isms_context_date (sUserName, nUserId, fkContext, nAction, ddate) VALUES ('Realiso Online',0,6401,2901,NOW());
INSERT INTO isms_context_date (sUserName, nUserId, fkContext, nAction, ddate) VALUES ('Realiso Online',0,6401,2902,NOW());

INSERT INTO isms_context (pkContext,nType,nState) VALUES (6403,2814,2702);
INSERT INTO rm_best_practice_standard (fkContext,fkStandard,fkBestPractice) VALUES (6403,6258,6402);
INSERT INTO isms_context_date (sUserName, nUserId, fkContext, nAction, ddate) VALUES ('Realiso Online',0,6403,2901,NOW());
INSERT INTO isms_context_date (sUserName, nUserId, fkContext, nAction, ddate) VALUES ('Realiso Online',0,6403,2902,NOW());

INSERT INTO isms_context (pkContext,nType,nState) VALUES (6405,2814,2702);
INSERT INTO rm_best_practice_standard (fkContext,fkStandard,fkBestPractice) VALUES (6405,6258,6404);
INSERT INTO isms_context_date (sUserName, nUserId, fkContext, nAction, ddate) VALUES ('Realiso Online',0,6405,2901,NOW());
INSERT INTO isms_context_date (sUserName, nUserId, fkContext, nAction, ddate) VALUES ('Realiso Online',0,6405,2902,NOW());

INSERT INTO isms_context (pkContext,nType,nState) VALUES (6407,2814,2702);
INSERT INTO rm_best_practice_standard (fkContext,fkStandard,fkBestPractice) VALUES (6407,6258,6406);
INSERT INTO isms_context_date (sUserName, nUserId, fkContext, nAction, ddate) VALUES ('Realiso Online',0,6407,2901,NOW());
INSERT INTO isms_context_date (sUserName, nUserId, fkContext, nAction, ddate) VALUES ('Realiso Online',0,6407,2902,NOW());

INSERT INTO isms_context (pkContext,nType,nState) VALUES (6409,2814,2702);
INSERT INTO rm_best_practice_standard (fkContext,fkStandard,fkBestPractice) VALUES (6409,6258,6408);
INSERT INTO isms_context_date (sUserName, nUserId, fkContext, nAction, ddate) VALUES ('Realiso Online',0,6409,2901,NOW());
INSERT INTO isms_context_date (sUserName, nUserId, fkContext, nAction, ddate) VALUES ('Realiso Online',0,6409,2902,NOW());

INSERT INTO isms_context (pkContext,nType,nState) VALUES (6411,2814,2702);
INSERT INTO rm_best_practice_standard (fkContext,fkStandard,fkBestPractice) VALUES (6411,6258,6410);
INSERT INTO isms_context_date (sUserName, nUserId, fkContext, nAction, ddate) VALUES ('Realiso Online',0,6411,2901,NOW());
INSERT INTO isms_context_date (sUserName, nUserId, fkContext, nAction, ddate) VALUES ('Realiso Online',0,6411,2902,NOW());

INSERT INTO isms_context (pkContext,nType,nState) VALUES (6413,2814,2702);
INSERT INTO rm_best_practice_standard (fkContext,fkStandard,fkBestPractice) VALUES (6413,6258,6412);
INSERT INTO isms_context_date (sUserName, nUserId, fkContext, nAction, ddate) VALUES ('Realiso Online',0,6413,2901,NOW());
INSERT INTO isms_context_date (sUserName, nUserId, fkContext, nAction, ddate) VALUES ('Realiso Online',0,6413,2902,NOW());

INSERT INTO isms_context (pkContext,nType,nState) VALUES (6415,2814,2702);
INSERT INTO rm_best_practice_standard (fkContext,fkStandard,fkBestPractice) VALUES (6415,6258,6414);
INSERT INTO isms_context_date (sUserName, nUserId, fkContext, nAction, ddate) VALUES ('Realiso Online',0,6415,2901,NOW());
INSERT INTO isms_context_date (sUserName, nUserId, fkContext, nAction, ddate) VALUES ('Realiso Online',0,6415,2902,NOW());

INSERT INTO isms_context (pkContext,nType,nState) VALUES (6417,2814,2702);
INSERT INTO rm_best_practice_standard (fkContext,fkStandard,fkBestPractice) VALUES (6417,6258,6416);
INSERT INTO isms_context_date (sUserName, nUserId, fkContext, nAction, ddate) VALUES ('Realiso Online',0,6417,2901,NOW());
INSERT INTO isms_context_date (sUserName, nUserId, fkContext, nAction, ddate) VALUES ('Realiso Online',0,6417,2902,NOW());

INSERT INTO isms_context (pkContext,nType,nState) VALUES (6419,2814,2702);
INSERT INTO rm_best_practice_standard (fkContext,fkStandard,fkBestPractice) VALUES (6419,6258,6418);
INSERT INTO isms_context_date (sUserName, nUserId, fkContext, nAction, ddate) VALUES ('Realiso Online',0,6419,2901,NOW());
INSERT INTO isms_context_date (sUserName, nUserId, fkContext, nAction, ddate) VALUES ('Realiso Online',0,6419,2902,NOW());

INSERT INTO isms_context (pkContext,nType,nState) VALUES (6421,2814,2702);
INSERT INTO rm_best_practice_standard (fkContext,fkStandard,fkBestPractice) VALUES (6421,6258,6420);
INSERT INTO isms_context_date (sUserName, nUserId, fkContext, nAction, ddate) VALUES ('Realiso Online',0,6421,2901,NOW());
INSERT INTO isms_context_date (sUserName, nUserId, fkContext, nAction, ddate) VALUES ('Realiso Online',0,6421,2902,NOW());

INSERT INTO isms_context (pkContext,nType,nState) VALUES (6423,2814,2702);
INSERT INTO rm_best_practice_standard (fkContext,fkStandard,fkBestPractice) VALUES (6423,6258,6422);
INSERT INTO isms_context_date (sUserName, nUserId, fkContext, nAction, ddate) VALUES ('Realiso Online',0,6423,2901,NOW());
INSERT INTO isms_context_date (sUserName, nUserId, fkContext, nAction, ddate) VALUES ('Realiso Online',0,6423,2902,NOW());

INSERT INTO isms_context (pkContext,nType,nState) VALUES (6425,2814,2702);
INSERT INTO rm_best_practice_standard (fkContext,fkStandard,fkBestPractice) VALUES (6425,6258,6424);
INSERT INTO isms_context_date (sUserName, nUserId, fkContext, nAction, ddate) VALUES ('Realiso Online',0,6425,2901,NOW());
INSERT INTO isms_context_date (sUserName, nUserId, fkContext, nAction, ddate) VALUES ('Realiso Online',0,6425,2902,NOW());

INSERT INTO isms_context (pkContext,nType,nState) VALUES (6427,2814,2702);
INSERT INTO rm_best_practice_standard (fkContext,fkStandard,fkBestPractice) VALUES (6427,6258,6426);
INSERT INTO isms_context_date (sUserName, nUserId, fkContext, nAction, ddate) VALUES ('Realiso Online',0,6427,2901,NOW());
INSERT INTO isms_context_date (sUserName, nUserId, fkContext, nAction, ddate) VALUES ('Realiso Online',0,6427,2902,NOW());

INSERT INTO isms_context (pkContext,nType,nState) VALUES (6429,2814,2702);
INSERT INTO rm_best_practice_standard (fkContext,fkStandard,fkBestPractice) VALUES (6429,6258,6428);
INSERT INTO isms_context_date (sUserName, nUserId, fkContext, nAction, ddate) VALUES ('Realiso Online',0,6429,2901,NOW());
INSERT INTO isms_context_date (sUserName, nUserId, fkContext, nAction, ddate) VALUES ('Realiso Online',0,6429,2902,NOW());

INSERT INTO isms_context (pkContext,nType,nState) VALUES (6431,2814,2702);
INSERT INTO rm_best_practice_standard (fkContext,fkStandard,fkBestPractice) VALUES (6431,6258,6430);
INSERT INTO isms_context_date (sUserName, nUserId, fkContext, nAction, ddate) VALUES ('Realiso Online',0,6431,2901,NOW());
INSERT INTO isms_context_date (sUserName, nUserId, fkContext, nAction, ddate) VALUES ('Realiso Online',0,6431,2902,NOW());

INSERT INTO isms_context (pkContext,nType,nState) VALUES (6433,2814,2702);
INSERT INTO rm_best_practice_standard (fkContext,fkStandard,fkBestPractice) VALUES (6433,6258,6432);
INSERT INTO isms_context_date (sUserName, nUserId, fkContext, nAction, ddate) VALUES ('Realiso Online',0,6433,2901,NOW());
INSERT INTO isms_context_date (sUserName, nUserId, fkContext, nAction, ddate) VALUES ('Realiso Online',0,6433,2902,NOW());

INSERT INTO isms_context (pkContext,nType,nState) VALUES (6435,2814,2702);
INSERT INTO rm_best_practice_standard (fkContext,fkStandard,fkBestPractice) VALUES (6435,6258,6434);
INSERT INTO isms_context_date (sUserName, nUserId, fkContext, nAction, ddate) VALUES ('Realiso Online',0,6435,2901,NOW());
INSERT INTO isms_context_date (sUserName, nUserId, fkContext, nAction, ddate) VALUES ('Realiso Online',0,6435,2902,NOW());

INSERT INTO isms_context (pkContext,nType,nState) VALUES (6437,2814,2702);
INSERT INTO rm_best_practice_standard (fkContext,fkStandard,fkBestPractice) VALUES (6437,6258,6436);
INSERT INTO isms_context_date (sUserName, nUserId, fkContext, nAction, ddate) VALUES ('Realiso Online',0,6437,2901,NOW());
INSERT INTO isms_context_date (sUserName, nUserId, fkContext, nAction, ddate) VALUES ('Realiso Online',0,6437,2902,NOW());

INSERT INTO isms_context (pkContext,nType,nState) VALUES (6439,2814,2702);
INSERT INTO rm_best_practice_standard (fkContext,fkStandard,fkBestPractice) VALUES (6439,6258,6438);
INSERT INTO isms_context_date (sUserName, nUserId, fkContext, nAction, ddate) VALUES ('Realiso Online',0,6439,2901,NOW());
INSERT INTO isms_context_date (sUserName, nUserId, fkContext, nAction, ddate) VALUES ('Realiso Online',0,6439,2902,NOW());

INSERT INTO isms_context (pkContext,nType,nState) VALUES (6441,2814,2702);
INSERT INTO rm_best_practice_standard (fkContext,fkStandard,fkBestPractice) VALUES (6441,6258,6440);
INSERT INTO isms_context_date (sUserName, nUserId, fkContext, nAction, ddate) VALUES ('Realiso Online',0,6441,2901,NOW());
INSERT INTO isms_context_date (sUserName, nUserId, fkContext, nAction, ddate) VALUES ('Realiso Online',0,6441,2902,NOW());

INSERT INTO isms_context (pkContext,nType,nState) VALUES (6443,2814,2702);
INSERT INTO rm_best_practice_standard (fkContext,fkStandard,fkBestPractice) VALUES (6443,6258,6442);
INSERT INTO isms_context_date (sUserName, nUserId, fkContext, nAction, ddate) VALUES ('Realiso Online',0,6443,2901,NOW());
INSERT INTO isms_context_date (sUserName, nUserId, fkContext, nAction, ddate) VALUES ('Realiso Online',0,6443,2902,NOW());

INSERT INTO isms_context (pkContext,nType,nState) VALUES (6446,2814,2702);
INSERT INTO rm_best_practice_standard (fkContext,fkStandard,fkBestPractice) VALUES (6446,6258,6445);
INSERT INTO isms_context_date (sUserName, nUserId, fkContext, nAction, ddate) VALUES ('Realiso Online',0,6446,2901,NOW());
INSERT INTO isms_context_date (sUserName, nUserId, fkContext, nAction, ddate) VALUES ('Realiso Online',0,6446,2902,NOW());

INSERT INTO isms_context (pkContext,nType,nState) VALUES (6448,2814,2702);
INSERT INTO rm_best_practice_standard (fkContext,fkStandard,fkBestPractice) VALUES (6448,6258,6447);
INSERT INTO isms_context_date (sUserName, nUserId, fkContext, nAction, ddate) VALUES ('Realiso Online',0,6448,2901,NOW());
INSERT INTO isms_context_date (sUserName, nUserId, fkContext, nAction, ddate) VALUES ('Realiso Online',0,6448,2902,NOW());

INSERT INTO isms_context (pkContext,nType,nState) VALUES (6450,2814,2702);
INSERT INTO rm_best_practice_standard (fkContext,fkStandard,fkBestPractice) VALUES (6450,6258,6449);
INSERT INTO isms_context_date (sUserName, nUserId, fkContext, nAction, ddate) VALUES ('Realiso Online',0,6450,2901,NOW());
INSERT INTO isms_context_date (sUserName, nUserId, fkContext, nAction, ddate) VALUES ('Realiso Online',0,6450,2902,NOW());

INSERT INTO isms_context (pkContext,nType,nState) VALUES (6452,2814,2702);
INSERT INTO rm_best_practice_standard (fkContext,fkStandard,fkBestPractice) VALUES (6452,6258,6451);
INSERT INTO isms_context_date (sUserName, nUserId, fkContext, nAction, ddate) VALUES ('Realiso Online',0,6452,2901,NOW());
INSERT INTO isms_context_date (sUserName, nUserId, fkContext, nAction, ddate) VALUES ('Realiso Online',0,6452,2902,NOW());

INSERT INTO isms_context (pkContext,nType,nState) VALUES (6454,2814,2702);
INSERT INTO rm_best_practice_standard (fkContext,fkStandard,fkBestPractice) VALUES (6454,6258,6453);
INSERT INTO isms_context_date (sUserName, nUserId, fkContext, nAction, ddate) VALUES ('Realiso Online',0,6454,2901,NOW());
INSERT INTO isms_context_date (sUserName, nUserId, fkContext, nAction, ddate) VALUES ('Realiso Online',0,6454,2902,NOW());

INSERT INTO isms_context (pkContext,nType,nState) VALUES (6456,2814,2702);
INSERT INTO rm_best_practice_standard (fkContext,fkStandard,fkBestPractice) VALUES (6456,6258,6455);
INSERT INTO isms_context_date (sUserName, nUserId, fkContext, nAction, ddate) VALUES ('Realiso Online',0,6456,2901,NOW());
INSERT INTO isms_context_date (sUserName, nUserId, fkContext, nAction, ddate) VALUES ('Realiso Online',0,6456,2902,NOW());

INSERT INTO isms_context (pkContext,nType,nState) VALUES (6458,2814,2702);
INSERT INTO rm_best_practice_standard (fkContext,fkStandard,fkBestPractice) VALUES (6458,6258,6457);
INSERT INTO isms_context_date (sUserName, nUserId, fkContext, nAction, ddate) VALUES ('Realiso Online',0,6458,2901,NOW());
INSERT INTO isms_context_date (sUserName, nUserId, fkContext, nAction, ddate) VALUES ('Realiso Online',0,6458,2902,NOW());

INSERT INTO isms_context (pkContext,nType,nState) VALUES (6460,2814,2702);
INSERT INTO rm_best_practice_standard (fkContext,fkStandard,fkBestPractice) VALUES (6460,6258,6459);
INSERT INTO isms_context_date (sUserName, nUserId, fkContext, nAction, ddate) VALUES ('Realiso Online',0,6460,2901,NOW());
INSERT INTO isms_context_date (sUserName, nUserId, fkContext, nAction, ddate) VALUES ('Realiso Online',0,6460,2902,NOW());

INSERT INTO isms_context (pkContext,nType,nState) VALUES (6462,2814,2702);
INSERT INTO rm_best_practice_standard (fkContext,fkStandard,fkBestPractice) VALUES (6462,6258,6461);
INSERT INTO isms_context_date (sUserName, nUserId, fkContext, nAction, ddate) VALUES ('Realiso Online',0,6462,2901,NOW());
INSERT INTO isms_context_date (sUserName, nUserId, fkContext, nAction, ddate) VALUES ('Realiso Online',0,6462,2902,NOW());

INSERT INTO isms_context (pkContext,nType,nState) VALUES (6465,2814,2702);
INSERT INTO rm_best_practice_standard (fkContext,fkStandard,fkBestPractice) VALUES (6465,6258,6464);
INSERT INTO isms_context_date (sUserName, nUserId, fkContext, nAction, ddate) VALUES ('Realiso Online',0,6465,2901,NOW());
INSERT INTO isms_context_date (sUserName, nUserId, fkContext, nAction, ddate) VALUES ('Realiso Online',0,6465,2902,NOW());

INSERT INTO isms_context (pkContext,nType,nState) VALUES (6467,2814,2702);
INSERT INTO rm_best_practice_standard (fkContext,fkStandard,fkBestPractice) VALUES (6467,6258,6466);
INSERT INTO isms_context_date (sUserName, nUserId, fkContext, nAction, ddate) VALUES ('Realiso Online',0,6467,2901,NOW());
INSERT INTO isms_context_date (sUserName, nUserId, fkContext, nAction, ddate) VALUES ('Realiso Online',0,6467,2902,NOW());

INSERT INTO isms_context (pkContext,nType,nState) VALUES (6469,2814,2702);
INSERT INTO rm_best_practice_standard (fkContext,fkStandard,fkBestPractice) VALUES (6469,6258,6468);
INSERT INTO isms_context_date (sUserName, nUserId, fkContext, nAction, ddate) VALUES ('Realiso Online',0,6469,2901,NOW());
INSERT INTO isms_context_date (sUserName, nUserId, fkContext, nAction, ddate) VALUES ('Realiso Online',0,6469,2902,NOW());

INSERT INTO isms_context (pkContext,nType,nState) VALUES (6471,2814,2702);
INSERT INTO rm_best_practice_standard (fkContext,fkStandard,fkBestPractice) VALUES (6471,6258,6470);
INSERT INTO isms_context_date (sUserName, nUserId, fkContext, nAction, ddate) VALUES ('Realiso Online',0,6471,2901,NOW());
INSERT INTO isms_context_date (sUserName, nUserId, fkContext, nAction, ddate) VALUES ('Realiso Online',0,6471,2902,NOW());

INSERT INTO isms_context (pkContext,nType,nState) VALUES (6473,2814,2702);
INSERT INTO rm_best_practice_standard (fkContext,fkStandard,fkBestPractice) VALUES (6473,6258,6472);
INSERT INTO isms_context_date (sUserName, nUserId, fkContext, nAction, ddate) VALUES ('Realiso Online',0,6473,2901,NOW());
INSERT INTO isms_context_date (sUserName, nUserId, fkContext, nAction, ddate) VALUES ('Realiso Online',0,6473,2902,NOW());

INSERT INTO isms_context (pkContext,nType,nState) VALUES (6475,2814,2702);
INSERT INTO rm_best_practice_standard (fkContext,fkStandard,fkBestPractice) VALUES (6475,6258,6474);
INSERT INTO isms_context_date (sUserName, nUserId, fkContext, nAction, ddate) VALUES ('Realiso Online',0,6475,2901,NOW());
INSERT INTO isms_context_date (sUserName, nUserId, fkContext, nAction, ddate) VALUES ('Realiso Online',0,6475,2902,NOW());

INSERT INTO isms_context (pkContext,nType,nState) VALUES (6477,2814,2702);
INSERT INTO rm_best_practice_standard (fkContext,fkStandard,fkBestPractice) VALUES (6477,6258,6476);
INSERT INTO isms_context_date (sUserName, nUserId, fkContext, nAction, ddate) VALUES ('Realiso Online',0,6477,2901,NOW());
INSERT INTO isms_context_date (sUserName, nUserId, fkContext, nAction, ddate) VALUES ('Realiso Online',0,6477,2902,NOW());

INSERT INTO isms_context (pkContext,nType,nState) VALUES (6479,2814,2702);
INSERT INTO rm_best_practice_standard (fkContext,fkStandard,fkBestPractice) VALUES (6479,6258,6478);
INSERT INTO isms_context_date (sUserName, nUserId, fkContext, nAction, ddate) VALUES ('Realiso Online',0,6479,2901,NOW());
INSERT INTO isms_context_date (sUserName, nUserId, fkContext, nAction, ddate) VALUES ('Realiso Online',0,6479,2902,NOW());

INSERT INTO isms_context (pkContext,nType,nState) VALUES (6481,2814,2702);
INSERT INTO rm_best_practice_standard (fkContext,fkStandard,fkBestPractice) VALUES (6481,6258,6480);
INSERT INTO isms_context_date (sUserName, nUserId, fkContext, nAction, ddate) VALUES ('Realiso Online',0,6481,2901,NOW());
INSERT INTO isms_context_date (sUserName, nUserId, fkContext, nAction, ddate) VALUES ('Realiso Online',0,6481,2902,NOW());

INSERT INTO isms_context (pkContext,nType,nState) VALUES (6483,2814,2702);
INSERT INTO rm_best_practice_standard (fkContext,fkStandard,fkBestPractice) VALUES (6483,6258,6482);
INSERT INTO isms_context_date (sUserName, nUserId, fkContext, nAction, ddate) VALUES ('Realiso Online',0,6483,2901,NOW());
INSERT INTO isms_context_date (sUserName, nUserId, fkContext, nAction, ddate) VALUES ('Realiso Online',0,6483,2902,NOW());

INSERT INTO isms_context (pkContext,nType,nState) VALUES (6485,2814,2702);
INSERT INTO rm_best_practice_standard (fkContext,fkStandard,fkBestPractice) VALUES (6485,6258,6484);
INSERT INTO isms_context_date (sUserName, nUserId, fkContext, nAction, ddate) VALUES ('Realiso Online',0,6485,2901,NOW());
INSERT INTO isms_context_date (sUserName, nUserId, fkContext, nAction, ddate) VALUES ('Realiso Online',0,6485,2902,NOW());

INSERT INTO isms_context (pkContext,nType,nState) VALUES (6487,2814,2702);
INSERT INTO rm_best_practice_standard (fkContext,fkStandard,fkBestPractice) VALUES (6487,6258,6486);
INSERT INTO isms_context_date (sUserName, nUserId, fkContext, nAction, ddate) VALUES ('Realiso Online',0,6487,2901,NOW());
INSERT INTO isms_context_date (sUserName, nUserId, fkContext, nAction, ddate) VALUES ('Realiso Online',0,6487,2902,NOW());

INSERT INTO isms_context (pkContext,nType,nState) VALUES (6489,2814,2702);
INSERT INTO rm_best_practice_standard (fkContext,fkStandard,fkBestPractice) VALUES (6489,6258,6488);
INSERT INTO isms_context_date (sUserName, nUserId, fkContext, nAction, ddate) VALUES ('Realiso Online',0,6489,2901,NOW());
INSERT INTO isms_context_date (sUserName, nUserId, fkContext, nAction, ddate) VALUES ('Realiso Online',0,6489,2902,NOW());

INSERT INTO isms_context (pkContext,nType,nState) VALUES (6491,2814,2702);
INSERT INTO rm_best_practice_standard (fkContext,fkStandard,fkBestPractice) VALUES (6491,6258,6490);
INSERT INTO isms_context_date (sUserName, nUserId, fkContext, nAction, ddate) VALUES ('Realiso Online',0,6491,2901,NOW());
INSERT INTO isms_context_date (sUserName, nUserId, fkContext, nAction, ddate) VALUES ('Realiso Online',0,6491,2902,NOW());

INSERT INTO isms_context (pkContext,nType,nState) VALUES (6493,2814,2702);
INSERT INTO rm_best_practice_standard (fkContext,fkStandard,fkBestPractice) VALUES (6493,6258,6492);
INSERT INTO isms_context_date (sUserName, nUserId, fkContext, nAction, ddate) VALUES ('Realiso Online',0,6493,2901,NOW());
INSERT INTO isms_context_date (sUserName, nUserId, fkContext, nAction, ddate) VALUES ('Realiso Online',0,6493,2902,NOW());

INSERT INTO isms_context (pkContext,nType,nState) VALUES (6495,2814,2702);
INSERT INTO rm_best_practice_standard (fkContext,fkStandard,fkBestPractice) VALUES (6495,6258,6494);
INSERT INTO isms_context_date (sUserName, nUserId, fkContext, nAction, ddate) VALUES ('Realiso Online',0,6495,2901,NOW());
INSERT INTO isms_context_date (sUserName, nUserId, fkContext, nAction, ddate) VALUES ('Realiso Online',0,6495,2902,NOW());

INSERT INTO isms_context (pkContext,nType,nState) VALUES (6497,2814,2702);
INSERT INTO rm_best_practice_standard (fkContext,fkStandard,fkBestPractice) VALUES (6497,6258,6496);
INSERT INTO isms_context_date (sUserName, nUserId, fkContext, nAction, ddate) VALUES ('Realiso Online',0,6497,2901,NOW());
INSERT INTO isms_context_date (sUserName, nUserId, fkContext, nAction, ddate) VALUES ('Realiso Online',0,6497,2902,NOW());

INSERT INTO isms_context (pkContext,nType,nState) VALUES (6499,2814,2702);
INSERT INTO rm_best_practice_standard (fkContext,fkStandard,fkBestPractice) VALUES (6499,6258,6498);
INSERT INTO isms_context_date (sUserName, nUserId, fkContext, nAction, ddate) VALUES ('Realiso Online',0,6499,2901,NOW());
INSERT INTO isms_context_date (sUserName, nUserId, fkContext, nAction, ddate) VALUES ('Realiso Online',0,6499,2902,NOW());

INSERT INTO isms_context (pkContext,nType,nState) VALUES (6500,2814,2702);
INSERT INTO rm_best_practice_standard (fkContext,fkStandard,fkBestPractice) VALUES (6500,6258,6498);
INSERT INTO isms_context_date (sUserName, nUserId, fkContext, nAction, ddate) VALUES ('Realiso Online',0,6500,2901,NOW());
INSERT INTO isms_context_date (sUserName, nUserId, fkContext, nAction, ddate) VALUES ('Realiso Online',0,6500,2902,NOW());

INSERT INTO isms_context (pkContext,nType,nState) VALUES (6502,2814,2702);
INSERT INTO rm_best_practice_standard (fkContext,fkStandard,fkBestPractice) VALUES (6502,6258,6501);
INSERT INTO isms_context_date (sUserName, nUserId, fkContext, nAction, ddate) VALUES ('Realiso Online',0,6502,2901,NOW());
INSERT INTO isms_context_date (sUserName, nUserId, fkContext, nAction, ddate) VALUES ('Realiso Online',0,6502,2902,NOW());

INSERT INTO isms_context (pkContext,nType,nState) VALUES (6504,2814,2702);
INSERT INTO rm_best_practice_standard (fkContext,fkStandard,fkBestPractice) VALUES (6504,6258,6503);
INSERT INTO isms_context_date (sUserName, nUserId, fkContext, nAction, ddate) VALUES ('Realiso Online',0,6504,2901,NOW());
INSERT INTO isms_context_date (sUserName, nUserId, fkContext, nAction, ddate) VALUES ('Realiso Online',0,6504,2902,NOW());

INSERT INTO isms_context (pkContext,nType,nState) VALUES (6506,2814,2702);
INSERT INTO rm_best_practice_standard (fkContext,fkStandard,fkBestPractice) VALUES (6506,6258,6505);
INSERT INTO isms_context_date (sUserName, nUserId, fkContext, nAction, ddate) VALUES ('Realiso Online',0,6506,2901,NOW());
INSERT INTO isms_context_date (sUserName, nUserId, fkContext, nAction, ddate) VALUES ('Realiso Online',0,6506,2902,NOW());

INSERT INTO isms_context (pkContext,nType,nState) VALUES (6509,2814,2702);
INSERT INTO rm_best_practice_standard (fkContext,fkStandard,fkBestPractice) VALUES (6509,6258,6508);
INSERT INTO isms_context_date (sUserName, nUserId, fkContext, nAction, ddate) VALUES ('Realiso Online',0,6509,2901,NOW());
INSERT INTO isms_context_date (sUserName, nUserId, fkContext, nAction, ddate) VALUES ('Realiso Online',0,6509,2902,NOW());

INSERT INTO isms_context (pkContext,nType,nState) VALUES (6511,2814,2702);
INSERT INTO rm_best_practice_standard (fkContext,fkStandard,fkBestPractice) VALUES (6511,6258,6510);
INSERT INTO isms_context_date (sUserName, nUserId, fkContext, nAction, ddate) VALUES ('Realiso Online',0,6511,2901,NOW());
INSERT INTO isms_context_date (sUserName, nUserId, fkContext, nAction, ddate) VALUES ('Realiso Online',0,6511,2902,NOW());

INSERT INTO isms_context (pkContext,nType,nState) VALUES (6513,2814,2702);
INSERT INTO rm_best_practice_standard (fkContext,fkStandard,fkBestPractice) VALUES (6513,6258,6512);
INSERT INTO isms_context_date (sUserName, nUserId, fkContext, nAction, ddate) VALUES ('Realiso Online',0,6513,2901,NOW());
INSERT INTO isms_context_date (sUserName, nUserId, fkContext, nAction, ddate) VALUES ('Realiso Online',0,6513,2902,NOW());

INSERT INTO isms_context (pkContext,nType,nState) VALUES (6515,2814,2702);
INSERT INTO rm_best_practice_standard (fkContext,fkStandard,fkBestPractice) VALUES (6515,6258,6514);
INSERT INTO isms_context_date (sUserName, nUserId, fkContext, nAction, ddate) VALUES ('Realiso Online',0,6515,2901,NOW());
INSERT INTO isms_context_date (sUserName, nUserId, fkContext, nAction, ddate) VALUES ('Realiso Online',0,6515,2902,NOW());

INSERT INTO isms_context (pkContext,nType,nState) VALUES (6517,2814,2702);
INSERT INTO rm_best_practice_standard (fkContext,fkStandard,fkBestPractice) VALUES (6517,6258,6516);
INSERT INTO isms_context_date (sUserName, nUserId, fkContext, nAction, ddate) VALUES ('Realiso Online',0,6517,2901,NOW());
INSERT INTO isms_context_date (sUserName, nUserId, fkContext, nAction, ddate) VALUES ('Realiso Online',0,6517,2902,NOW());

INSERT INTO isms_context (pkContext,nType,nState) VALUES (6519,2814,2702);
INSERT INTO rm_best_practice_standard (fkContext,fkStandard,fkBestPractice) VALUES (6519,6258,6518);
INSERT INTO isms_context_date (sUserName, nUserId, fkContext, nAction, ddate) VALUES ('Realiso Online',0,6519,2901,NOW());
INSERT INTO isms_context_date (sUserName, nUserId, fkContext, nAction, ddate) VALUES ('Realiso Online',0,6519,2902,NOW());

INSERT INTO isms_context (pkContext,nType,nState) VALUES (6521,2814,2702);
INSERT INTO rm_best_practice_standard (fkContext,fkStandard,fkBestPractice) VALUES (6521,6258,6520);
INSERT INTO isms_context_date (sUserName, nUserId, fkContext, nAction, ddate) VALUES ('Realiso Online',0,6521,2901,NOW());
INSERT INTO isms_context_date (sUserName, nUserId, fkContext, nAction, ddate) VALUES ('Realiso Online',0,6521,2902,NOW());

INSERT INTO isms_context (pkContext,nType,nState) VALUES (6523,2814,2702);
INSERT INTO rm_best_practice_standard (fkContext,fkStandard,fkBestPractice) VALUES (6523,6258,6522);
INSERT INTO isms_context_date (sUserName, nUserId, fkContext, nAction, ddate) VALUES ('Realiso Online',0,6523,2901,NOW());
INSERT INTO isms_context_date (sUserName, nUserId, fkContext, nAction, ddate) VALUES ('Realiso Online',0,6523,2902,NOW());

INSERT INTO isms_context (pkContext,nType,nState) VALUES (6525,2814,2702);
INSERT INTO rm_best_practice_standard (fkContext,fkStandard,fkBestPractice) VALUES (6525,6258,6524);
INSERT INTO isms_context_date (sUserName, nUserId, fkContext, nAction, ddate) VALUES ('Realiso Online',0,6525,2901,NOW());
INSERT INTO isms_context_date (sUserName, nUserId, fkContext, nAction, ddate) VALUES ('Realiso Online',0,6525,2902,NOW());

INSERT INTO isms_context (pkContext,nType,nState) VALUES (6527,2814,2702);
INSERT INTO rm_best_practice_standard (fkContext,fkStandard,fkBestPractice) VALUES (6527,6258,6526);
INSERT INTO isms_context_date (sUserName, nUserId, fkContext, nAction, ddate) VALUES ('Realiso Online',0,6527,2901,NOW());
INSERT INTO isms_context_date (sUserName, nUserId, fkContext, nAction, ddate) VALUES ('Realiso Online',0,6527,2902,NOW());

INSERT INTO isms_context (pkContext,nType,nState) VALUES (6529,2814,2702);
INSERT INTO rm_best_practice_standard (fkContext,fkStandard,fkBestPractice) VALUES (6529,6258,6528);
INSERT INTO isms_context_date (sUserName, nUserId, fkContext, nAction, ddate) VALUES ('Realiso Online',0,6529,2901,NOW());
INSERT INTO isms_context_date (sUserName, nUserId, fkContext, nAction, ddate) VALUES ('Realiso Online',0,6529,2902,NOW());

INSERT INTO isms_context (pkContext,nType,nState) VALUES (6531,2814,2702);
INSERT INTO rm_best_practice_standard (fkContext,fkStandard,fkBestPractice) VALUES (6531,6258,6530);
INSERT INTO isms_context_date (sUserName, nUserId, fkContext, nAction, ddate) VALUES ('Realiso Online',0,6531,2901,NOW());
INSERT INTO isms_context_date (sUserName, nUserId, fkContext, nAction, ddate) VALUES ('Realiso Online',0,6531,2902,NOW());

INSERT INTO isms_context (pkContext,nType,nState) VALUES (6533,2814,2702);
INSERT INTO rm_best_practice_standard (fkContext,fkStandard,fkBestPractice) VALUES (6533,6258,6532);
INSERT INTO isms_context_date (sUserName, nUserId, fkContext, nAction, ddate) VALUES ('Realiso Online',0,6533,2901,NOW());
INSERT INTO isms_context_date (sUserName, nUserId, fkContext, nAction, ddate) VALUES ('Realiso Online',0,6533,2902,NOW());

INSERT INTO isms_context (pkContext,nType,nState) VALUES (6535,2814,2702);
INSERT INTO rm_best_practice_standard (fkContext,fkStandard,fkBestPractice) VALUES (6535,6258,6534);
INSERT INTO isms_context_date (sUserName, nUserId, fkContext, nAction, ddate) VALUES ('Realiso Online',0,6535,2901,NOW());
INSERT INTO isms_context_date (sUserName, nUserId, fkContext, nAction, ddate) VALUES ('Realiso Online',0,6535,2902,NOW());

INSERT INTO isms_context (pkContext,nType,nState) VALUES (6537,2814,2702);
INSERT INTO rm_best_practice_standard (fkContext,fkStandard,fkBestPractice) VALUES (6537,6258,6536);
INSERT INTO isms_context_date (sUserName, nUserId, fkContext, nAction, ddate) VALUES ('Realiso Online',0,6537,2901,NOW());
INSERT INTO isms_context_date (sUserName, nUserId, fkContext, nAction, ddate) VALUES ('Realiso Online',0,6537,2902,NOW());

INSERT INTO isms_context (pkContext,nType,nState) VALUES (6539,2814,2702);
INSERT INTO rm_best_practice_standard (fkContext,fkStandard,fkBestPractice) VALUES (6539,6258,6538);
INSERT INTO isms_context_date (sUserName, nUserId, fkContext, nAction, ddate) VALUES ('Realiso Online',0,6539,2901,NOW());
INSERT INTO isms_context_date (sUserName, nUserId, fkContext, nAction, ddate) VALUES ('Realiso Online',0,6539,2902,NOW());

INSERT INTO isms_context (pkContext,nType,nState) VALUES (6541,2814,2702);
INSERT INTO rm_best_practice_standard (fkContext,fkStandard,fkBestPractice) VALUES (6541,6258,6540);
INSERT INTO isms_context_date (sUserName, nUserId, fkContext, nAction, ddate) VALUES ('Realiso Online',0,6541,2901,NOW());
INSERT INTO isms_context_date (sUserName, nUserId, fkContext, nAction, ddate) VALUES ('Realiso Online',0,6541,2902,NOW());

INSERT INTO isms_context (pkContext,nType,nState) VALUES (6543,2814,2702);
INSERT INTO rm_best_practice_standard (fkContext,fkStandard,fkBestPractice) VALUES (6543,6258,6542);
INSERT INTO isms_context_date (sUserName, nUserId, fkContext, nAction, ddate) VALUES ('Realiso Online',0,6543,2901,NOW());
INSERT INTO isms_context_date (sUserName, nUserId, fkContext, nAction, ddate) VALUES ('Realiso Online',0,6543,2902,NOW());

INSERT INTO isms_context (pkContext,nType,nState) VALUES (6545,2814,2702);
INSERT INTO rm_best_practice_standard (fkContext,fkStandard,fkBestPractice) VALUES (6545,6258,6544);
INSERT INTO isms_context_date (sUserName, nUserId, fkContext, nAction, ddate) VALUES ('Realiso Online',0,6545,2901,NOW());
INSERT INTO isms_context_date (sUserName, nUserId, fkContext, nAction, ddate) VALUES ('Realiso Online',0,6545,2902,NOW());

INSERT INTO isms_context (pkContext,nType,nState) VALUES (6547,2814,2702);
INSERT INTO rm_best_practice_standard (fkContext,fkStandard,fkBestPractice) VALUES (6547,6258,6546);
INSERT INTO isms_context_date (sUserName, nUserId, fkContext, nAction, ddate) VALUES ('Realiso Online',0,6547,2901,NOW());
INSERT INTO isms_context_date (sUserName, nUserId, fkContext, nAction, ddate) VALUES ('Realiso Online',0,6547,2902,NOW());

INSERT INTO isms_context (pkContext,nType,nState) VALUES (6549,2814,2702);
INSERT INTO rm_best_practice_standard (fkContext,fkStandard,fkBestPractice) VALUES (6549,6258,6548);
INSERT INTO isms_context_date (sUserName, nUserId, fkContext, nAction, ddate) VALUES ('Realiso Online',0,6549,2901,NOW());
INSERT INTO isms_context_date (sUserName, nUserId, fkContext, nAction, ddate) VALUES ('Realiso Online',0,6549,2902,NOW());

INSERT INTO isms_context (pkContext,nType,nState) VALUES (6553,2814,2702);
INSERT INTO rm_best_practice_standard (fkContext,fkStandard,fkBestPractice) VALUES (6553,6258,6552);
INSERT INTO isms_context_date (sUserName, nUserId, fkContext, nAction, ddate) VALUES ('Realiso Online',0,6553,2901,NOW());
INSERT INTO isms_context_date (sUserName, nUserId, fkContext, nAction, ddate) VALUES ('Realiso Online',0,6553,2902,NOW());

INSERT INTO isms_context (pkContext,nType,nState) VALUES (6555,2814,2702);
INSERT INTO rm_best_practice_standard (fkContext,fkStandard,fkBestPractice) VALUES (6555,6258,6554);
INSERT INTO isms_context_date (sUserName, nUserId, fkContext, nAction, ddate) VALUES ('Realiso Online',0,6555,2901,NOW());
INSERT INTO isms_context_date (sUserName, nUserId, fkContext, nAction, ddate) VALUES ('Realiso Online',0,6555,2902,NOW());

INSERT INTO isms_context (pkContext,nType,nState) VALUES (6557,2814,2702);
INSERT INTO rm_best_practice_standard (fkContext,fkStandard,fkBestPractice) VALUES (6557,6258,6556);
INSERT INTO isms_context_date (sUserName, nUserId, fkContext, nAction, ddate) VALUES ('Realiso Online',0,6557,2901,NOW());
INSERT INTO isms_context_date (sUserName, nUserId, fkContext, nAction, ddate) VALUES ('Realiso Online',0,6557,2902,NOW());

INSERT INTO isms_context (pkContext,nType,nState) VALUES (6559,2814,2702);
INSERT INTO rm_best_practice_standard (fkContext,fkStandard,fkBestPractice) VALUES (6559,6258,6558);
INSERT INTO isms_context_date (sUserName, nUserId, fkContext, nAction, ddate) VALUES ('Realiso Online',0,6559,2901,NOW());
INSERT INTO isms_context_date (sUserName, nUserId, fkContext, nAction, ddate) VALUES ('Realiso Online',0,6559,2902,NOW());

INSERT INTO isms_context (pkContext,nType,nState) VALUES (6561,2814,2702);
INSERT INTO rm_best_practice_standard (fkContext,fkStandard,fkBestPractice) VALUES (6561,6258,6560);
INSERT INTO isms_context_date (sUserName, nUserId, fkContext, nAction, ddate) VALUES ('Realiso Online',0,6561,2901,NOW());
INSERT INTO isms_context_date (sUserName, nUserId, fkContext, nAction, ddate) VALUES ('Realiso Online',0,6561,2902,NOW());

INSERT INTO isms_context (pkContext,nType,nState) VALUES (6563,2814,2702);
INSERT INTO rm_best_practice_standard (fkContext,fkStandard,fkBestPractice) VALUES (6563,6258,6562);
INSERT INTO isms_context_date (sUserName, nUserId, fkContext, nAction, ddate) VALUES ('Realiso Online',0,6563,2901,NOW());
INSERT INTO isms_context_date (sUserName, nUserId, fkContext, nAction, ddate) VALUES ('Realiso Online',0,6563,2902,NOW());

INSERT INTO isms_context (pkContext,nType,nState) VALUES (6565,2814,2702);
INSERT INTO rm_best_practice_standard (fkContext,fkStandard,fkBestPractice) VALUES (6565,6258,6564);
INSERT INTO isms_context_date (sUserName, nUserId, fkContext, nAction, ddate) VALUES ('Realiso Online',0,6565,2901,NOW());
INSERT INTO isms_context_date (sUserName, nUserId, fkContext, nAction, ddate) VALUES ('Realiso Online',0,6565,2902,NOW());

INSERT INTO isms_context (pkContext,nType,nState) VALUES (6567,2814,2702);
INSERT INTO rm_best_practice_standard (fkContext,fkStandard,fkBestPractice) VALUES (6567,6258,6566);
INSERT INTO isms_context_date (sUserName, nUserId, fkContext, nAction, ddate) VALUES ('Realiso Online',0,6567,2901,NOW());
INSERT INTO isms_context_date (sUserName, nUserId, fkContext, nAction, ddate) VALUES ('Realiso Online',0,6567,2902,NOW());

INSERT INTO isms_context (pkContext,nType,nState) VALUES (6569,2814,2702);
INSERT INTO rm_best_practice_standard (fkContext,fkStandard,fkBestPractice) VALUES (6569,6258,6568);
INSERT INTO isms_context_date (sUserName, nUserId, fkContext, nAction, ddate) VALUES ('Realiso Online',0,6569,2901,NOW());
INSERT INTO isms_context_date (sUserName, nUserId, fkContext, nAction, ddate) VALUES ('Realiso Online',0,6569,2902,NOW());

INSERT INTO isms_context (pkContext,nType,nState) VALUES (6571,2814,2702);
INSERT INTO rm_best_practice_standard (fkContext,fkStandard,fkBestPractice) VALUES (6571,6258,6570);
INSERT INTO isms_context_date (sUserName, nUserId, fkContext, nAction, ddate) VALUES ('Realiso Online',0,6571,2901,NOW());
INSERT INTO isms_context_date (sUserName, nUserId, fkContext, nAction, ddate) VALUES ('Realiso Online',0,6571,2902,NOW());

INSERT INTO isms_context (pkContext,nType,nState) VALUES (6573,2814,2702);
INSERT INTO rm_best_practice_standard (fkContext,fkStandard,fkBestPractice) VALUES (6573,6258,6572);
INSERT INTO isms_context_date (sUserName, nUserId, fkContext, nAction, ddate) VALUES ('Realiso Online',0,6573,2901,NOW());
INSERT INTO isms_context_date (sUserName, nUserId, fkContext, nAction, ddate) VALUES ('Realiso Online',0,6573,2902,NOW());

INSERT INTO isms_context (pkContext,nType,nState) VALUES (6575,2814,2702);
INSERT INTO rm_best_practice_standard (fkContext,fkStandard,fkBestPractice) VALUES (6575,6258,6574);
INSERT INTO isms_context_date (sUserName, nUserId, fkContext, nAction, ddate) VALUES ('Realiso Online',0,6575,2901,NOW());
INSERT INTO isms_context_date (sUserName, nUserId, fkContext, nAction, ddate) VALUES ('Realiso Online',0,6575,2902,NOW());

INSERT INTO isms_context (pkContext,nType,nState) VALUES (6577,2814,2702);
INSERT INTO rm_best_practice_standard (fkContext,fkStandard,fkBestPractice) VALUES (6577,6258,6576);
INSERT INTO isms_context_date (sUserName, nUserId, fkContext, nAction, ddate) VALUES ('Realiso Online',0,6577,2901,NOW());
INSERT INTO isms_context_date (sUserName, nUserId, fkContext, nAction, ddate) VALUES ('Realiso Online',0,6577,2902,NOW());

INSERT INTO isms_context (pkContext,nType,nState) VALUES (6579,2814,2702);
INSERT INTO rm_best_practice_standard (fkContext,fkStandard,fkBestPractice) VALUES (6579,6258,6578);
INSERT INTO isms_context_date (sUserName, nUserId, fkContext, nAction, ddate) VALUES ('Realiso Online',0,6579,2901,NOW());
INSERT INTO isms_context_date (sUserName, nUserId, fkContext, nAction, ddate) VALUES ('Realiso Online',0,6579,2902,NOW());

INSERT INTO isms_context (pkContext,nType,nState) VALUES (6581,2814,2702);
INSERT INTO rm_best_practice_standard (fkContext,fkStandard,fkBestPractice) VALUES (6581,6258,6580);
INSERT INTO isms_context_date (sUserName, nUserId, fkContext, nAction, ddate) VALUES ('Realiso Online',0,6581,2901,NOW());
INSERT INTO isms_context_date (sUserName, nUserId, fkContext, nAction, ddate) VALUES ('Realiso Online',0,6581,2902,NOW());

INSERT INTO isms_context (pkContext,nType,nState) VALUES (6583,2814,2702);
INSERT INTO rm_best_practice_standard (fkContext,fkStandard,fkBestPractice) VALUES (6583,6258,6582);
INSERT INTO isms_context_date (sUserName, nUserId, fkContext, nAction, ddate) VALUES ('Realiso Online',0,6583,2901,NOW());
INSERT INTO isms_context_date (sUserName, nUserId, fkContext, nAction, ddate) VALUES ('Realiso Online',0,6583,2902,NOW());

INSERT INTO isms_context (pkContext,nType,nState) VALUES (6585,2814,2702);
INSERT INTO rm_best_practice_standard (fkContext,fkStandard,fkBestPractice) VALUES (6585,6258,6584);
INSERT INTO isms_context_date (sUserName, nUserId, fkContext, nAction, ddate) VALUES ('Realiso Online',0,6585,2901,NOW());
INSERT INTO isms_context_date (sUserName, nUserId, fkContext, nAction, ddate) VALUES ('Realiso Online',0,6585,2902,NOW());

INSERT INTO isms_context (pkContext,nType,nState) VALUES (6587,2814,2702);
INSERT INTO rm_best_practice_standard (fkContext,fkStandard,fkBestPractice) VALUES (6587,6258,6586);
INSERT INTO isms_context_date (sUserName, nUserId, fkContext, nAction, ddate) VALUES ('Realiso Online',0,6587,2901,NOW());
INSERT INTO isms_context_date (sUserName, nUserId, fkContext, nAction, ddate) VALUES ('Realiso Online',0,6587,2902,NOW());

INSERT INTO isms_context (pkContext,nType,nState) VALUES (6589,2814,2702);
INSERT INTO rm_best_practice_standard (fkContext,fkStandard,fkBestPractice) VALUES (6589,6258,6588);
INSERT INTO isms_context_date (sUserName, nUserId, fkContext, nAction, ddate) VALUES ('Realiso Online',0,6589,2901,NOW());
INSERT INTO isms_context_date (sUserName, nUserId, fkContext, nAction, ddate) VALUES ('Realiso Online',0,6589,2902,NOW());

INSERT INTO isms_context (pkContext,nType,nState) VALUES (6591,2814,2702);
INSERT INTO rm_best_practice_standard (fkContext,fkStandard,fkBestPractice) VALUES (6591,6258,6590);
INSERT INTO isms_context_date (sUserName, nUserId, fkContext, nAction, ddate) VALUES ('Realiso Online',0,6591,2901,NOW());
INSERT INTO isms_context_date (sUserName, nUserId, fkContext, nAction, ddate) VALUES ('Realiso Online',0,6591,2902,NOW());

INSERT INTO isms_context (pkContext,nType,nState) VALUES (6593,2814,2702);
INSERT INTO rm_best_practice_standard (fkContext,fkStandard,fkBestPractice) VALUES (6593,6258,6592);
INSERT INTO isms_context_date (sUserName, nUserId, fkContext, nAction, ddate) VALUES ('Realiso Online',0,6593,2901,NOW());
INSERT INTO isms_context_date (sUserName, nUserId, fkContext, nAction, ddate) VALUES ('Realiso Online',0,6593,2902,NOW());

INSERT INTO isms_context (pkContext,nType,nState) VALUES (6595,2814,2702);
INSERT INTO rm_best_practice_standard (fkContext,fkStandard,fkBestPractice) VALUES (6595,6258,6594);
INSERT INTO isms_context_date (sUserName, nUserId, fkContext, nAction, ddate) VALUES ('Realiso Online',0,6595,2901,NOW());
INSERT INTO isms_context_date (sUserName, nUserId, fkContext, nAction, ddate) VALUES ('Realiso Online',0,6595,2902,NOW());

INSERT INTO isms_context (pkContext,nType,nState) VALUES (6597,2814,2702);
INSERT INTO rm_best_practice_standard (fkContext,fkStandard,fkBestPractice) VALUES (6597,6258,6596);
INSERT INTO isms_context_date (sUserName, nUserId, fkContext, nAction, ddate) VALUES ('Realiso Online',0,6597,2901,NOW());
INSERT INTO isms_context_date (sUserName, nUserId, fkContext, nAction, ddate) VALUES ('Realiso Online',0,6597,2902,NOW());

INSERT INTO isms_context (pkContext,nType,nState) VALUES (6599,2814,2702);
INSERT INTO rm_best_practice_standard (fkContext,fkStandard,fkBestPractice) VALUES (6599,6258,6598);
INSERT INTO isms_context_date (sUserName, nUserId, fkContext, nAction, ddate) VALUES ('Realiso Online',0,6599,2901,NOW());
INSERT INTO isms_context_date (sUserName, nUserId, fkContext, nAction, ddate) VALUES ('Realiso Online',0,6599,2902,NOW());

INSERT INTO isms_context (pkContext,nType,nState) VALUES (6601,2814,2702);
INSERT INTO rm_best_practice_standard (fkContext,fkStandard,fkBestPractice) VALUES (6601,6258,6600);
INSERT INTO isms_context_date (sUserName, nUserId, fkContext, nAction, ddate) VALUES ('Realiso Online',0,6601,2901,NOW());
INSERT INTO isms_context_date (sUserName, nUserId, fkContext, nAction, ddate) VALUES ('Realiso Online',0,6601,2902,NOW());

INSERT INTO isms_context (pkContext,nType,nState) VALUES (6603,2814,2702);
INSERT INTO rm_best_practice_standard (fkContext,fkStandard,fkBestPractice) VALUES (6603,6258,6602);
INSERT INTO isms_context_date (sUserName, nUserId, fkContext, nAction, ddate) VALUES ('Realiso Online',0,6603,2901,NOW());
INSERT INTO isms_context_date (sUserName, nUserId, fkContext, nAction, ddate) VALUES ('Realiso Online',0,6603,2902,NOW());

INSERT INTO isms_context (pkContext,nType,nState) VALUES (6605,2814,2702);
INSERT INTO rm_best_practice_standard (fkContext,fkStandard,fkBestPractice) VALUES (6605,6258,6604);
INSERT INTO isms_context_date (sUserName, nUserId, fkContext, nAction, ddate) VALUES ('Realiso Online',0,6605,2901,NOW());
INSERT INTO isms_context_date (sUserName, nUserId, fkContext, nAction, ddate) VALUES ('Realiso Online',0,6605,2902,NOW());

INSERT INTO isms_context (pkContext,nType,nState) VALUES (6607,2814,2702);
INSERT INTO rm_best_practice_standard (fkContext,fkStandard,fkBestPractice) VALUES (6607,6258,6606);
INSERT INTO isms_context_date (sUserName, nUserId, fkContext, nAction, ddate) VALUES ('Realiso Online',0,6607,2901,NOW());
INSERT INTO isms_context_date (sUserName, nUserId, fkContext, nAction, ddate) VALUES ('Realiso Online',0,6607,2902,NOW());

INSERT INTO isms_context (pkContext,nType,nState) VALUES (6609,2814,2702);
INSERT INTO rm_best_practice_standard (fkContext,fkStandard,fkBestPractice) VALUES (6609,6258,6608);
INSERT INTO isms_context_date (sUserName, nUserId, fkContext, nAction, ddate) VALUES ('Realiso Online',0,6609,2901,NOW());
INSERT INTO isms_context_date (sUserName, nUserId, fkContext, nAction, ddate) VALUES ('Realiso Online',0,6609,2902,NOW());

INSERT INTO isms_context (pkContext,nType,nState) VALUES (6611,2814,2702);
INSERT INTO rm_best_practice_standard (fkContext,fkStandard,fkBestPractice) VALUES (6611,6258,6610);
INSERT INTO isms_context_date (sUserName, nUserId, fkContext, nAction, ddate) VALUES ('Realiso Online',0,6611,2901,NOW());
INSERT INTO isms_context_date (sUserName, nUserId, fkContext, nAction, ddate) VALUES ('Realiso Online',0,6611,2902,NOW());

INSERT INTO isms_context (pkContext,nType,nState) VALUES (6613,2814,2702);
INSERT INTO rm_best_practice_standard (fkContext,fkStandard,fkBestPractice) VALUES (6613,6258,6612);
INSERT INTO isms_context_date (sUserName, nUserId, fkContext, nAction, ddate) VALUES ('Realiso Online',0,6613,2901,NOW());
INSERT INTO isms_context_date (sUserName, nUserId, fkContext, nAction, ddate) VALUES ('Realiso Online',0,6613,2902,NOW());

INSERT INTO isms_context (pkContext,nType,nState) VALUES (6615,2814,2702);
INSERT INTO rm_best_practice_standard (fkContext,fkStandard,fkBestPractice) VALUES (6615,6258,6614);
INSERT INTO isms_context_date (sUserName, nUserId, fkContext, nAction, ddate) VALUES ('Realiso Online',0,6615,2901,NOW());
INSERT INTO isms_context_date (sUserName, nUserId, fkContext, nAction, ddate) VALUES ('Realiso Online',0,6615,2902,NOW());

INSERT INTO isms_context (pkContext,nType,nState) VALUES (6618,2814,2702);
INSERT INTO rm_best_practice_standard (fkContext,fkStandard,fkBestPractice) VALUES (6618,6258,6617);
INSERT INTO isms_context_date (sUserName, nUserId, fkContext, nAction, ddate) VALUES ('Realiso Online',0,6618,2901,NOW());
INSERT INTO isms_context_date (sUserName, nUserId, fkContext, nAction, ddate) VALUES ('Realiso Online',0,6618,2902,NOW());

INSERT INTO isms_context (pkContext,nType,nState) VALUES (6620,2814,2702);
INSERT INTO rm_best_practice_standard (fkContext,fkStandard,fkBestPractice) VALUES (6620,6258,6619);
INSERT INTO isms_context_date (sUserName, nUserId, fkContext, nAction, ddate) VALUES ('Realiso Online',0,6620,2901,NOW());
INSERT INTO isms_context_date (sUserName, nUserId, fkContext, nAction, ddate) VALUES ('Realiso Online',0,6620,2902,NOW());

INSERT INTO isms_context (pkContext,nType,nState) VALUES (6622,2814,2702);
INSERT INTO rm_best_practice_standard (fkContext,fkStandard,fkBestPractice) VALUES (6622,6258,6621);
INSERT INTO isms_context_date (sUserName, nUserId, fkContext, nAction, ddate) VALUES ('Realiso Online',0,6622,2901,NOW());
INSERT INTO isms_context_date (sUserName, nUserId, fkContext, nAction, ddate) VALUES ('Realiso Online',0,6622,2902,NOW());

INSERT INTO isms_context (pkContext,nType,nState) VALUES (6624,2814,2702);
INSERT INTO rm_best_practice_standard (fkContext,fkStandard,fkBestPractice) VALUES (6624,6258,6623);
INSERT INTO isms_context_date (sUserName, nUserId, fkContext, nAction, ddate) VALUES ('Realiso Online',0,6624,2901,NOW());
INSERT INTO isms_context_date (sUserName, nUserId, fkContext, nAction, ddate) VALUES ('Realiso Online',0,6624,2902,NOW());

INSERT INTO isms_context (pkContext,nType,nState) VALUES (6626,2814,2702);
INSERT INTO rm_best_practice_standard (fkContext,fkStandard,fkBestPractice) VALUES (6626,6258,6625);
INSERT INTO isms_context_date (sUserName, nUserId, fkContext, nAction, ddate) VALUES ('Realiso Online',0,6626,2901,NOW());
INSERT INTO isms_context_date (sUserName, nUserId, fkContext, nAction, ddate) VALUES ('Realiso Online',0,6626,2902,NOW());

INSERT INTO isms_context (pkContext,nType,nState) VALUES (6628,2814,2702);
INSERT INTO rm_best_practice_standard (fkContext,fkStandard,fkBestPractice) VALUES (6628,6258,6627);
INSERT INTO isms_context_date (sUserName, nUserId, fkContext, nAction, ddate) VALUES ('Realiso Online',0,6628,2901,NOW());
INSERT INTO isms_context_date (sUserName, nUserId, fkContext, nAction, ddate) VALUES ('Realiso Online',0,6628,2902,NOW());

INSERT INTO isms_context (pkContext,nType,nState) VALUES (6630,2814,2702);
INSERT INTO rm_best_practice_standard (fkContext,fkStandard,fkBestPractice) VALUES (6630,6258,6629);
INSERT INTO isms_context_date (sUserName, nUserId, fkContext, nAction, ddate) VALUES ('Realiso Online',0,6630,2901,NOW());
INSERT INTO isms_context_date (sUserName, nUserId, fkContext, nAction, ddate) VALUES ('Realiso Online',0,6630,2902,NOW());

INSERT INTO isms_context (pkContext,nType,nState) VALUES (6632,2814,2702);
INSERT INTO rm_best_practice_standard (fkContext,fkStandard,fkBestPractice) VALUES (6632,6258,6631);
INSERT INTO isms_context_date (sUserName, nUserId, fkContext, nAction, ddate) VALUES ('Realiso Online',0,6632,2901,NOW());
INSERT INTO isms_context_date (sUserName, nUserId, fkContext, nAction, ddate) VALUES ('Realiso Online',0,6632,2902,NOW());

INSERT INTO isms_context (pkContext,nType,nState) VALUES (6634,2814,2702);
INSERT INTO rm_best_practice_standard (fkContext,fkStandard,fkBestPractice) VALUES (6634,6258,6633);
INSERT INTO isms_context_date (sUserName, nUserId, fkContext, nAction, ddate) VALUES ('Realiso Online',0,6634,2901,NOW());
INSERT INTO isms_context_date (sUserName, nUserId, fkContext, nAction, ddate) VALUES ('Realiso Online',0,6634,2902,NOW());

INSERT INTO isms_context (pkContext,nType,nState) VALUES (6636,2814,2702);
INSERT INTO rm_best_practice_standard (fkContext,fkStandard,fkBestPractice) VALUES (6636,6258,6635);
INSERT INTO isms_context_date (sUserName, nUserId, fkContext, nAction, ddate) VALUES ('Realiso Online',0,6636,2901,NOW());
INSERT INTO isms_context_date (sUserName, nUserId, fkContext, nAction, ddate) VALUES ('Realiso Online',0,6636,2902,NOW());

INSERT INTO isms_context (pkContext,nType,nState) VALUES (6638,2814,2702);
INSERT INTO rm_best_practice_standard (fkContext,fkStandard,fkBestPractice) VALUES (6638,6258,6637);
INSERT INTO isms_context_date (sUserName, nUserId, fkContext, nAction, ddate) VALUES ('Realiso Online',0,6638,2901,NOW());
INSERT INTO isms_context_date (sUserName, nUserId, fkContext, nAction, ddate) VALUES ('Realiso Online',0,6638,2902,NOW());

INSERT INTO isms_context (pkContext,nType,nState) VALUES (6640,2814,2702);
INSERT INTO rm_best_practice_standard (fkContext,fkStandard,fkBestPractice) VALUES (6640,6258,6639);
INSERT INTO isms_context_date (sUserName, nUserId, fkContext, nAction, ddate) VALUES ('Realiso Online',0,6640,2901,NOW());
INSERT INTO isms_context_date (sUserName, nUserId, fkContext, nAction, ddate) VALUES ('Realiso Online',0,6640,2902,NOW());

INSERT INTO isms_context (pkContext,nType,nState) VALUES (6642,2814,2702);
INSERT INTO rm_best_practice_standard (fkContext,fkStandard,fkBestPractice) VALUES (6642,6258,6641);
INSERT INTO isms_context_date (sUserName, nUserId, fkContext, nAction, ddate) VALUES ('Realiso Online',0,6642,2901,NOW());
INSERT INTO isms_context_date (sUserName, nUserId, fkContext, nAction, ddate) VALUES ('Realiso Online',0,6642,2902,NOW());

INSERT INTO isms_context (pkContext,nType,nState) VALUES (6644,2814,2702);
INSERT INTO rm_best_practice_standard (fkContext,fkStandard,fkBestPractice) VALUES (6644,6258,6643);
INSERT INTO isms_context_date (sUserName, nUserId, fkContext, nAction, ddate) VALUES ('Realiso Online',0,6644,2901,NOW());
INSERT INTO isms_context_date (sUserName, nUserId, fkContext, nAction, ddate) VALUES ('Realiso Online',0,6644,2902,NOW());

INSERT INTO isms_context (pkContext,nType,nState) VALUES (6646,2814,2702);
INSERT INTO rm_best_practice_standard (fkContext,fkStandard,fkBestPractice) VALUES (6646,6258,6645);
INSERT INTO isms_context_date (sUserName, nUserId, fkContext, nAction, ddate) VALUES ('Realiso Online',0,6646,2901,NOW());
INSERT INTO isms_context_date (sUserName, nUserId, fkContext, nAction, ddate) VALUES ('Realiso Online',0,6646,2902,NOW());

INSERT INTO isms_context (pkContext,nType,nState) VALUES (6648,2814,2702);
INSERT INTO rm_best_practice_standard (fkContext,fkStandard,fkBestPractice) VALUES (6648,6258,6647);
INSERT INTO isms_context_date (sUserName, nUserId, fkContext, nAction, ddate) VALUES ('Realiso Online',0,6648,2901,NOW());
INSERT INTO isms_context_date (sUserName, nUserId, fkContext, nAction, ddate) VALUES ('Realiso Online',0,6648,2902,NOW());

INSERT INTO isms_context (pkContext,nType,nState) VALUES (6650,2814,2702);
INSERT INTO rm_best_practice_standard (fkContext,fkStandard,fkBestPractice) VALUES (6650,6258,6649);
INSERT INTO isms_context_date (sUserName, nUserId, fkContext, nAction, ddate) VALUES ('Realiso Online',0,6650,2901,NOW());
INSERT INTO isms_context_date (sUserName, nUserId, fkContext, nAction, ddate) VALUES ('Realiso Online',0,6650,2902,NOW());

INSERT INTO isms_context (pkContext,nType,nState) VALUES (6652,2814,2702);
INSERT INTO rm_best_practice_standard (fkContext,fkStandard,fkBestPractice) VALUES (6652,6258,6651);
INSERT INTO isms_context_date (sUserName, nUserId, fkContext, nAction, ddate) VALUES ('Realiso Online',0,6652,2901,NOW());
INSERT INTO isms_context_date (sUserName, nUserId, fkContext, nAction, ddate) VALUES ('Realiso Online',0,6652,2902,NOW());

INSERT INTO isms_context (pkContext,nType,nState) VALUES (6654,2814,2702);
INSERT INTO rm_best_practice_standard (fkContext,fkStandard,fkBestPractice) VALUES (6654,6258,6653);
INSERT INTO isms_context_date (sUserName, nUserId, fkContext, nAction, ddate) VALUES ('Realiso Online',0,6654,2901,NOW());
INSERT INTO isms_context_date (sUserName, nUserId, fkContext, nAction, ddate) VALUES ('Realiso Online',0,6654,2902,NOW());

INSERT INTO isms_context (pkContext,nType,nState) VALUES (6656,2814,2702);
INSERT INTO rm_best_practice_standard (fkContext,fkStandard,fkBestPractice) VALUES (6656,6258,6655);
INSERT INTO isms_context_date (sUserName, nUserId, fkContext, nAction, ddate) VALUES ('Realiso Online',0,6656,2901,NOW());
INSERT INTO isms_context_date (sUserName, nUserId, fkContext, nAction, ddate) VALUES ('Realiso Online',0,6656,2902,NOW());

INSERT INTO isms_context (pkContext,nType,nState) VALUES (6658,2814,2702);
INSERT INTO rm_best_practice_standard (fkContext,fkStandard,fkBestPractice) VALUES (6658,6258,6657);
INSERT INTO isms_context_date (sUserName, nUserId, fkContext, nAction, ddate) VALUES ('Realiso Online',0,6658,2901,NOW());
INSERT INTO isms_context_date (sUserName, nUserId, fkContext, nAction, ddate) VALUES ('Realiso Online',0,6658,2902,NOW());

INSERT INTO isms_context (pkContext,nType,nState) VALUES (6660,2814,2702);
INSERT INTO rm_best_practice_standard (fkContext,fkStandard,fkBestPractice) VALUES (6660,6258,6659);
INSERT INTO isms_context_date (sUserName, nUserId, fkContext, nAction, ddate) VALUES ('Realiso Online',0,6660,2901,NOW());
INSERT INTO isms_context_date (sUserName, nUserId, fkContext, nAction, ddate) VALUES ('Realiso Online',0,6660,2902,NOW());

INSERT INTO isms_context (pkContext,nType,nState) VALUES (6662,2814,2702);
INSERT INTO rm_best_practice_standard (fkContext,fkStandard,fkBestPractice) VALUES (6662,6258,6661);
INSERT INTO isms_context_date (sUserName, nUserId, fkContext, nAction, ddate) VALUES ('Realiso Online',0,6662,2901,NOW());
INSERT INTO isms_context_date (sUserName, nUserId, fkContext, nAction, ddate) VALUES ('Realiso Online',0,6662,2902,NOW());

INSERT INTO isms_context (pkContext,nType,nState) VALUES (6664,2814,2702);
INSERT INTO rm_best_practice_standard (fkContext,fkStandard,fkBestPractice) VALUES (6664,6258,6663);
INSERT INTO isms_context_date (sUserName, nUserId, fkContext, nAction, ddate) VALUES ('Realiso Online',0,6664,2901,NOW());
INSERT INTO isms_context_date (sUserName, nUserId, fkContext, nAction, ddate) VALUES ('Realiso Online',0,6664,2902,NOW());

INSERT INTO isms_context (pkContext,nType,nState) VALUES (6666,2814,2702);
INSERT INTO rm_best_practice_standard (fkContext,fkStandard,fkBestPractice) VALUES (6666,6258,6665);
INSERT INTO isms_context_date (sUserName, nUserId, fkContext, nAction, ddate) VALUES ('Realiso Online',0,6666,2901,NOW());
INSERT INTO isms_context_date (sUserName, nUserId, fkContext, nAction, ddate) VALUES ('Realiso Online',0,6666,2902,NOW());

INSERT INTO isms_context (pkContext,nType,nState) VALUES (6668,2814,2702);
INSERT INTO rm_best_practice_standard (fkContext,fkStandard,fkBestPractice) VALUES (6668,6258,6667);
INSERT INTO isms_context_date (sUserName, nUserId, fkContext, nAction, ddate) VALUES ('Realiso Online',0,6668,2901,NOW());
INSERT INTO isms_context_date (sUserName, nUserId, fkContext, nAction, ddate) VALUES ('Realiso Online',0,6668,2902,NOW());

INSERT INTO isms_context (pkContext,nType,nState) VALUES (6670,2814,2702);
INSERT INTO rm_best_practice_standard (fkContext,fkStandard,fkBestPractice) VALUES (6670,6258,6669);
INSERT INTO isms_context_date (sUserName, nUserId, fkContext, nAction, ddate) VALUES ('Realiso Online',0,6670,2901,NOW());
INSERT INTO isms_context_date (sUserName, nUserId, fkContext, nAction, ddate) VALUES ('Realiso Online',0,6670,2902,NOW());

INSERT INTO isms_context (pkContext,nType,nState) VALUES (6672,2814,2702);
INSERT INTO rm_best_practice_standard (fkContext,fkStandard,fkBestPractice) VALUES (6672,6258,6671);
INSERT INTO isms_context_date (sUserName, nUserId, fkContext, nAction, ddate) VALUES ('Realiso Online',0,6672,2901,NOW());
INSERT INTO isms_context_date (sUserName, nUserId, fkContext, nAction, ddate) VALUES ('Realiso Online',0,6672,2902,NOW());

INSERT INTO isms_context (pkContext,nType,nState) VALUES (6674,2814,2702);
INSERT INTO rm_best_practice_standard (fkContext,fkStandard,fkBestPractice) VALUES (6674,6258,6673);
INSERT INTO isms_context_date (sUserName, nUserId, fkContext, nAction, ddate) VALUES ('Realiso Online',0,6674,2901,NOW());
INSERT INTO isms_context_date (sUserName, nUserId, fkContext, nAction, ddate) VALUES ('Realiso Online',0,6674,2902,NOW());

INSERT INTO isms_context (pkContext,nType,nState) VALUES (6676,2814,2702);
INSERT INTO rm_best_practice_standard (fkContext,fkStandard,fkBestPractice) VALUES (6676,6258,6675);
INSERT INTO isms_context_date (sUserName, nUserId, fkContext, nAction, ddate) VALUES ('Realiso Online',0,6676,2901,NOW());
INSERT INTO isms_context_date (sUserName, nUserId, fkContext, nAction, ddate) VALUES ('Realiso Online',0,6676,2902,NOW());

INSERT INTO isms_context (pkContext,nType,nState) VALUES (6678,2814,2702);
INSERT INTO rm_best_practice_standard (fkContext,fkStandard,fkBestPractice) VALUES (6678,6258,6677);
INSERT INTO isms_context_date (sUserName, nUserId, fkContext, nAction, ddate) VALUES ('Realiso Online',0,6678,2901,NOW());
INSERT INTO isms_context_date (sUserName, nUserId, fkContext, nAction, ddate) VALUES ('Realiso Online',0,6678,2902,NOW());

INSERT INTO isms_context (pkContext,nType,nState) VALUES (6680,2814,2702);
INSERT INTO rm_best_practice_standard (fkContext,fkStandard,fkBestPractice) VALUES (6680,6258,6679);
INSERT INTO isms_context_date (sUserName, nUserId, fkContext, nAction, ddate) VALUES ('Realiso Online',0,6680,2901,NOW());
INSERT INTO isms_context_date (sUserName, nUserId, fkContext, nAction, ddate) VALUES ('Realiso Online',0,6680,2902,NOW());

INSERT INTO isms_context (pkContext,nType,nState) VALUES (6682,2814,2702);
INSERT INTO rm_best_practice_standard (fkContext,fkStandard,fkBestPractice) VALUES (6682,6258,6681);
INSERT INTO isms_context_date (sUserName, nUserId, fkContext, nAction, ddate) VALUES ('Realiso Online',0,6682,2901,NOW());
INSERT INTO isms_context_date (sUserName, nUserId, fkContext, nAction, ddate) VALUES ('Realiso Online',0,6682,2902,NOW());

INSERT INTO isms_context (pkContext,nType,nState) VALUES (6684,2814,2702);
INSERT INTO rm_best_practice_standard (fkContext,fkStandard,fkBestPractice) VALUES (6684,6258,6683);
INSERT INTO isms_context_date (sUserName, nUserId, fkContext, nAction, ddate) VALUES ('Realiso Online',0,6684,2901,NOW());
INSERT INTO isms_context_date (sUserName, nUserId, fkContext, nAction, ddate) VALUES ('Realiso Online',0,6684,2902,NOW());

INSERT INTO isms_context (pkContext,nType,nState) VALUES (6686,2814,2702);
INSERT INTO rm_best_practice_standard (fkContext,fkStandard,fkBestPractice) VALUES (6686,6258,6685);
INSERT INTO isms_context_date (sUserName, nUserId, fkContext, nAction, ddate) VALUES ('Realiso Online',0,6686,2901,NOW());
INSERT INTO isms_context_date (sUserName, nUserId, fkContext, nAction, ddate) VALUES ('Realiso Online',0,6686,2902,NOW());

INSERT INTO isms_context (pkContext,nType,nState) VALUES (6688,2814,2702);
INSERT INTO rm_best_practice_standard (fkContext,fkStandard,fkBestPractice) VALUES (6688,6258,6687);
INSERT INTO isms_context_date (sUserName, nUserId, fkContext, nAction, ddate) VALUES ('Realiso Online',0,6688,2901,NOW());
INSERT INTO isms_context_date (sUserName, nUserId, fkContext, nAction, ddate) VALUES ('Realiso Online',0,6688,2902,NOW());

INSERT INTO isms_context (pkContext,nType,nState) VALUES (6690,2814,2702);
INSERT INTO rm_best_practice_standard (fkContext,fkStandard,fkBestPractice) VALUES (6690,6258,6689);
INSERT INTO isms_context_date (sUserName, nUserId, fkContext, nAction, ddate) VALUES ('Realiso Online',0,6690,2901,NOW());
INSERT INTO isms_context_date (sUserName, nUserId, fkContext, nAction, ddate) VALUES ('Realiso Online',0,6690,2902,NOW());

INSERT INTO isms_context (pkContext,nType,nState) VALUES (6692,2814,2702);
INSERT INTO rm_best_practice_standard (fkContext,fkStandard,fkBestPractice) VALUES (6692,6258,6691);
INSERT INTO isms_context_date (sUserName, nUserId, fkContext, nAction, ddate) VALUES ('Realiso Online',0,6692,2901,NOW());
INSERT INTO isms_context_date (sUserName, nUserId, fkContext, nAction, ddate) VALUES ('Realiso Online',0,6692,2902,NOW());

INSERT INTO isms_context (pkContext,nType,nState) VALUES (6694,2814,2702);
INSERT INTO rm_best_practice_standard (fkContext,fkStandard,fkBestPractice) VALUES (6694,6258,6693);
INSERT INTO isms_context_date (sUserName, nUserId, fkContext, nAction, ddate) VALUES ('Realiso Online',0,6694,2901,NOW());
INSERT INTO isms_context_date (sUserName, nUserId, fkContext, nAction, ddate) VALUES ('Realiso Online',0,6694,2902,NOW());

INSERT INTO isms_context (pkContext,nType,nState) VALUES (6697,2814,2702);
INSERT INTO rm_best_practice_standard (fkContext,fkStandard,fkBestPractice) VALUES (6697,6258,6696);
INSERT INTO isms_context_date (sUserName, nUserId, fkContext, nAction, ddate) VALUES ('Realiso Online',0,6697,2901,NOW());
INSERT INTO isms_context_date (sUserName, nUserId, fkContext, nAction, ddate) VALUES ('Realiso Online',0,6697,2902,NOW());

INSERT INTO isms_context (pkContext,nType,nState) VALUES (6699,2814,2702);
INSERT INTO rm_best_practice_standard (fkContext,fkStandard,fkBestPractice) VALUES (6699,6258,6698);
INSERT INTO isms_context_date (sUserName, nUserId, fkContext, nAction, ddate) VALUES ('Realiso Online',0,6699,2901,NOW());
INSERT INTO isms_context_date (sUserName, nUserId, fkContext, nAction, ddate) VALUES ('Realiso Online',0,6699,2902,NOW());

INSERT INTO isms_context (pkContext,nType,nState) VALUES (6701,2814,2702);
INSERT INTO rm_best_practice_standard (fkContext,fkStandard,fkBestPractice) VALUES (6701,6258,6700);
INSERT INTO isms_context_date (sUserName, nUserId, fkContext, nAction, ddate) VALUES ('Realiso Online',0,6701,2901,NOW());
INSERT INTO isms_context_date (sUserName, nUserId, fkContext, nAction, ddate) VALUES ('Realiso Online',0,6701,2902,NOW());

INSERT INTO isms_context (pkContext,nType,nState) VALUES (6703,2814,2702);
INSERT INTO rm_best_practice_standard (fkContext,fkStandard,fkBestPractice) VALUES (6703,6258,6702);
INSERT INTO isms_context_date (sUserName, nUserId, fkContext, nAction, ddate) VALUES ('Realiso Online',0,6703,2901,NOW());
INSERT INTO isms_context_date (sUserName, nUserId, fkContext, nAction, ddate) VALUES ('Realiso Online',0,6703,2902,NOW());

INSERT INTO isms_context (pkContext,nType,nState) VALUES (6705,2814,2702);
INSERT INTO rm_best_practice_standard (fkContext,fkStandard,fkBestPractice) VALUES (6705,6258,6704);
INSERT INTO isms_context_date (sUserName, nUserId, fkContext, nAction, ddate) VALUES ('Realiso Online',0,6705,2901,NOW());
INSERT INTO isms_context_date (sUserName, nUserId, fkContext, nAction, ddate) VALUES ('Realiso Online',0,6705,2902,NOW());

