/* PERFIL */
INSERT INTO isms_context (pkContext,nType,nState) VALUES (1,2817,2700);          INSERT INTO isms_profile (fkContext,sName,nId) VALUES (1,'Security Officer',8801);         	INSERT INTO isms_context_date (sUserName, nUserId, fkContext, nAction, ddate) VALUES ('Realiso Online',0,1,2901,NOW());      INSERT INTO isms_context_date (sUserName, nUserId, fkContext, nAction, ddate) VALUES ('Realiso Online',0,1,2902,NOW());      
INSERT INTO isms_context (pkContext,nType,nState) VALUES (2,2817,2700);          INSERT INTO isms_profile (fkContext,sName,nId) VALUES (2,'Manager',8802);           					INSERT INTO isms_context_date (sUserName, nUserId, fkContext, nAction, ddate) VALUES ('Realiso Online',0,2,2901,NOW());      INSERT INTO isms_context_date (sUserName, nUserId, fkContext, nAction, ddate) VALUES ('Realiso Online',0,2,2902,NOW());      
INSERT INTO isms_context (pkContext,nType,nState) VALUES (3,2817,2700);          INSERT INTO isms_profile (fkContext,sName,nId) VALUES (3,'Administrator',8803);       			INSERT INTO isms_context_date (sUserName, nUserId, fkContext, nAction, ddate) VALUES ('Realiso Online',0,3,2901,NOW());      INSERT INTO isms_context_date (sUserName, nUserId, fkContext, nAction, ddate) VALUES ('Realiso Online',0,3,2902,NOW());      
INSERT INTO isms_context (pkContext,nType,nState) VALUES (4,2817,2700);          INSERT INTO isms_profile (fkContext,sName,nId) VALUES (4,'Without Permissions',8804);     INSERT INTO isms_context_date (sUserName, nUserId, fkContext, nAction, ddate) VALUES ('Realiso Online',0,4,2901,NOW());      INSERT INTO isms_context_date (sUserName, nUserId, fkContext, nAction, ddate) VALUES ('Realiso Online',0,4,2902,NOW());      
INSERT INTO isms_context (pkContext,nType,nState) VALUES (5,2817,2700);          INSERT INTO isms_profile (fkContext,sName,nId) VALUES (5,'Document Reader',8805);     INSERT INTO isms_context_date (sUserName, nUserId, fkContext, nAction, ddate) VALUES ('Realiso Online',0,5,2901,NOW());      INSERT INTO isms_context_date (sUserName, nUserId, fkContext, nAction, ddate) VALUES ('Realiso Online',0,5,2902,NOW());

/* USUARIO */
INSERT INTO isms_context (pkcontext, ntype, nstate) values (13, 2816, 0);
INSERT INTO isms_user values (13, 1, '%user_fullname%', '%user_login%', '%user_passwordmd5%', '%user_email%', null, '%user_language%', null, 0, 0, 0);
INSERT INTO isms_context_date (sUserName, nUserId, fkContext, nAction, ddate) VALUES ('Realiso Online',0,13,2901,NOW());
INSERT INTO isms_context_date (sUserName, nUserId, fkContext, nAction, ddate) VALUES ('Realiso Online',0,13,2902,NOW());

/***** NOMES DOS PARAMETROS DE RISCO *****/
INSERT INTO rm_parameter_name (pkparametername, sname, nweight) VALUES (1, 'Significance'    ,1);

/***** VALORES DOS PARAMETROS DE RISCO *****/
/* ATIVO E RISCO */
INSERT INTO rm_parameter_value_name (pkvaluename, nvalue, simportance, simpact, sriskprobability) VALUES (1, 1.0, 'Negligible', 'Very low'  , 'Rare (1% - 20%)');
INSERT INTO rm_parameter_value_name (pkvaluename, nvalue, simportance, simpact, sriskprobability) VALUES (2, 2.0, 'Low'       , 'Low'       , 'Unlikely (21% - 40%)');
INSERT INTO rm_parameter_value_name (pkvaluename, nvalue, simportance, simpact, sriskprobability) VALUES (3, 3.0, 'Medium'    , 'Medium'    , 'Moderate (41% - 60%)');
INSERT INTO rm_parameter_value_name (pkvaluename, nvalue, simportance, simpact, sriskprobability) VALUES (4, 4.0, 'High'      , 'High'      , 'Likely (61% - 80%)');
INSERT INTO rm_parameter_value_name (pkvaluename, nvalue, simportance, simpact, sriskprobability) VALUES (5, 5.0, 'Critical'  , 'Very high' , 'Almost certain (81% - 99%)');

/* RISCO x CONTROLE */
INSERT INTO rm_rc_parameter_value_name (pkrcvaluename, nvalue, srcprobability, scontrolimpact) VALUES (1, 0.0, 'Do not affect'        , 'Do not affect');
INSERT INTO rm_rc_parameter_value_name (pkrcvaluename, nvalue, srcprobability, scontrolimpact) VALUES (2, 1.0, 'One Level Decrease'   , 'One Level Decrease');
INSERT INTO rm_rc_parameter_value_name (pkrcvaluename, nvalue, srcprobability, scontrolimpact) VALUES (3, 2.0, 'Two Level Decrease'   , 'Two Level Decrease');
INSERT INTO rm_rc_parameter_value_name (pkrcvaluename, nvalue, srcprobability, scontrolimpact) VALUES (4, 3.0, 'Three Level Decrease' , 'Three Level Decrease');
INSERT INTO rm_rc_parameter_value_name (pkrcvaluename, nvalue, srcprobability, scontrolimpact) VALUES (5, 4.0, 'Four Level Decrease'  , 'Four Level Decrease');

/***** NOMES DOS CUSTOS *****/
INSERT INTO isms_config (pkconfig, svalue) VALUES (201, 'Hardware');
INSERT INTO isms_config (pkconfig, svalue) VALUES (202, 'Software');
INSERT INTO isms_config (pkconfig, svalue) VALUES (203, 'Service / Consulting');
INSERT INTO isms_config (pkconfig, svalue) VALUES (204, 'People');
INSERT INTO isms_config (pkconfig, svalue) VALUES (205, 'Education / Training');

/***** GERAL *****/
INSERT INTO isms_config (pkconfig, svalue) VALUES (401, '0');
INSERT INTO isms_config (pkconfig, svalue) VALUES (402, '1');
INSERT INTO isms_config (pkconfig, svalue) VALUES (403, 'localhost');
INSERT INTO isms_config (pkconfig, svalue) VALUES (404, '1');
INSERT INTO isms_config (pkconfig, svalue) VALUES (405, '1');
INSERT INTO isms_config (pkconfig, svalue) VALUES (406, '1');
INSERT INTO isms_config (pkconfig, svalue) VALUES (407, '0');
INSERT INTO isms_config (pkconfig, svalue) VALUES (408, '0');
INSERT INTO isms_config (pkconfig, svalue) VALUES (409, '0');
INSERT INTO isms_config (pkconfig, svalue) VALUES (410, '00:00');
INSERT INTO isms_config (pkconfig, svalue) VALUES (411, '1970-01-01 00:00:00');
INSERT INTO isms_config (pkConfig, svalue) VALUES (415,'%default_sender%');
INSERT INTO isms_config (pkconfig, svalue) VALUES (416, '1');
INSERT INTO isms_config (pkconfig, svalue) VALUES (417, '1');
INSERT INTO isms_config (pkconfig, svalue) VALUES (418, '7801');
INSERT INTO isms_config (pkconfig, svalue) VALUES (419, '00:00');
INSERT INTO isms_config (pkconfig, svalue) VALUES (420, date_part('year', now()) || '-' || date_part('month', now()) || '-' || date_part('day', now()) );
INSERT INTO isms_config (pkconfig, svalue) VALUES (421, '1');
INSERT INTO isms_config (pkconfig, svalue) VALUES (426, '1');
INSERT INTO isms_config (pkconfig, svalue) VALUES (427, 'Confidential');
INSERT INTO isms_config (pkconfig, svalue) VALUES (428, '');
INSERT INTO isms_config (pkconfig, svalue) VALUES (429, '1');
INSERT INTO isms_config (pkconfig, svalue) VALUES (430, '%default_sender_name%');
INSERT INTO isms_config (pkconfig, svalue) VALUES (431, 'CURR_DOLLAR');
INSERT INTO isms_config (pkconfig, svalue) VALUES (7404, '0');
INSERT INTO isms_config (pkconfig, svalue) VALUES (7500, '0');
INSERT INTO isms_config (pkconfig, svalue) VALUES (7501, '');
INSERT INTO isms_config (pkconfig, svalue) VALUES (7502, '');
INSERT INTO isms_config (pkconfig, svalue) VALUES (7503, '');
INSERT INTO isms_config (pkconfig, svalue) VALUES (7504, '');
INSERT INTO isms_config (pkconfig, svalue) VALUES (7510, '');
INSERT INTO isms_config (pkconfig, svalue) VALUES (7511, '');
INSERT INTO isms_config (pkconfig, svalue) VALUES (7512, '');
INSERT INTO isms_config (pkconfig, svalue) VALUES (7513, '0');
INSERT INTO isms_config (pkconfig, svalue) VALUES (7514, '1');

/***** AD *****/
INSERT INTO isms_config (pkconfig, svalue) VALUES (7600, '0');
INSERT INTO isms_config (pkconfig, svalue) VALUES (7601, 'ad-server.local');
INSERT INTO isms_config (pkconfig, svalue) VALUES (7602, '389');
INSERT INTO isms_config (pkconfig, svalue) VALUES (7603, '0');
INSERT INTO isms_config (pkconfig, svalue) VALUES (7604, 'DC=ad-server, DC=local');
INSERT INTO isms_config (pkconfig, svalue) VALUES (7605, 'ad-server\%user%');
INSERT INTO isms_config (pkconfig, svalue) VALUES (7606, 'admin');
INSERT INTO isms_config (pkconfig, svalue) VALUES (7607, 'adminpass');

/***** Configurações para o reset da Base de Dados *****/
INSERT INTO isms_config (pkconfig, svalue) VALUES (7700, '1');
INSERT INTO isms_config (pkconfig, svalue) VALUES (7701, '');
INSERT INTO isms_config (pkconfig, svalue) VALUES (7702, '1');
INSERT INTO isms_config (pkconfig, svalue) VALUES (7703, '');

/***** POLITICA DE SENHAS *****/
INSERT INTO isms_config (pkconfig, svalue) VALUES (7201, '5');
INSERT INTO isms_config (pkconfig, svalue) VALUES (7202, '0');
INSERT INTO isms_config (pkconfig, svalue) VALUES (7203, '0');
INSERT INTO isms_config (pkconfig, svalue) VALUES (7204, '0');
INSERT INTO isms_config (pkconfig, svalue) VALUES (7205, '3');
INSERT INTO isms_config (pkconfig, svalue) VALUES (7206, '365');
INSERT INTO isms_config (pkconfig, svalue) VALUES (7207, '5');
INSERT INTO isms_config (pkconfig, svalue) VALUES (7208, '7');

/***** USUARIOS ESPECIAIS *****/
INSERT INTO isms_config (pkconfig, svalue) VALUES (801, '13');
INSERT INTO isms_config (pkconfig, svalue) VALUES (803, '13');
INSERT INTO isms_config (pkconfig, svalue) VALUES (804, '13');
INSERT INTO isms_config (pkconfig, svalue) VALUES (805, '13');
INSERT INTO isms_config (pkconfig, svalue) VALUES (806, '13');
INSERT INTO isms_config (pkconfig, svalue) VALUES (807, '13');
INSERT INTO isms_config (pkconfig, svalue) VALUES (808, '13');
INSERT INTO isms_config (pkconfig, svalue) VALUES (809, '13');
INSERT INTO isms_config (pkconfig, svalue) VALUES (810, '13');

/* CORES CUSTOMIZADAS */
INSERT INTO isms_config (pkconfig, svalue) VALUES (7515, '');
INSERT INTO isms_config (pkconfig, svalue) VALUES (7516, '');

INSERT INTO isms_config (pkconfig, svalue) VALUES (7406, '');
INSERT INTO isms_config (pkconfig, svalue) VALUES (7407, '');
INSERT INTO isms_config (pkconfig, svalue) VALUES (7405, 3);

/***** CLASSIFICACAO *****/
/* AREA */
INSERT INTO isms_context_classification (pkclassification, ncontexttype, sname, nclassificationtype) VALUES (1, 2801, 'Headquarter', 5501);
INSERT INTO isms_context_classification (pkclassification, ncontexttype, sname, nclassificationtype) VALUES (2, 2801, 'Subsidiary', 5501);
INSERT INTO isms_context_classification (pkclassification, ncontexttype, sname, nclassificationtype) VALUES (3, 2801, 'Regional Office', 5501);
INSERT INTO isms_context_classification (pkclassification, ncontexttype, sname, nclassificationtype) VALUES (4, 2801, 'Factory', 5501);
INSERT INTO isms_context_classification (pkclassification, ncontexttype, sname, nclassificationtype, nweight) VALUES (5, 2801, '3 - High', 5502, 1);
INSERT INTO isms_context_classification (pkclassification, ncontexttype, sname, nclassificationtype, nweight) VALUES (6, 2801, '2 - Medium', 5502, 2);
INSERT INTO isms_context_classification (pkclassification, ncontexttype, sname, nclassificationtype, nweight) VALUES (7, 2801, '1 - Low', 5502, 3);

/* PROCESSO */
INSERT INTO isms_context_classification (pkclassification, ncontexttype, sname, nclassificationtype) VALUES (8, 2802, 'Market & customers', 5501);
INSERT INTO isms_context_classification (pkclassification, ncontexttype, sname, nclassificationtype) VALUES (9, 2802, 'New product development', 5501);
INSERT INTO isms_context_classification (pkclassification, ncontexttype, sname, nclassificationtype) VALUES (10, 2802,'Production & delivery', 5501);
INSERT INTO isms_context_classification (pkclassification, ncontexttype, sname, nclassificationtype) VALUES (11, 2802,'Human resource', 5501);
INSERT INTO isms_context_classification (pkclassification, ncontexttype, sname, nclassificationtype) VALUES (12, 2802,'Information technology', 5501);
INSERT INTO isms_context_classification (pkclassification, ncontexttype, sname, nclassificationtype) VALUES (13, 2802,'Finance & accounting', 5501);
INSERT INTO isms_context_classification (pkclassification, ncontexttype, sname, nclassificationtype) VALUES (14, 2802,'Environment, health & safety', 5501);
INSERT INTO isms_context_classification (pkclassification, ncontexttype, sname, nclassificationtype) VALUES (15, 2802,'Performance improvement', 5501);
INSERT INTO isms_context_classification (pkclassification, ncontexttype, sname, nclassificationtype, nweight) VALUES (16, 2802, '3 - High', 5502, 1);
INSERT INTO isms_context_classification (pkclassification, ncontexttype, sname, nclassificationtype, nweight) VALUES (17, 2802, '2 - Medium', 5502, 2);
INSERT INTO isms_context_classification (pkclassification, ncontexttype, sname, nclassificationtype, nweight) VALUES (18, 2802, '1 - Low', 5502, 3);

/* RISCO */
INSERT INTO isms_context_classification (pkclassification, ncontexttype, sname, nclassificationtype) VALUES (19, 2804, 'People event', 5501);
INSERT INTO isms_context_classification (pkclassification, ncontexttype, sname, nclassificationtype) VALUES (20, 2804, 'Internal process-related event', 5501);
INSERT INTO isms_context_classification (pkclassification, ncontexttype, sname, nclassificationtype) VALUES (21, 2804, 'Internal information system event', 5501);
INSERT INTO isms_context_classification (pkclassification, ncontexttype, sname, nclassificationtype) VALUES (22, 2804, 'External economic event', 5501);
INSERT INTO isms_context_classification (pkclassification, ncontexttype, sname, nclassificationtype) VALUES (23, 2804, 'Natural environment event', 5501);
INSERT INTO isms_context_classification (pkclassification, ncontexttype, sname, nclassificationtype) VALUES (24, 2804, 'Political event', 5501);
INSERT INTO isms_context_classification (pkclassification, ncontexttype, sname, nclassificationtype) VALUES (25, 2804, 'Social factor', 5501);
INSERT INTO isms_context_classification (pkclassification, ncontexttype, sname, nclassificationtype) VALUES (26, 2804, 'External & internal technological event', 5501);

/* EVENTO */
INSERT INTO isms_context_classification (pkclassification, ncontexttype, sname, nclassificationtype) VALUES (27, 2807, 'Internal', 5501);
INSERT INTO isms_context_classification (pkclassification, ncontexttype, sname, nclassificationtype) VALUES (28, 2807, 'External', 5501);
INSERT INTO isms_context_classification (pkclassification, ncontexttype, sname, nclassificationtype) VALUES (29, 2807, 'Internal & External', 5501);

/* CONTROLE */
INSERT INTO isms_context_classification (pkclassification, ncontexttype, sname, nclassificationtype) VALUES (30, 2805, 'Preventive (manual)', 5501);
INSERT INTO isms_context_classification (pkclassification, ncontexttype, sname, nclassificationtype) VALUES (31, 2805, 'Preventive (automated)', 5501);
INSERT INTO isms_context_classification (pkclassification, ncontexttype, sname, nclassificationtype) VALUES (32, 2805, 'Detective (manual)', 5501);
INSERT INTO isms_context_classification (pkclassification, ncontexttype, sname, nclassificationtype) VALUES (33, 2805, 'Detective (automated)', 5501);

/* DOCUMENTO */
INSERT INTO isms_context_classification (pkclassification, ncontexttype, sname, nclassificationtype) VALUES (34, 2823, 'Confidential', 5501);
INSERT INTO isms_context_classification (pkclassification, ncontexttype, sname, nclassificationtype) VALUES (35, 2823, 'Restrict', 5501);
INSERT INTO isms_context_classification (pkclassification, ncontexttype, sname, nclassificationtype) VALUES (36, 2823, 'Institutional', 5501);
INSERT INTO isms_context_classification (pkclassification, ncontexttype, sname, nclassificationtype) VALUES (37, 2823, 'Public', 5501);

/* REGISTRO */
INSERT INTO isms_context_classification (pkclassification, ncontexttype, sname, nclassificationtype) VALUES (38, 2826, 'Confidential', 5501);
INSERT INTO isms_context_classification (pkclassification, ncontexttype, sname, nclassificationtype) VALUES (39, 2826, 'Restrict', 5501);
INSERT INTO isms_context_classification (pkclassification, ncontexttype, sname, nclassificationtype) VALUES (40, 2826, 'Institutional', 5501);
INSERT INTO isms_context_classification (pkclassification, ncontexttype, sname, nclassificationtype) VALUES (41, 2826, 'Public', 5501);

/* CUSTO DO INCIDENTE */
INSERT INTO isms_context_classification (pkclassification, ncontexttype, sname, nclassificationtype) VALUES (42, 2831, 'Fine', 5503);
INSERT INTO isms_context_classification (pkclassification, ncontexttype, sname, nclassificationtype) VALUES (43, 2831, 'Environment Recovery', 5503);
INSERT INTO isms_context_classification (pkclassification, ncontexttype, sname, nclassificationtype) VALUES (44, 2831, 'Direct Loss', 5503);
INSERT INTO isms_context_classification (pkclassification, ncontexttype, sname, nclassificationtype) VALUES (45, 2831, 'Indirect Loss', 5503);

/* RISK_LOW */
INSERT INTO isms_context (pkcontext, ntype, nstate) values (14, 2822, 2702);
INSERT INTO rm_risk_limits (fkcontext, nlow, nhigh, nmidlow, nmidhigh) VALUES (14, 9, 18, 0, 0);

/* RISK_VALUE_COUNT */
INSERT INTO isms_config (pkconfig, svalue) VALUES (7403, '5');

/* SAAS Config */
INSERT INTO isms_saas (pkconfig, svalue) VALUES (711701, '%saas_report_email%');
INSERT INTO isms_saas (pkconfig, svalue) VALUES (711703, '');
INSERT INTO isms_saas (pkconfig, svalue) VALUES (711704, '');
INSERT INTO isms_saas (pkconfig, svalue) VALUES (711705, '');
INSERT INTO isms_saas (pkconfig, svalue) VALUES (711706, '');
INSERT INTO isms_saas (pkconfig, svalue) VALUES (711707, '');
INSERT INTO isms_saas (pkconfig, svalue) VALUES (711708, '');
INSERT INTO isms_saas (pkconfig, svalue) VALUES (711709, '1');
INSERT INTO isms_saas (pkconfig, svalue) VALUES (711710, '');
INSERT INTO isms_saas (pkconfig, svalue) VALUES (711712, '');
INSERT INTO isms_saas (pkconfig, svalue) VALUES (711713, '%user_email%');
INSERT INTO isms_saas (pkconfig, svalue) VALUES (711714, '%config_path%');
INSERT INTO isms_saas (pkconfig, svalue) VALUES (711715, '%max_file_size%');

/* ERROR_REPORT_EMAIL */
INSERT INTO isms_config (pkconfig,svalue) VALUES (7209,'%error_report_email%');

/*RISK_FORMULA_TYPE*/
INSERT INTO isms_config (pkConfig, sValue) VALUES (5701, '8301');
