INSERT INTO isms_context (pkContext,nType,nState) VALUES (100,2806,2702);
INSERT INTO rm_category (fkContext,fkParent,sName,tDescription) VALUES (100,null,'Information','Information');
INSERT INTO isms_context_date (sUserName, nUserId, fkContext, nAction, ddate) VALUES ('Realiso Online',0,100,2901,NOW());
INSERT INTO isms_context_date (sUserName, nUserId, fkContext, nAction, ddate) VALUES ('Realiso Online',0,100,2902,NOW());

INSERT INTO isms_context (pkContext,nType,nState) VALUES (101,2806,2702);
INSERT INTO rm_category (fkContext,fkParent,sName,tDescription) VALUES (101,100,'Digital Information','Digital Information');
INSERT INTO isms_context_date (sUserName, nUserId, fkContext, nAction, ddate) VALUES ('Realiso Online',0,101,2901,NOW());
INSERT INTO isms_context_date (sUserName, nUserId, fkContext, nAction, ddate) VALUES ('Realiso Online',0,101,2902,NOW());

INSERT INTO isms_context (pkContext,nType,nState) VALUES (102,2806,2702);
INSERT INTO rm_category (fkContext,fkParent,sName,tDescription) VALUES (102,101,'Personal (Client)','Personal (Client)');
INSERT INTO isms_context_date (sUserName, nUserId, fkContext, nAction, ddate) VALUES ('Realiso Online',0,102,2901,NOW());
INSERT INTO isms_context_date (sUserName, nUserId, fkContext, nAction, ddate) VALUES ('Realiso Online',0,102,2902,NOW());

INSERT INTO isms_context (pkContext,nType,nState) VALUES (103,2806,2702);
INSERT INTO rm_category (fkContext,fkParent,sName,tDescription) VALUES (103,101,'Personal (Employees)','Personal (Employees)');
INSERT INTO isms_context_date (sUserName, nUserId, fkContext, nAction, ddate) VALUES ('Realiso Online',0,103,2901,NOW());
INSERT INTO isms_context_date (sUserName, nUserId, fkContext, nAction, ddate) VALUES ('Realiso Online',0,103,2902,NOW());

INSERT INTO isms_context (pkContext,nType,nState) VALUES (104,2806,2702);
INSERT INTO rm_category (fkContext,fkParent,sName,tDescription) VALUES (104,101,'Financial','Financial');
INSERT INTO isms_context_date (sUserName, nUserId, fkContext, nAction, ddate) VALUES ('Realiso Online',0,104,2901,NOW());
INSERT INTO isms_context_date (sUserName, nUserId, fkContext, nAction, ddate) VALUES ('Realiso Online',0,104,2902,NOW());

INSERT INTO isms_context (pkContext,nType,nState) VALUES (105,2806,2702);
INSERT INTO rm_category (fkContext,fkParent,sName,tDescription) VALUES (105,101,'Legal','Legal');
INSERT INTO isms_context_date (sUserName, nUserId, fkContext, nAction, ddate) VALUES ('Realiso Online',0,105,2901,NOW());
INSERT INTO isms_context_date (sUserName, nUserId, fkContext, nAction, ddate) VALUES ('Realiso Online',0,105,2902,NOW());

INSERT INTO isms_context (pkContext,nType,nState) VALUES (106,2806,2702);
INSERT INTO rm_category (fkContext,fkParent,sName,tDescription) VALUES (106,101,'Research','Research');
INSERT INTO isms_context_date (sUserName, nUserId, fkContext, nAction, ddate) VALUES ('Realiso Online',0,106,2901,NOW());
INSERT INTO isms_context_date (sUserName, nUserId, fkContext, nAction, ddate) VALUES ('Realiso Online',0,106,2902,NOW());

INSERT INTO isms_context (pkContext,nType,nState) VALUES (107,2806,2702);
INSERT INTO rm_category (fkContext,fkParent,sName,tDescription) VALUES (107,101,'Strategy and Business','Strategy and Business');
INSERT INTO isms_context_date (sUserName, nUserId, fkContext, nAction, ddate) VALUES ('Realiso Online',0,107,2901,NOW());
INSERT INTO isms_context_date (sUserName, nUserId, fkContext, nAction, ddate) VALUES ('Realiso Online',0,107,2902,NOW());

INSERT INTO isms_context (pkContext,nType,nState) VALUES (108,2806,2702);
INSERT INTO rm_category (fkContext,fkParent,sName,tDescription) VALUES (108,101,'Database','Database');
INSERT INTO isms_context_date (sUserName, nUserId, fkContext, nAction, ddate) VALUES ('Realiso Online',0,108,2901,NOW());
INSERT INTO isms_context_date (sUserName, nUserId, fkContext, nAction, ddate) VALUES ('Realiso Online',0,108,2902,NOW());

INSERT INTO isms_context (pkContext,nType,nState) VALUES (109,2806,2702);
INSERT INTO rm_category (fkContext,fkParent,sName,tDescription) VALUES (109,101,'Electronic Mail','Electronic Mail');
INSERT INTO isms_context_date (sUserName, nUserId, fkContext, nAction, ddate) VALUES ('Realiso Online',0,109,2901,NOW());
INSERT INTO isms_context_date (sUserName, nUserId, fkContext, nAction, ddate) VALUES ('Realiso Online',0,109,2902,NOW());

INSERT INTO isms_context (pkContext,nType,nState) VALUES (110,2806,2702);
INSERT INTO rm_category (fkContext,fkParent,sName,tDescription) VALUES (110,101,'Record','Record');
INSERT INTO isms_context_date (sUserName, nUserId, fkContext, nAction, ddate) VALUES ('Realiso Online',0,110,2901,NOW());
INSERT INTO isms_context_date (sUserName, nUserId, fkContext, nAction, ddate) VALUES ('Realiso Online',0,110,2902,NOW());

INSERT INTO isms_context (pkContext,nType,nState) VALUES (111,2806,2702);
INSERT INTO rm_category (fkContext,fkParent,sName,tDescription) VALUES (111,101,'Manual Documentation','Manual Documentation');
INSERT INTO isms_context_date (sUserName, nUserId, fkContext, nAction, ddate) VALUES ('Realiso Online',0,111,2901,NOW());
INSERT INTO isms_context_date (sUserName, nUserId, fkContext, nAction, ddate) VALUES ('Realiso Online',0,111,2902,NOW());

INSERT INTO isms_context (pkContext,nType,nState) VALUES (113,2806,2702);
INSERT INTO rm_category (fkContext,fkParent,sName,tDescription) VALUES (113,101,'E-Commerce Data','E-Commerce Data');
INSERT INTO isms_context_date (sUserName, nUserId, fkContext, nAction, ddate) VALUES ('Realiso Online',0,113,2901,NOW());
INSERT INTO isms_context_date (sUserName, nUserId, fkContext, nAction, ddate) VALUES ('Realiso Online',0,113,2902,NOW());

INSERT INTO isms_context (pkContext,nType,nState) VALUES (114,2806,2702);
INSERT INTO rm_category (fkContext,fkParent,sName,tDescription) VALUES (114,101,'Backup Information','Backup Information');
INSERT INTO isms_context_date (sUserName, nUserId, fkContext, nAction, ddate) VALUES ('Realiso Online',0,114,2901,NOW());
INSERT INTO isms_context_date (sUserName, nUserId, fkContext, nAction, ddate) VALUES ('Realiso Online',0,114,2902,NOW());

INSERT INTO isms_context (pkContext,nType,nState) VALUES (115,2806,2702);
INSERT INTO rm_category (fkContext,fkParent,sName,tDescription) VALUES (115,100,'Paper Documents','Paper Documents');
INSERT INTO isms_context_date (sUserName, nUserId, fkContext, nAction, ddate) VALUES ('Realiso Online',0,115,2901,NOW());
INSERT INTO isms_context_date (sUserName, nUserId, fkContext, nAction, ddate) VALUES ('Realiso Online',0,115,2902,NOW());

INSERT INTO isms_context (pkContext,nType,nState) VALUES (116,2806,2702);
INSERT INTO rm_category (fkContext,fkParent,sName,tDescription) VALUES (116,115,'Personal (Client)','Personal (Client)');
INSERT INTO isms_context_date (sUserName, nUserId, fkContext, nAction, ddate) VALUES ('Realiso Online',0,116,2901,NOW());
INSERT INTO isms_context_date (sUserName, nUserId, fkContext, nAction, ddate) VALUES ('Realiso Online',0,116,2902,NOW());

INSERT INTO isms_context (pkContext,nType,nState) VALUES (117,2806,2702);
INSERT INTO rm_category (fkContext,fkParent,sName,tDescription) VALUES (117,115,'Personal (Employees)','Personal (Employees)');
INSERT INTO isms_context_date (sUserName, nUserId, fkContext, nAction, ddate) VALUES ('Realiso Online',0,117,2901,NOW());
INSERT INTO isms_context_date (sUserName, nUserId, fkContext, nAction, ddate) VALUES ('Realiso Online',0,117,2902,NOW());

INSERT INTO isms_context (pkContext,nType,nState) VALUES (118,2806,2702);
INSERT INTO rm_category (fkContext,fkParent,sName,tDescription) VALUES (118,115,'Financial','Financial');
INSERT INTO isms_context_date (sUserName, nUserId, fkContext, nAction, ddate) VALUES ('Realiso Online',0,118,2901,NOW());
INSERT INTO isms_context_date (sUserName, nUserId, fkContext, nAction, ddate) VALUES ('Realiso Online',0,118,2902,NOW());

INSERT INTO isms_context (pkContext,nType,nState) VALUES (119,2806,2702);
INSERT INTO rm_category (fkContext,fkParent,sName,tDescription) VALUES (119,115,'Legal','Legal');
INSERT INTO isms_context_date (sUserName, nUserId, fkContext, nAction, ddate) VALUES ('Realiso Online',0,119,2901,NOW());
INSERT INTO isms_context_date (sUserName, nUserId, fkContext, nAction, ddate) VALUES ('Realiso Online',0,119,2902,NOW());

INSERT INTO isms_context (pkContext,nType,nState) VALUES (120,2806,2702);
INSERT INTO rm_category (fkContext,fkParent,sName,tDescription) VALUES (120,115,'Research','Research');
INSERT INTO isms_context_date (sUserName, nUserId, fkContext, nAction, ddate) VALUES ('Realiso Online',0,120,2901,NOW());
INSERT INTO isms_context_date (sUserName, nUserId, fkContext, nAction, ddate) VALUES ('Realiso Online',0,120,2902,NOW());

INSERT INTO isms_context (pkContext,nType,nState) VALUES (121,2806,2702);
INSERT INTO rm_category (fkContext,fkParent,sName,tDescription) VALUES (121,115,'Strategy and Business','Strategy and Business');
INSERT INTO isms_context_date (sUserName, nUserId, fkContext, nAction, ddate) VALUES ('Realiso Online',0,121,2901,NOW());
INSERT INTO isms_context_date (sUserName, nUserId, fkContext, nAction, ddate) VALUES ('Realiso Online',0,121,2902,NOW());

INSERT INTO isms_context (pkContext,nType,nState) VALUES (123,2806,2702);
INSERT INTO rm_category (fkContext,fkParent,sName,tDescription) VALUES (123,115,'Mail','Mail');
INSERT INTO isms_context_date (sUserName, nUserId, fkContext, nAction, ddate) VALUES ('Realiso Online',0,123,2901,NOW());
INSERT INTO isms_context_date (sUserName, nUserId, fkContext, nAction, ddate) VALUES ('Realiso Online',0,123,2902,NOW());

INSERT INTO isms_context (pkContext,nType,nState) VALUES (124,2806,2702);
INSERT INTO rm_category (fkContext,fkParent,sName,tDescription) VALUES (124,115,'Record','Record');
INSERT INTO isms_context_date (sUserName, nUserId, fkContext, nAction, ddate) VALUES ('Realiso Online',0,124,2901,NOW());
INSERT INTO isms_context_date (sUserName, nUserId, fkContext, nAction, ddate) VALUES ('Realiso Online',0,124,2902,NOW());

INSERT INTO isms_context (pkContext,nType,nState) VALUES (125,2806,2702);
INSERT INTO rm_category (fkContext,fkParent,sName,tDescription) VALUES (125,115,'Manual Documentation','Manual Documention');
INSERT INTO isms_context_date (sUserName, nUserId, fkContext, nAction, ddate) VALUES ('Realiso Online',0,125,2901,NOW());
INSERT INTO isms_context_date (sUserName, nUserId, fkContext, nAction, ddate) VALUES ('Realiso Online',0,125,2902,NOW());

INSERT INTO isms_context (pkContext,nType,nState) VALUES (126,2806,2702);
INSERT INTO rm_category (fkContext,fkParent,sName,tDescription) VALUES (126,115,'Commercial','Commercial');
INSERT INTO isms_context_date (sUserName, nUserId, fkContext, nAction, ddate) VALUES ('Realiso Online',0,126,2901,NOW());
INSERT INTO isms_context_date (sUserName, nUserId, fkContext, nAction, ddate) VALUES ('Realiso Online',0,126,2902,NOW());

INSERT INTO isms_context (pkContext,nType,nState) VALUES (127,2806,2702);
INSERT INTO rm_category (fkContext,fkParent,sName,tDescription) VALUES (127,115,'FAX','FAX');
INSERT INTO isms_context_date (sUserName, nUserId, fkContext, nAction, ddate) VALUES ('Realiso Online',0,127,2901,NOW());
INSERT INTO isms_context_date (sUserName, nUserId, fkContext, nAction, ddate) VALUES ('Realiso Online',0,127,2902,NOW());

INSERT INTO isms_context (pkContext,nType,nState) VALUES (128,2806,2702);
INSERT INTO rm_category (fkContext,fkParent,sName,tDescription) VALUES (128,null,'Software Assets','Software Assets');
INSERT INTO isms_context_date (sUserName, nUserId, fkContext, nAction, ddate) VALUES ('Realiso Online',0,128,2901,NOW());
INSERT INTO isms_context_date (sUserName, nUserId, fkContext, nAction, ddate) VALUES ('Realiso Online',0,128,2902,NOW());

INSERT INTO isms_context (pkContext,nType,nState) VALUES (129,2806,2702);
INSERT INTO rm_category (fkContext,fkParent,sName,tDescription) VALUES (129,128,'Operating Systems','Operating Systems');
INSERT INTO isms_context_date (sUserName, nUserId, fkContext, nAction, ddate) VALUES ('Realiso Online',0,129,2901,NOW());
INSERT INTO isms_context_date (sUserName, nUserId, fkContext, nAction, ddate) VALUES ('Realiso Online',0,129,2902,NOW());

INSERT INTO isms_context (pkContext,nType,nState) VALUES (130,2806,2702);
INSERT INTO rm_category (fkContext,fkParent,sName,tDescription) VALUES (130,129,'Windows (Desktop)','Windows (Desktop)');
INSERT INTO isms_context_date (sUserName, nUserId, fkContext, nAction, ddate) VALUES ('Realiso Online',0,130,2901,NOW());
INSERT INTO isms_context_date (sUserName, nUserId, fkContext, nAction, ddate) VALUES ('Realiso Online',0,130,2902,NOW());

INSERT INTO isms_context (pkContext,nType,nState) VALUES (131,2806,2702);
INSERT INTO rm_category (fkContext,fkParent,sName,tDescription) VALUES (131,129,'Windows (Server)','Windows (Server)');
INSERT INTO isms_context_date (sUserName, nUserId, fkContext, nAction, ddate) VALUES ('Realiso Online',0,131,2901,NOW());
INSERT INTO isms_context_date (sUserName, nUserId, fkContext, nAction, ddate) VALUES ('Realiso Online',0,131,2902,NOW());

INSERT INTO isms_context (pkContext,nType,nState) VALUES (132,2806,2702);
INSERT INTO rm_category (fkContext,fkParent,sName,tDescription) VALUES (132,129,'Windows Mobile ','Windows Mobile ');
INSERT INTO isms_context_date (sUserName, nUserId, fkContext, nAction, ddate) VALUES ('Realiso Online',0,132,2901,NOW());
INSERT INTO isms_context_date (sUserName, nUserId, fkContext, nAction, ddate) VALUES ('Realiso Online',0,132,2902,NOW());

INSERT INTO isms_context (pkContext,nType,nState) VALUES (133,2806,2702);
INSERT INTO rm_category (fkContext,fkParent,sName,tDescription) VALUES (133,129,'MacOS','MacOS');
INSERT INTO isms_context_date (sUserName, nUserId, fkContext, nAction, ddate) VALUES ('Realiso Online',0,133,2901,NOW());
INSERT INTO isms_context_date (sUserName, nUserId, fkContext, nAction, ddate) VALUES ('Realiso Online',0,133,2902,NOW());

INSERT INTO isms_context (pkContext,nType,nState) VALUES (134,2806,2702);
INSERT INTO rm_category (fkContext,fkParent,sName,tDescription) VALUES (134,129,'Linux (Desktop)','Linux (Desktop)');
INSERT INTO isms_context_date (sUserName, nUserId, fkContext, nAction, ddate) VALUES ('Realiso Online',0,134,2901,NOW());
INSERT INTO isms_context_date (sUserName, nUserId, fkContext, nAction, ddate) VALUES ('Realiso Online',0,134,2902,NOW());

INSERT INTO isms_context (pkContext,nType,nState) VALUES (135,2806,2702);
INSERT INTO rm_category (fkContext,fkParent,sName,tDescription) VALUES (135,129,'Linux (Server)','Linux (Server)');
INSERT INTO isms_context_date (sUserName, nUserId, fkContext, nAction, ddate) VALUES ('Realiso Online',0,135,2901,NOW());
INSERT INTO isms_context_date (sUserName, nUserId, fkContext, nAction, ddate) VALUES ('Realiso Online',0,135,2902,NOW());

INSERT INTO isms_context (pkContext,nType,nState) VALUES (136,2806,2702);
INSERT INTO rm_category (fkContext,fkParent,sName,tDescription) VALUES (136,129,'Unix','Unix');
INSERT INTO isms_context_date (sUserName, nUserId, fkContext, nAction, ddate) VALUES ('Realiso Online',0,136,2901,NOW());
INSERT INTO isms_context_date (sUserName, nUserId, fkContext, nAction, ddate) VALUES ('Realiso Online',0,136,2902,NOW());

INSERT INTO isms_context (pkContext,nType,nState) VALUES (137,2806,2702);
INSERT INTO rm_category (fkContext,fkParent,sName,tDescription) VALUES (137,129,'Solaris','Solaris');
INSERT INTO isms_context_date (sUserName, nUserId, fkContext, nAction, ddate) VALUES ('Realiso Online',0,137,2901,NOW());
INSERT INTO isms_context_date (sUserName, nUserId, fkContext, nAction, ddate) VALUES ('Realiso Online',0,137,2902,NOW());

INSERT INTO isms_context (pkContext,nType,nState) VALUES (138,2806,2702);
INSERT INTO rm_category (fkContext,fkParent,sName,tDescription) VALUES (138,128,'Information Systems','Information Systems');
INSERT INTO isms_context_date (sUserName, nUserId, fkContext, nAction, ddate) VALUES ('Realiso Online',0,138,2901,NOW());
INSERT INTO isms_context_date (sUserName, nUserId, fkContext, nAction, ddate) VALUES ('Realiso Online',0,138,2902,NOW());

INSERT INTO isms_context (pkContext,nType,nState) VALUES (139,2806,2702);
INSERT INTO rm_category (fkContext,fkParent,sName,tDescription) VALUES (139,138,'Database','Database');
INSERT INTO isms_context_date (sUserName, nUserId, fkContext, nAction, ddate) VALUES ('Realiso Online',0,139,2901,NOW());
INSERT INTO isms_context_date (sUserName, nUserId, fkContext, nAction, ddate) VALUES ('Realiso Online',0,139,2902,NOW());

INSERT INTO isms_context (pkContext,nType,nState) VALUES (140,2806,2702);
INSERT INTO rm_category (fkContext,fkParent,sName,tDescription) VALUES (140,139,'Oracle','Oracle');
INSERT INTO isms_context_date (sUserName, nUserId, fkContext, nAction, ddate) VALUES ('Realiso Online',0,140,2901,NOW());
INSERT INTO isms_context_date (sUserName, nUserId, fkContext, nAction, ddate) VALUES ('Realiso Online',0,140,2902,NOW());

INSERT INTO isms_context (pkContext,nType,nState) VALUES (141,2806,2702);
INSERT INTO rm_category (fkContext,fkParent,sName,tDescription) VALUES (141,139,'Postgre','Postgre');
INSERT INTO isms_context_date (sUserName, nUserId, fkContext, nAction, ddate) VALUES ('Realiso Online',0,141,2901,NOW());
INSERT INTO isms_context_date (sUserName, nUserId, fkContext, nAction, ddate) VALUES ('Realiso Online',0,141,2902,NOW());

INSERT INTO isms_context (pkContext,nType,nState) VALUES (142,2806,2702);
INSERT INTO rm_category (fkContext,fkParent,sName,tDescription) VALUES (142,139,'MySQL','MySQL');
INSERT INTO isms_context_date (sUserName, nUserId, fkContext, nAction, ddate) VALUES ('Realiso Online',0,142,2901,NOW());
INSERT INTO isms_context_date (sUserName, nUserId, fkContext, nAction, ddate) VALUES ('Realiso Online',0,142,2902,NOW());

INSERT INTO isms_context (pkContext,nType,nState) VALUES (143,2806,2702);
INSERT INTO rm_category (fkContext,fkParent,sName,tDescription) VALUES (143,139,'DB2','DB2');
INSERT INTO isms_context_date (sUserName, nUserId, fkContext, nAction, ddate) VALUES ('Realiso Online',0,143,2901,NOW());
INSERT INTO isms_context_date (sUserName, nUserId, fkContext, nAction, ddate) VALUES ('Realiso Online',0,143,2902,NOW());

INSERT INTO isms_context (pkContext,nType,nState) VALUES (144,2806,2702);
INSERT INTO rm_category (fkContext,fkParent,sName,tDescription) VALUES (144,139,'Data Warehouse','Data Warehouse');
INSERT INTO isms_context_date (sUserName, nUserId, fkContext, nAction, ddate) VALUES ('Realiso Online',0,144,2901,NOW());
INSERT INTO isms_context_date (sUserName, nUserId, fkContext, nAction, ddate) VALUES ('Realiso Online',0,144,2902,NOW());

INSERT INTO isms_context (pkContext,nType,nState) VALUES (152,2806,2702);
INSERT INTO rm_category (fkContext,fkParent,sName,tDescription) VALUES (152,138,'Collaboration Systems','Collaboration Systems');
INSERT INTO isms_context_date (sUserName, nUserId, fkContext, nAction, ddate) VALUES ('Realiso Online',0,152,2901,NOW());
INSERT INTO isms_context_date (sUserName, nUserId, fkContext, nAction, ddate) VALUES ('Realiso Online',0,152,2902,NOW());

INSERT INTO isms_context (pkContext,nType,nState) VALUES (153,2806,2702);
INSERT INTO rm_category (fkContext,fkParent,sName,tDescription) VALUES (153,152,'Lotus Notes','Lotus Notes');
INSERT INTO isms_context_date (sUserName, nUserId, fkContext, nAction, ddate) VALUES ('Realiso Online',0,153,2901,NOW());
INSERT INTO isms_context_date (sUserName, nUserId, fkContext, nAction, ddate) VALUES ('Realiso Online',0,153,2902,NOW());

INSERT INTO isms_context (pkContext,nType,nState) VALUES (154,2806,2702);
INSERT INTO rm_category (fkContext,fkParent,sName,tDescription) VALUES (154,152,'Microsoft Exchange','Microsoft Exchange');
INSERT INTO isms_context_date (sUserName, nUserId, fkContext, nAction, ddate) VALUES ('Realiso Online',0,154,2901,NOW());
INSERT INTO isms_context_date (sUserName, nUserId, fkContext, nAction, ddate) VALUES ('Realiso Online',0,154,2902,NOW());

INSERT INTO isms_context (pkContext,nType,nState) VALUES (155,2806,2702);
INSERT INTO rm_category (fkContext,fkParent,sName,tDescription) VALUES (155,152,'Corporate WIKI','Corporate WIKI');
INSERT INTO isms_context_date (sUserName, nUserId, fkContext, nAction, ddate) VALUES ('Realiso Online',0,155,2901,NOW());
INSERT INTO isms_context_date (sUserName, nUserId, fkContext, nAction, ddate) VALUES ('Realiso Online',0,155,2902,NOW());

INSERT INTO isms_context (pkContext,nType,nState) VALUES (156,2806,2702);
INSERT INTO rm_category (fkContext,fkParent,sName,tDescription) VALUES (156,152,'Portal Collaboration','Portal Collaboration');
INSERT INTO isms_context_date (sUserName, nUserId, fkContext, nAction, ddate) VALUES ('Realiso Online',0,156,2901,NOW());
INSERT INTO isms_context_date (sUserName, nUserId, fkContext, nAction, ddate) VALUES ('Realiso Online',0,156,2902,NOW());

INSERT INTO isms_context (pkContext,nType,nState) VALUES (157,2806,2702);
INSERT INTO rm_category (fkContext,fkParent,sName,tDescription) VALUES (157,138,'Corporate System','Corporate System');
INSERT INTO isms_context_date (sUserName, nUserId, fkContext, nAction, ddate) VALUES ('Realiso Online',0,157,2901,NOW());
INSERT INTO isms_context_date (sUserName, nUserId, fkContext, nAction, ddate) VALUES ('Realiso Online',0,157,2902,NOW());

INSERT INTO isms_context (pkContext,nType,nState) VALUES (158,2806,2702);
INSERT INTO rm_category (fkContext,fkParent,sName,tDescription) VALUES (158,157,'ERP (Enterprise Resource Planning)','ERP (Enterprise Resource Planning)');
INSERT INTO isms_context_date (sUserName, nUserId, fkContext, nAction, ddate) VALUES ('Realiso Online',0,158,2901,NOW());
INSERT INTO isms_context_date (sUserName, nUserId, fkContext, nAction, ddate) VALUES ('Realiso Online',0,158,2902,NOW());

INSERT INTO isms_context (pkContext,nType,nState) VALUES (159,2806,2702);
INSERT INTO rm_category (fkContext,fkParent,sName,tDescription) VALUES (159,157,'CRM (Costumer Relationship Management)','CRM (Costumer Relationship Management)');
INSERT INTO isms_context_date (sUserName, nUserId, fkContext, nAction, ddate) VALUES ('Realiso Online',0,159,2901,NOW());
INSERT INTO isms_context_date (sUserName, nUserId, fkContext, nAction, ddate) VALUES ('Realiso Online',0,159,2902,NOW());

INSERT INTO isms_context (pkContext,nType,nState) VALUES (160,2806,2702);
INSERT INTO rm_category (fkContext,fkParent,sName,tDescription) VALUES (160,157,'E-learning','E-learning');
INSERT INTO isms_context_date (sUserName, nUserId, fkContext, nAction, ddate) VALUES ('Realiso Online',0,160,2901,NOW());
INSERT INTO isms_context_date (sUserName, nUserId, fkContext, nAction, ddate) VALUES ('Realiso Online',0,160,2902,NOW());

INSERT INTO isms_context (pkContext,nType,nState) VALUES (161,2806,2702);
INSERT INTO rm_category (fkContext,fkParent,sName,tDescription) VALUES (161,157,'DMS (Document Management System)','DMS (Document Management System)');
INSERT INTO isms_context_date (sUserName, nUserId, fkContext, nAction, ddate) VALUES ('Realiso Online',0,161,2901,NOW());
INSERT INTO isms_context_date (sUserName, nUserId, fkContext, nAction, ddate) VALUES ('Realiso Online',0,161,2902,NOW());

INSERT INTO isms_context (pkContext,nType,nState) VALUES (162,2806,2702);
INSERT INTO rm_category (fkContext,fkParent,sName,tDescription) VALUES (162,157,'BI (Business Intelligence)','BI (Business Intelligence)');
INSERT INTO isms_context_date (sUserName, nUserId, fkContext, nAction, ddate) VALUES ('Realiso Online',0,162,2901,NOW());
INSERT INTO isms_context_date (sUserName, nUserId, fkContext, nAction, ddate) VALUES ('Realiso Online',0,162,2902,NOW());

INSERT INTO isms_context (pkContext,nType,nState) VALUES (167,2806,2702);
INSERT INTO rm_category (fkContext,fkParent,sName,tDescription) VALUES (167,138,'Names Resolution Software  (DNS, WINS e etc)','Names Resolution Software  (DNS, WINS e etc)');
INSERT INTO isms_context_date (sUserName, nUserId, fkContext, nAction, ddate) VALUES ('Realiso Online',0,167,2901,NOW());
INSERT INTO isms_context_date (sUserName, nUserId, fkContext, nAction, ddate) VALUES ('Realiso Online',0,167,2902,NOW());

INSERT INTO isms_context (pkContext,nType,nState) VALUES (168,2806,2702);
INSERT INTO rm_category (fkContext,fkParent,sName,tDescription) VALUES (168,138,'Security Software','Security Software');
INSERT INTO isms_context_date (sUserName, nUserId, fkContext, nAction, ddate) VALUES ('Realiso Online',0,168,2901,NOW());
INSERT INTO isms_context_date (sUserName, nUserId, fkContext, nAction, ddate) VALUES ('Realiso Online',0,168,2902,NOW());

INSERT INTO isms_context (pkContext,nType,nState) VALUES (169,2806,2702);
INSERT INTO rm_category (fkContext,fkParent,sName,tDescription) VALUES (169,168,'Anti-virus','Anti-virus');
INSERT INTO isms_context_date (sUserName, nUserId, fkContext, nAction, ddate) VALUES ('Realiso Online',0,169,2901,NOW());
INSERT INTO isms_context_date (sUserName, nUserId, fkContext, nAction, ddate) VALUES ('Realiso Online',0,169,2902,NOW());

INSERT INTO isms_context (pkContext,nType,nState) VALUES (170,2806,2702);
INSERT INTO rm_category (fkContext,fkParent,sName,tDescription) VALUES (170,168,'Firewall','Firewall');
INSERT INTO isms_context_date (sUserName, nUserId, fkContext, nAction, ddate) VALUES ('Realiso Online',0,170,2901,NOW());
INSERT INTO isms_context_date (sUserName, nUserId, fkContext, nAction, ddate) VALUES ('Realiso Online',0,170,2902,NOW());

INSERT INTO isms_context (pkContext,nType,nState) VALUES (171,2806,2702);
INSERT INTO rm_category (fkContext,fkParent,sName,tDescription) VALUES (171,168,'IDS (Intrusion Detection System)','IDS (Intrusion Detection System)');
INSERT INTO isms_context_date (sUserName, nUserId, fkContext, nAction, ddate) VALUES ('Realiso Online',0,171,2901,NOW());
INSERT INTO isms_context_date (sUserName, nUserId, fkContext, nAction, ddate) VALUES ('Realiso Online',0,171,2902,NOW());

INSERT INTO isms_context (pkContext,nType,nState) VALUES (172,2806,2702);
INSERT INTO rm_category (fkContext,fkParent,sName,tDescription) VALUES (172,168,'IPS (Intrusion Prevention System)','IPS (Intrusion Prevention System)');
INSERT INTO isms_context_date (sUserName, nUserId, fkContext, nAction, ddate) VALUES ('Realiso Online',0,172,2901,NOW());
INSERT INTO isms_context_date (sUserName, nUserId, fkContext, nAction, ddate) VALUES ('Realiso Online',0,172,2902,NOW());

INSERT INTO isms_context (pkContext,nType,nState) VALUES (173,2806,2702);
INSERT INTO rm_category (fkContext,fkParent,sName,tDescription) VALUES (173,138,'Communication Software','Communication Software');
INSERT INTO isms_context_date (sUserName, nUserId, fkContext, nAction, ddate) VALUES ('Realiso Online',0,173,2901,NOW());
INSERT INTO isms_context_date (sUserName, nUserId, fkContext, nAction, ddate) VALUES ('Realiso Online',0,173,2902,NOW());

INSERT INTO isms_context (pkContext,nType,nState) VALUES (174,2806,2702);
INSERT INTO rm_category (fkContext,fkParent,sName,tDescription) VALUES (174,173,'Telephone Exchange Software ','Telephone Exchange Software ');
INSERT INTO isms_context_date (sUserName, nUserId, fkContext, nAction, ddate) VALUES ('Realiso Online',0,174,2901,NOW());
INSERT INTO isms_context_date (sUserName, nUserId, fkContext, nAction, ddate) VALUES ('Realiso Online',0,174,2902,NOW());

INSERT INTO isms_context (pkContext,nType,nState) VALUES (175,2806,2702);
INSERT INTO rm_category (fkContext,fkParent,sName,tDescription) VALUES (175,173,'Central VoIP','Central VoIP');
INSERT INTO isms_context_date (sUserName, nUserId, fkContext, nAction, ddate) VALUES ('Realiso Online',0,175,2901,NOW());
INSERT INTO isms_context_date (sUserName, nUserId, fkContext, nAction, ddate) VALUES ('Realiso Online',0,175,2902,NOW());

INSERT INTO isms_context (pkContext,nType,nState) VALUES (176,2806,2702);
INSERT INTO rm_category (fkContext,fkParent,sName,tDescription) VALUES (176,173,'Instant Messaging','Instant Messaging');
INSERT INTO isms_context_date (sUserName, nUserId, fkContext, nAction, ddate) VALUES ('Realiso Online',0,176,2901,NOW());
INSERT INTO isms_context_date (sUserName, nUserId, fkContext, nAction, ddate) VALUES ('Realiso Online',0,176,2902,NOW());

INSERT INTO isms_context (pkContext,nType,nState) VALUES (177,2806,2702);
INSERT INTO rm_category (fkContext,fkParent,sName,tDescription) VALUES (177,138,'Web Systems','Web Systems');
INSERT INTO isms_context_date (sUserName, nUserId, fkContext, nAction, ddate) VALUES ('Realiso Online',0,177,2901,NOW());
INSERT INTO isms_context_date (sUserName, nUserId, fkContext, nAction, ddate) VALUES ('Realiso Online',0,177,2902,NOW());

INSERT INTO isms_context (pkContext,nType,nState) VALUES (178,2806,2702);
INSERT INTO rm_category (fkContext,fkParent,sName,tDescription) VALUES (178,177,'Intranet','Intranet');
INSERT INTO isms_context_date (sUserName, nUserId, fkContext, nAction, ddate) VALUES ('Realiso Online',0,178,2901,NOW());
INSERT INTO isms_context_date (sUserName, nUserId, fkContext, nAction, ddate) VALUES ('Realiso Online',0,178,2902,NOW());

INSERT INTO isms_context (pkContext,nType,nState) VALUES (179,2806,2702);
INSERT INTO rm_category (fkContext,fkParent,sName,tDescription) VALUES (179,177,'Webmail','Webmail');
INSERT INTO isms_context_date (sUserName, nUserId, fkContext, nAction, ddate) VALUES ('Realiso Online',0,179,2901,NOW());
INSERT INTO isms_context_date (sUserName, nUserId, fkContext, nAction, ddate) VALUES ('Realiso Online',0,179,2902,NOW());

INSERT INTO isms_context (pkContext,nType,nState) VALUES (180,2806,2702);
INSERT INTO rm_category (fkContext,fkParent,sName,tDescription) VALUES (180,138,'File Sharing Software','File Sharing Software');
INSERT INTO isms_context_date (sUserName, nUserId, fkContext, nAction, ddate) VALUES ('Realiso Online',0,180,2901,NOW());
INSERT INTO isms_context_date (sUserName, nUserId, fkContext, nAction, ddate) VALUES ('Realiso Online',0,180,2902,NOW());

INSERT INTO isms_context (pkContext,nType,nState) VALUES (181,2806,2702);
INSERT INTO rm_category (fkContext,fkParent,sName,tDescription) VALUES (181,138,'Management Software','Management Software');
INSERT INTO isms_context_date (sUserName, nUserId, fkContext, nAction, ddate) VALUES ('Realiso Online',0,181,2901,NOW());
INSERT INTO isms_context_date (sUserName, nUserId, fkContext, nAction, ddate) VALUES ('Realiso Online',0,181,2902,NOW());

INSERT INTO isms_context (pkContext,nType,nState) VALUES (182,2806,2702);
INSERT INTO rm_category (fkContext,fkParent,sName,tDescription) VALUES (182,null,'Physical Assets','Physical Assets');
INSERT INTO isms_context_date (sUserName, nUserId, fkContext, nAction, ddate) VALUES ('Realiso Online',0,182,2901,NOW());
INSERT INTO isms_context_date (sUserName, nUserId, fkContext, nAction, ddate) VALUES ('Realiso Online',0,182,2902,NOW());

INSERT INTO isms_context (pkContext,nType,nState) VALUES (183,2806,2702);
INSERT INTO rm_category (fkContext,fkParent,sName,tDescription) VALUES (183,182,'Infrastructure','Infrastructure');
INSERT INTO isms_context_date (sUserName, nUserId, fkContext, nAction, ddate) VALUES ('Realiso Online',0,183,2901,NOW());
INSERT INTO isms_context_date (sUserName, nUserId, fkContext, nAction, ddate) VALUES ('Realiso Online',0,183,2902,NOW());

INSERT INTO isms_context (pkContext,nType,nState) VALUES (184,2806,2702);
INSERT INTO rm_category (fkContext,fkParent,sName,tDescription) VALUES (184,183,'Building','Building');
INSERT INTO isms_context_date (sUserName, nUserId, fkContext, nAction, ddate) VALUES ('Realiso Online',0,184,2901,NOW());
INSERT INTO isms_context_date (sUserName, nUserId, fkContext, nAction, ddate) VALUES ('Realiso Online',0,184,2902,NOW());

INSERT INTO isms_context (pkContext,nType,nState) VALUES (185,2806,2702);
INSERT INTO rm_category (fkContext,fkParent,sName,tDescription) VALUES (185,183,'Data Center','Data Center');
INSERT INTO isms_context_date (sUserName, nUserId, fkContext, nAction, ddate) VALUES ('Realiso Online',0,185,2901,NOW());
INSERT INTO isms_context_date (sUserName, nUserId, fkContext, nAction, ddate) VALUES ('Realiso Online',0,185,2902,NOW());

INSERT INTO isms_context (pkContext,nType,nState) VALUES (186,2806,2702);
INSERT INTO rm_category (fkContext,fkParent,sName,tDescription) VALUES (186,183,'Environment  Control Center','Environment  Control Center');
INSERT INTO isms_context_date (sUserName, nUserId, fkContext, nAction, ddate) VALUES ('Realiso Online',0,186,2901,NOW());
INSERT INTO isms_context_date (sUserName, nUserId, fkContext, nAction, ddate) VALUES ('Realiso Online',0,186,2902,NOW());

INSERT INTO isms_context (pkContext,nType,nState) VALUES (187,2806,2702);
INSERT INTO rm_category (fkContext,fkParent,sName,tDescription) VALUES (187,183,'Server Room','Server Room');
INSERT INTO isms_context_date (sUserName, nUserId, fkContext, nAction, ddate) VALUES ('Realiso Online',0,187,2901,NOW());
INSERT INTO isms_context_date (sUserName, nUserId, fkContext, nAction, ddate) VALUES ('Realiso Online',0,187,2902,NOW());

INSERT INTO isms_context (pkContext,nType,nState) VALUES (188,2806,2702);
INSERT INTO rm_category (fkContext,fkParent,sName,tDescription) VALUES (188,183,'Store Room','Store Room');
INSERT INTO isms_context_date (sUserName, nUserId, fkContext, nAction, ddate) VALUES ('Realiso Online',0,188,2901,NOW());
INSERT INTO isms_context_date (sUserName, nUserId, fkContext, nAction, ddate) VALUES ('Realiso Online',0,188,2902,NOW());

INSERT INTO isms_context (pkContext,nType,nState) VALUES (189,2806,2702);
INSERT INTO rm_category (fkContext,fkParent,sName,tDescription) VALUES (189,183,'Distribution Center','Distribution Center');
INSERT INTO isms_context_date (sUserName, nUserId, fkContext, nAction, ddate) VALUES ('Realiso Online',0,189,2901,NOW());
INSERT INTO isms_context_date (sUserName, nUserId, fkContext, nAction, ddate) VALUES ('Realiso Online',0,189,2902,NOW());

INSERT INTO isms_context (pkContext,nType,nState) VALUES (190,2806,2702);
INSERT INTO rm_category (fkContext,fkParent,sName,tDescription) VALUES (190,183,'Data Processing Room','Data Processing Room');
INSERT INTO isms_context_date (sUserName, nUserId, fkContext, nAction, ddate) VALUES ('Realiso Online',0,190,2901,NOW());
INSERT INTO isms_context_date (sUserName, nUserId, fkContext, nAction, ddate) VALUES ('Realiso Online',0,190,2902,NOW());

INSERT INTO isms_context (pkContext,nType,nState) VALUES (191,2806,2702);
INSERT INTO rm_category (fkContext,fkParent,sName,tDescription) VALUES (191,183,'Data Warehouse','Data Warehouse');
INSERT INTO isms_context_date (sUserName, nUserId, fkContext, nAction, ddate) VALUES ('Realiso Online',0,191,2901,NOW());
INSERT INTO isms_context_date (sUserName, nUserId, fkContext, nAction, ddate) VALUES ('Realiso Online',0,191,2902,NOW());

INSERT INTO isms_context (pkContext,nType,nState) VALUES (192,2806,2702);
INSERT INTO rm_category (fkContext,fkParent,sName,tDescription) VALUES (192,183,'Operations Room','Operations Room');
INSERT INTO isms_context_date (sUserName, nUserId, fkContext, nAction, ddate) VALUES ('Realiso Online',0,192,2901,NOW());
INSERT INTO isms_context_date (sUserName, nUserId, fkContext, nAction, ddate) VALUES ('Realiso Online',0,192,2902,NOW());

INSERT INTO isms_context (pkContext,nType,nState) VALUES (193,2806,2702);
INSERT INTO rm_category (fkContext,fkParent,sName,tDescription) VALUES (193,183,'Office','Office');
INSERT INTO isms_context_date (sUserName, nUserId, fkContext, nAction, ddate) VALUES ('Realiso Online',0,193,2901,NOW());
INSERT INTO isms_context_date (sUserName, nUserId, fkContext, nAction, ddate) VALUES ('Realiso Online',0,193,2902,NOW());

INSERT INTO isms_context (pkContext,nType,nState) VALUES (203,2806,2702);
INSERT INTO rm_category (fkContext,fkParent,sName,tDescription) VALUES (203,182,'Environmental Components','Environmental Components');
INSERT INTO isms_context_date (sUserName, nUserId, fkContext, nAction, ddate) VALUES ('Realiso Online',0,203,2901,NOW());
INSERT INTO isms_context_date (sUserName, nUserId, fkContext, nAction, ddate) VALUES ('Realiso Online',0,203,2902,NOW());

INSERT INTO isms_context (pkContext,nType,nState) VALUES (204,2806,2702);
INSERT INTO rm_category (fkContext,fkParent,sName,tDescription) VALUES (204,203,'Electric System','Electric System');
INSERT INTO isms_context_date (sUserName, nUserId, fkContext, nAction, ddate) VALUES ('Realiso Online',0,204,2901,NOW());
INSERT INTO isms_context_date (sUserName, nUserId, fkContext, nAction, ddate) VALUES ('Realiso Online',0,204,2902,NOW());

INSERT INTO isms_context (pkContext,nType,nState) VALUES (205,2806,2702);
INSERT INTO rm_category (fkContext,fkParent,sName,tDescription) VALUES (205,203,'No Break','No Break');
INSERT INTO isms_context_date (sUserName, nUserId, fkContext, nAction, ddate) VALUES ('Realiso Online',0,205,2901,NOW());
INSERT INTO isms_context_date (sUserName, nUserId, fkContext, nAction, ddate) VALUES ('Realiso Online',0,205,2902,NOW());

INSERT INTO isms_context (pkContext,nType,nState) VALUES (206,2806,2702);
INSERT INTO rm_category (fkContext,fkParent,sName,tDescription) VALUES (206,203,'Lighting','Lighting');
INSERT INTO isms_context_date (sUserName, nUserId, fkContext, nAction, ddate) VALUES ('Realiso Online',0,206,2901,NOW());
INSERT INTO isms_context_date (sUserName, nUserId, fkContext, nAction, ddate) VALUES ('Realiso Online',0,206,2902,NOW());

INSERT INTO isms_context (pkContext,nType,nState) VALUES (207,2806,2702);
INSERT INTO rm_category (fkContext,fkParent,sName,tDescription) VALUES (207,203,'Cabling','Cabling');
INSERT INTO isms_context_date (sUserName, nUserId, fkContext, nAction, ddate) VALUES ('Realiso Online',0,207,2901,NOW());
INSERT INTO isms_context_date (sUserName, nUserId, fkContext, nAction, ddate) VALUES ('Realiso Online',0,207,2902,NOW());

INSERT INTO isms_context (pkContext,nType,nState) VALUES (208,2806,2702);
INSERT INTO rm_category (fkContext,fkParent,sName,tDescription) VALUES (208,182,'Equipment/Devices','Equipment/Devices');
INSERT INTO isms_context_date (sUserName, nUserId, fkContext, nAction, ddate) VALUES ('Realiso Online',0,208,2901,NOW());
INSERT INTO isms_context_date (sUserName, nUserId, fkContext, nAction, ddate) VALUES ('Realiso Online',0,208,2902,NOW());

INSERT INTO isms_context (pkContext,nType,nState) VALUES (209,2806,2702);
INSERT INTO rm_category (fkContext,fkParent,sName,tDescription) VALUES (209,208,'Storage Devices','Storage Devices');
INSERT INTO isms_context_date (sUserName, nUserId, fkContext, nAction, ddate) VALUES ('Realiso Online',0,209,2901,NOW());
INSERT INTO isms_context_date (sUserName, nUserId, fkContext, nAction, ddate) VALUES ('Realiso Online',0,209,2902,NOW());

INSERT INTO isms_context (pkContext,nType,nState) VALUES (210,2806,2702);
INSERT INTO rm_category (fkContext,fkParent,sName,tDescription) VALUES (210,209,'CD','CD');
INSERT INTO isms_context_date (sUserName, nUserId, fkContext, nAction, ddate) VALUES ('Realiso Online',0,210,2901,NOW());
INSERT INTO isms_context_date (sUserName, nUserId, fkContext, nAction, ddate) VALUES ('Realiso Online',0,210,2902,NOW());

INSERT INTO isms_context (pkContext,nType,nState) VALUES (211,2806,2702);
INSERT INTO rm_category (fkContext,fkParent,sName,tDescription) VALUES (211,209,'Diskette','Diskette');
INSERT INTO isms_context_date (sUserName, nUserId, fkContext, nAction, ddate) VALUES ('Realiso Online',0,211,2901,NOW());
INSERT INTO isms_context_date (sUserName, nUserId, fkContext, nAction, ddate) VALUES ('Realiso Online',0,211,2902,NOW());

INSERT INTO isms_context (pkContext,nType,nState) VALUES (212,2806,2702);
INSERT INTO rm_category (fkContext,fkParent,sName,tDescription) VALUES (212,209,'HD External','HD External');
INSERT INTO isms_context_date (sUserName, nUserId, fkContext, nAction, ddate) VALUES ('Realiso Online',0,212,2901,NOW());
INSERT INTO isms_context_date (sUserName, nUserId, fkContext, nAction, ddate) VALUES ('Realiso Online',0,212,2902,NOW());

INSERT INTO isms_context (pkContext,nType,nState) VALUES (213,2806,2702);
INSERT INTO rm_category (fkContext,fkParent,sName,tDescription) VALUES (213,208,'Processing Devices','Processing Devices');
INSERT INTO isms_context_date (sUserName, nUserId, fkContext, nAction, ddate) VALUES ('Realiso Online',0,213,2901,NOW());
INSERT INTO isms_context_date (sUserName, nUserId, fkContext, nAction, ddate) VALUES ('Realiso Online',0,213,2902,NOW());

INSERT INTO isms_context (pkContext,nType,nState) VALUES (221,2806,2702);
INSERT INTO rm_category (fkContext,fkParent,sName,tDescription) VALUES (221,208,'Network/Communications Devices','Network/Communications Devices');
INSERT INTO isms_context_date (sUserName, nUserId, fkContext, nAction, ddate) VALUES ('Realiso Online',0,221,2901,NOW());
INSERT INTO isms_context_date (sUserName, nUserId, fkContext, nAction, ddate) VALUES ('Realiso Online',0,221,2902,NOW());

INSERT INTO isms_context (pkContext,nType,nState) VALUES (222,2806,2702);
INSERT INTO rm_category (fkContext,fkParent,sName,tDescription) VALUES (222,221,'Router','Router');
INSERT INTO isms_context_date (sUserName, nUserId, fkContext, nAction, ddate) VALUES ('Realiso Online',0,222,2901,NOW());
INSERT INTO isms_context_date (sUserName, nUserId, fkContext, nAction, ddate) VALUES ('Realiso Online',0,222,2902,NOW());

INSERT INTO isms_context (pkContext,nType,nState) VALUES (223,2806,2702);
INSERT INTO rm_category (fkContext,fkParent,sName,tDescription) VALUES (223,221,'Switch','Switch');
INSERT INTO isms_context_date (sUserName, nUserId, fkContext, nAction, ddate) VALUES ('Realiso Online',0,223,2901,NOW());
INSERT INTO isms_context_date (sUserName, nUserId, fkContext, nAction, ddate) VALUES ('Realiso Online',0,223,2902,NOW());

INSERT INTO isms_context (pkContext,nType,nState) VALUES (224,2806,2702);
INSERT INTO rm_category (fkContext,fkParent,sName,tDescription) VALUES (224,221,'Access Point (WiFi)','Access Point (WiFi)');
INSERT INTO isms_context_date (sUserName, nUserId, fkContext, nAction, ddate) VALUES ('Realiso Online',0,224,2901,NOW());
INSERT INTO isms_context_date (sUserName, nUserId, fkContext, nAction, ddate) VALUES ('Realiso Online',0,224,2902,NOW());

INSERT INTO isms_context (pkContext,nType,nState) VALUES (226,2806,2702);
INSERT INTO rm_category (fkContext,fkParent,sName,tDescription) VALUES (226,208,'Copier/Scanner/Printer','Copier/Scanner/Printer');
INSERT INTO isms_context_date (sUserName, nUserId, fkContext, nAction, ddate) VALUES ('Realiso Online',0,226,2901,NOW());
INSERT INTO isms_context_date (sUserName, nUserId, fkContext, nAction, ddate) VALUES ('Realiso Online',0,226,2902,NOW());

INSERT INTO isms_context (pkContext,nType,nState) VALUES (227,2806,2702);
INSERT INTO rm_category (fkContext,fkParent,sName,tDescription) VALUES (227,208,'Display Devices','Display Devices');
INSERT INTO isms_context_date (sUserName, nUserId, fkContext, nAction, ddate) VALUES ('Realiso Online',0,227,2901,NOW());
INSERT INTO isms_context_date (sUserName, nUserId, fkContext, nAction, ddate) VALUES ('Realiso Online',0,227,2902,NOW());

INSERT INTO isms_context (pkContext,nType,nState) VALUES (228,2806,2702);
INSERT INTO rm_category (fkContext,fkParent,sName,tDescription) VALUES (228,null,'Services','Services');
INSERT INTO isms_context_date (sUserName, nUserId, fkContext, nAction, ddate) VALUES ('Realiso Online',0,228,2901,NOW());
INSERT INTO isms_context_date (sUserName, nUserId, fkContext, nAction, ddate) VALUES ('Realiso Online',0,228,2902,NOW());

INSERT INTO isms_context (pkContext,nType,nState) VALUES (229,2806,2702);
INSERT INTO rm_category (fkContext,fkParent,sName,tDescription) VALUES (229,228,' Computer Services',' Computer Services');
INSERT INTO isms_context_date (sUserName, nUserId, fkContext, nAction, ddate) VALUES ('Realiso Online',0,229,2901,NOW());
INSERT INTO isms_context_date (sUserName, nUserId, fkContext, nAction, ddate) VALUES ('Realiso Online',0,229,2902,NOW());

INSERT INTO isms_context (pkContext,nType,nState) VALUES (235,2806,2702);
INSERT INTO rm_category (fkContext,fkParent,sName,tDescription) VALUES (235,228,'Communication Services','Communication Services');
INSERT INTO isms_context_date (sUserName, nUserId, fkContext, nAction, ddate) VALUES ('Realiso Online',0,235,2901,NOW());
INSERT INTO isms_context_date (sUserName, nUserId, fkContext, nAction, ddate) VALUES ('Realiso Online',0,235,2902,NOW());

INSERT INTO isms_context (pkContext,nType,nState) VALUES (230,2806,2702);
INSERT INTO rm_category (fkContext,fkParent,sName,tDescription) VALUES (230,235,'E-mail Service','E-mail Service');
INSERT INTO isms_context_date (sUserName, nUserId, fkContext, nAction, ddate) VALUES ('Realiso Online',0,230,2901,NOW());
INSERT INTO isms_context_date (sUserName, nUserId, fkContext, nAction, ddate) VALUES ('Realiso Online',0,230,2902,NOW());

INSERT INTO isms_context (pkContext,nType,nState) VALUES (231,2806,2702);
INSERT INTO rm_category (fkContext,fkParent,sName,tDescription) VALUES (231,229,'File Storage Service','File Storage Service');
INSERT INTO isms_context_date (sUserName, nUserId, fkContext, nAction, ddate) VALUES ('Realiso Online',0,231,2901,NOW());
INSERT INTO isms_context_date (sUserName, nUserId, fkContext, nAction, ddate) VALUES ('Realiso Online',0,231,2902,NOW());

INSERT INTO isms_context (pkContext,nType,nState) VALUES (233,2806,2702);
INSERT INTO rm_category (fkContext,fkParent,sName,tDescription) VALUES (233,229,'Authentication Service','Authentication Service');
INSERT INTO isms_context_date (sUserName, nUserId, fkContext, nAction, ddate) VALUES ('Realiso Online',0,233,2901,NOW());
INSERT INTO isms_context_date (sUserName, nUserId, fkContext, nAction, ddate) VALUES ('Realiso Online',0,233,2902,NOW());

INSERT INTO isms_context (pkContext,nType,nState) VALUES (234,2806,2702);
INSERT INTO rm_category (fkContext,fkParent,sName,tDescription) VALUES (234,229,'Print Service','Print Service');
INSERT INTO isms_context_date (sUserName, nUserId, fkContext, nAction, ddate) VALUES ('Realiso Online',0,234,2901,NOW());
INSERT INTO isms_context_date (sUserName, nUserId, fkContext, nAction, ddate) VALUES ('Realiso Online',0,234,2902,NOW());

INSERT INTO isms_context (pkContext,nType,nState) VALUES (236,2806,2702);
INSERT INTO rm_category (fkContext,fkParent,sName,tDescription) VALUES (236,235,'Network Service (Internal)','Network Service (Internal)');
INSERT INTO isms_context_date (sUserName, nUserId, fkContext, nAction, ddate) VALUES ('Realiso Online',0,236,2901,NOW());
INSERT INTO isms_context_date (sUserName, nUserId, fkContext, nAction, ddate) VALUES ('Realiso Online',0,236,2902,NOW());

INSERT INTO isms_context (pkContext,nType,nState) VALUES (237,2806,2702);
INSERT INTO rm_category (fkContext,fkParent,sName,tDescription) VALUES (237,235,'Remote Access Service','Remote Access Service');
INSERT INTO isms_context_date (sUserName, nUserId, fkContext, nAction, ddate) VALUES ('Realiso Online',0,237,2901,NOW());
INSERT INTO isms_context_date (sUserName, nUserId, fkContext, nAction, ddate) VALUES ('Realiso Online',0,237,2902,NOW());

INSERT INTO isms_context (pkContext,nType,nState) VALUES (238,2806,2702);
INSERT INTO rm_category (fkContext,fkParent,sName,tDescription) VALUES (238,235,'Remote Administration Service','Remote Administration Service');
INSERT INTO isms_context_date (sUserName, nUserId, fkContext, nAction, ddate) VALUES ('Realiso Online',0,238,2901,NOW());
INSERT INTO isms_context_date (sUserName, nUserId, fkContext, nAction, ddate) VALUES ('Realiso Online',0,238,2902,NOW());

INSERT INTO isms_context (pkContext,nType,nState) VALUES (239,2806,2702);
INSERT INTO rm_category (fkContext,fkParent,sName,tDescription) VALUES (239,235,'External Links','External Links');
INSERT INTO isms_context_date (sUserName, nUserId, fkContext, nAction, ddate) VALUES ('Realiso Online',0,239,2901,NOW());
INSERT INTO isms_context_date (sUserName, nUserId, fkContext, nAction, ddate) VALUES ('Realiso Online',0,239,2902,NOW());

INSERT INTO isms_context (pkContext,nType,nState) VALUES (240,2806,2702);
INSERT INTO rm_category (fkContext,fkParent,sName,tDescription) VALUES (240,235,'Telephony Service','Telephony Service');
INSERT INTO isms_context_date (sUserName, nUserId, fkContext, nAction, ddate) VALUES ('Realiso Online',0,240,2901,NOW());
INSERT INTO isms_context_date (sUserName, nUserId, fkContext, nAction, ddate) VALUES ('Realiso Online',0,240,2902,NOW());

INSERT INTO isms_context (pkContext,nType,nState) VALUES (241,2806,2702);
INSERT INTO rm_category (fkContext,fkParent,sName,tDescription) VALUES (241,228,'Management Service','Management Service');
INSERT INTO isms_context_date (sUserName, nUserId, fkContext, nAction, ddate) VALUES ('Realiso Online',0,241,2901,NOW());
INSERT INTO isms_context_date (sUserName, nUserId, fkContext, nAction, ddate) VALUES ('Realiso Online',0,241,2902,NOW());

INSERT INTO isms_context (pkContext,nType,nState) VALUES (244,2806,2702);
INSERT INTO rm_category (fkContext,fkParent,sName,tDescription) VALUES (244,228,'Transport and Maintenance Service','Transport and Maintenance Service');
INSERT INTO isms_context_date (sUserName, nUserId, fkContext, nAction, ddate) VALUES ('Realiso Online',0,244,2901,NOW());
INSERT INTO isms_context_date (sUserName, nUserId, fkContext, nAction, ddate) VALUES ('Realiso Online',0,244,2902,NOW());

INSERT INTO isms_context (pkContext,nType,nState) VALUES (245,2806,2702);
INSERT INTO rm_category (fkContext,fkParent,sName,tDescription) VALUES (245,244,'Equipment  Transport Service','Equipment  Transport Service');
INSERT INTO isms_context_date (sUserName, nUserId, fkContext, nAction, ddate) VALUES ('Realiso Online',0,245,2901,NOW());
INSERT INTO isms_context_date (sUserName, nUserId, fkContext, nAction, ddate) VALUES ('Realiso Online',0,245,2902,NOW());

INSERT INTO isms_context (pkContext,nType,nState) VALUES (246,2806,2702);
INSERT INTO rm_category (fkContext,fkParent,sName,tDescription) VALUES (246,244,'Information Transport Service','Information Transport Service');
INSERT INTO isms_context_date (sUserName, nUserId, fkContext, nAction, ddate) VALUES ('Realiso Online',0,246,2901,NOW());
INSERT INTO isms_context_date (sUserName, nUserId, fkContext, nAction, ddate) VALUES ('Realiso Online',0,246,2902,NOW());

INSERT INTO isms_context (pkContext,nType,nState) VALUES (247,2806,2702);
INSERT INTO rm_category (fkContext,fkParent,sName,tDescription) VALUES (247,228,'Accounting Service','Accounting Service');
INSERT INTO isms_context_date (sUserName, nUserId, fkContext, nAction, ddate) VALUES ('Realiso Online',0,247,2901,NOW());
INSERT INTO isms_context_date (sUserName, nUserId, fkContext, nAction, ddate) VALUES ('Realiso Online',0,247,2902,NOW());

INSERT INTO isms_context (pkContext,nType,nState) VALUES (248,2806,2702);
INSERT INTO rm_category (fkContext,fkParent,sName,tDescription) VALUES (248,228,'Marketing Service','Marketing Service');
INSERT INTO isms_context_date (sUserName, nUserId, fkContext, nAction, ddate) VALUES ('Realiso Online',0,248,2901,NOW());
INSERT INTO isms_context_date (sUserName, nUserId, fkContext, nAction, ddate) VALUES ('Realiso Online',0,248,2902,NOW());

INSERT INTO isms_context (pkContext,nType,nState) VALUES (249,2806,2702);
INSERT INTO rm_category (fkContext,fkParent,sName,tDescription) VALUES (249,228,'Law Service','Law Service');
INSERT INTO isms_context_date (sUserName, nUserId, fkContext, nAction, ddate) VALUES ('Realiso Online',0,249,2901,NOW());
INSERT INTO isms_context_date (sUserName, nUserId, fkContext, nAction, ddate) VALUES ('Realiso Online',0,249,2902,NOW());

INSERT INTO isms_context (pkContext,nType,nState) VALUES (250,2806,2702);
INSERT INTO rm_category (fkContext,fkParent,sName,tDescription) VALUES (250,228,'Cleaning Service','Cleaning Service');
INSERT INTO isms_context_date (sUserName, nUserId, fkContext, nAction, ddate) VALUES ('Realiso Online',0,250,2901,NOW());
INSERT INTO isms_context_date (sUserName, nUserId, fkContext, nAction, ddate) VALUES ('Realiso Online',0,250,2902,NOW());

INSERT INTO isms_context (pkContext,nType,nState) VALUES (251,2806,2702);
INSERT INTO rm_category (fkContext,fkParent,sName,tDescription) VALUES (251,228,'IT Services','IT Services');
INSERT INTO isms_context_date (sUserName, nUserId, fkContext, nAction, ddate) VALUES ('Realiso Online',0,251,2901,NOW());
INSERT INTO isms_context_date (sUserName, nUserId, fkContext, nAction, ddate) VALUES ('Realiso Online',0,251,2902,NOW());

INSERT INTO isms_context (pkContext,nType,nState) VALUES (252,2806,2702);
INSERT INTO rm_category (fkContext,fkParent,sName,tDescription) VALUES (252,228,'General Utilities','General Utilities');
INSERT INTO isms_context_date (sUserName, nUserId, fkContext, nAction, ddate) VALUES ('Realiso Online',0,252,2901,NOW());
INSERT INTO isms_context_date (sUserName, nUserId, fkContext, nAction, ddate) VALUES ('Realiso Online',0,252,2902,NOW());

INSERT INTO isms_context (pkContext,nType,nState) VALUES (253,2806,2702);
INSERT INTO rm_category (fkContext,fkParent,sName,tDescription) VALUES (253,252,'Electrical Energy / Electrical System','Electrical Energy / Electrical System');
INSERT INTO isms_context_date (sUserName, nUserId, fkContext, nAction, ddate) VALUES ('Realiso Online',0,253,2901,NOW());
INSERT INTO isms_context_date (sUserName, nUserId, fkContext, nAction, ddate) VALUES ('Realiso Online',0,253,2902,NOW());

INSERT INTO isms_context (pkContext,nType,nState) VALUES (254,2806,2702);
INSERT INTO rm_category (fkContext,fkParent,sName,tDescription) VALUES (254,252,'Environment Conditioning Service','Environment Conditioning Service');
INSERT INTO isms_context_date (sUserName, nUserId, fkContext, nAction, ddate) VALUES ('Realiso Online',0,254,2901,NOW());
INSERT INTO isms_context_date (sUserName, nUserId, fkContext, nAction, ddate) VALUES ('Realiso Online',0,254,2902,NOW());

INSERT INTO isms_context (pkContext,nType,nState) VALUES (255,2806,2702);
INSERT INTO rm_category (fkContext,fkParent,sName,tDescription) VALUES (255,null,'People','People');
INSERT INTO isms_context_date (sUserName, nUserId, fkContext, nAction, ddate) VALUES ('Realiso Online',0,255,2901,NOW());
INSERT INTO isms_context_date (sUserName, nUserId, fkContext, nAction, ddate) VALUES ('Realiso Online',0,255,2902,NOW());

INSERT INTO isms_context (pkContext,nType,nState) VALUES (256,2806,2702);
INSERT INTO rm_category (fkContext,fkParent,sName,tDescription) VALUES (256,255,'Employees','Employees');
INSERT INTO isms_context_date (sUserName, nUserId, fkContext, nAction, ddate) VALUES ('Realiso Online',0,256,2901,NOW());
INSERT INTO isms_context_date (sUserName, nUserId, fkContext, nAction, ddate) VALUES ('Realiso Online',0,256,2902,NOW());

INSERT INTO isms_context (pkContext,nType,nState) VALUES (257,2806,2702);
INSERT INTO rm_category (fkContext,fkParent,sName,tDescription) VALUES (257,256,'Adviser','Adviser');
INSERT INTO isms_context_date (sUserName, nUserId, fkContext, nAction, ddate) VALUES ('Realiso Online',0,257,2901,NOW());
INSERT INTO isms_context_date (sUserName, nUserId, fkContext, nAction, ddate) VALUES ('Realiso Online',0,257,2902,NOW());

INSERT INTO isms_context (pkContext,nType,nState) VALUES (258,2806,2702);
INSERT INTO rm_category (fkContext,fkParent,sName,tDescription) VALUES (258,256,'Director','Director');
INSERT INTO isms_context_date (sUserName, nUserId, fkContext, nAction, ddate) VALUES ('Realiso Online',0,258,2901,NOW());
INSERT INTO isms_context_date (sUserName, nUserId, fkContext, nAction, ddate) VALUES ('Realiso Online',0,258,2902,NOW());

INSERT INTO isms_context (pkContext,nType,nState) VALUES (259,2806,2702);
INSERT INTO rm_category (fkContext,fkParent,sName,tDescription) VALUES (259,256,'Auditor','Auditor');
INSERT INTO isms_context_date (sUserName, nUserId, fkContext, nAction, ddate) VALUES ('Realiso Online',0,259,2901,NOW());
INSERT INTO isms_context_date (sUserName, nUserId, fkContext, nAction, ddate) VALUES ('Realiso Online',0,259,2902,NOW());

INSERT INTO isms_context (pkContext,nType,nState) VALUES (260,2806,2702);
INSERT INTO rm_category (fkContext,fkParent,sName,tDescription) VALUES (260,256,' Consultant',' Consultant');
INSERT INTO isms_context_date (sUserName, nUserId, fkContext, nAction, ddate) VALUES ('Realiso Online',0,260,2901,NOW());
INSERT INTO isms_context_date (sUserName, nUserId, fkContext, nAction, ddate) VALUES ('Realiso Online',0,260,2902,NOW());

INSERT INTO isms_context (pkContext,nType,nState) VALUES (261,2806,2702);
INSERT INTO rm_category (fkContext,fkParent,sName,tDescription) VALUES (261,256,'Manager','Manager');
INSERT INTO isms_context_date (sUserName, nUserId, fkContext, nAction, ddate) VALUES ('Realiso Online',0,261,2901,NOW());
INSERT INTO isms_context_date (sUserName, nUserId, fkContext, nAction, ddate) VALUES ('Realiso Online',0,261,2902,NOW());

INSERT INTO isms_context (pkContext,nType,nState) VALUES (262,2806,2702);
INSERT INTO rm_category (fkContext,fkParent,sName,tDescription) VALUES (262,256,'Analyst','Analyst');
INSERT INTO isms_context_date (sUserName, nUserId, fkContext, nAction, ddate) VALUES ('Realiso Online',0,262,2901,NOW());
INSERT INTO isms_context_date (sUserName, nUserId, fkContext, nAction, ddate) VALUES ('Realiso Online',0,262,2902,NOW());

INSERT INTO isms_context (pkContext,nType,nState) VALUES (263,2806,2702);
INSERT INTO rm_category (fkContext,fkParent,sName,tDescription) VALUES (263,256,'Developer','Developer');
INSERT INTO isms_context_date (sUserName, nUserId, fkContext, nAction, ddate) VALUES ('Realiso Online',0,263,2901,NOW());
INSERT INTO isms_context_date (sUserName, nUserId, fkContext, nAction, ddate) VALUES ('Realiso Online',0,263,2902,NOW());

INSERT INTO isms_context (pkContext,nType,nState) VALUES (264,2806,2702);
INSERT INTO rm_category (fkContext,fkParent,sName,tDescription) VALUES (264,256,'Trainee','Trainee');
INSERT INTO isms_context_date (sUserName, nUserId, fkContext, nAction, ddate) VALUES ('Realiso Online',0,264,2901,NOW());
INSERT INTO isms_context_date (sUserName, nUserId, fkContext, nAction, ddate) VALUES ('Realiso Online',0,264,2902,NOW());

INSERT INTO isms_context (pkContext,nType,nState) VALUES (265,2806,2702);
INSERT INTO rm_category (fkContext,fkParent,sName,tDescription) VALUES (265,256,'IT Employee','IT Employee');
INSERT INTO isms_context_date (sUserName, nUserId, fkContext, nAction, ddate) VALUES ('Realiso Online',0,265,2901,NOW());
INSERT INTO isms_context_date (sUserName, nUserId, fkContext, nAction, ddate) VALUES ('Realiso Online',0,265,2902,NOW());

INSERT INTO isms_context (pkContext,nType,nState) VALUES (266,2806,2702);
INSERT INTO rm_category (fkContext,fkParent,sName,tDescription) VALUES (266,256,'Security Officer','Security Officer');
INSERT INTO isms_context_date (sUserName, nUserId, fkContext, nAction, ddate) VALUES ('Realiso Online',0,266,2901,NOW());
INSERT INTO isms_context_date (sUserName, nUserId, fkContext, nAction, ddate) VALUES ('Realiso Online',0,266,2902,NOW());

INSERT INTO isms_context (pkContext,nType,nState) VALUES (267,2806,2702);
INSERT INTO rm_category (fkContext,fkParent,sName,tDescription) VALUES (267,256,'DBA','DBA');
INSERT INTO isms_context_date (sUserName, nUserId, fkContext, nAction, ddate) VALUES ('Realiso Online',0,267,2901,NOW());
INSERT INTO isms_context_date (sUserName, nUserId, fkContext, nAction, ddate) VALUES ('Realiso Online',0,267,2902,NOW());

INSERT INTO isms_context (pkContext,nType,nState) VALUES (268,2806,2702);
INSERT INTO rm_category (fkContext,fkParent,sName,tDescription) VALUES (268,256,'Administrator (TI)','Administrator (TI)');
INSERT INTO isms_context_date (sUserName, nUserId, fkContext, nAction, ddate) VALUES ('Realiso Online',0,268,2901,NOW());
INSERT INTO isms_context_date (sUserName, nUserId, fkContext, nAction, ddate) VALUES ('Realiso Online',0,268,2902,NOW());

INSERT INTO isms_context (pkContext,nType,nState) VALUES (269,2806,2702);
INSERT INTO rm_category (fkContext,fkParent,sName,tDescription) VALUES (269,255,'Third Party','Third Party');
INSERT INTO isms_context_date (sUserName, nUserId, fkContext, nAction, ddate) VALUES ('Realiso Online',0,269,2901,NOW());
INSERT INTO isms_context_date (sUserName, nUserId, fkContext, nAction, ddate) VALUES ('Realiso Online',0,269,2902,NOW());

INSERT INTO isms_context (pkContext,nType,nState) VALUES (270,2806,2702);
INSERT INTO rm_category (fkContext,fkParent,sName,tDescription) VALUES (270,255,'Supplier','Supplier');
INSERT INTO isms_context_date (sUserName, nUserId, fkContext, nAction, ddate) VALUES ('Realiso Online',0,270,2901,NOW());
INSERT INTO isms_context_date (sUserName, nUserId, fkContext, nAction, ddate) VALUES ('Realiso Online',0,270,2902,NOW());

INSERT INTO isms_context (pkContext,nType,nState) VALUES (271,2806,2702);
INSERT INTO rm_category (fkContext,fkParent,sName,tDescription) VALUES (271,255,'Service Provider','Service Provider');
INSERT INTO isms_context_date (sUserName, nUserId, fkContext, nAction, ddate) VALUES ('Realiso Online',0,271,2901,NOW());
INSERT INTO isms_context_date (sUserName, nUserId, fkContext, nAction, ddate) VALUES ('Realiso Online',0,271,2902,NOW());

INSERT INTO isms_context (pkContext,nType,nState) VALUES (272,2806,2702);
INSERT INTO rm_category (fkContext,fkParent,sName,tDescription) VALUES (272,null,'Intangible Assets','Intangible Assets');
INSERT INTO isms_context_date (sUserName, nUserId, fkContext, nAction, ddate) VALUES ('Realiso Online',0,272,2901,NOW());
INSERT INTO isms_context_date (sUserName, nUserId, fkContext, nAction, ddate) VALUES ('Realiso Online',0,272,2902,NOW());

INSERT INTO isms_context (pkContext,nType,nState) VALUES (273,2806,2702);
INSERT INTO rm_category (fkContext,fkParent,sName,tDescription) VALUES (273,272,'Company Image','Company Image');
INSERT INTO isms_context_date (sUserName, nUserId, fkContext, nAction, ddate) VALUES ('Realiso Online',0,273,2901,NOW());
INSERT INTO isms_context_date (sUserName, nUserId, fkContext, nAction, ddate) VALUES ('Realiso Online',0,273,2902,NOW());

INSERT INTO isms_context (pkContext,nType,nState) VALUES (274,2806,2702);
INSERT INTO rm_category (fkContext,fkParent,sName,tDescription) VALUES (274,272,' Competitive Advantage',' Competitive Advantage');
INSERT INTO isms_context_date (sUserName, nUserId, fkContext, nAction, ddate) VALUES ('Realiso Online',0,274,2901,NOW());
INSERT INTO isms_context_date (sUserName, nUserId, fkContext, nAction, ddate) VALUES ('Realiso Online',0,274,2902,NOW());

INSERT INTO isms_context (pkContext,nType,nState) VALUES (275,2806,2702);
INSERT INTO rm_category (fkContext,fkParent,sName,tDescription) VALUES (275,272,'Credibility','Credibility');
INSERT INTO isms_context_date (sUserName, nUserId, fkContext, nAction, ddate) VALUES ('Realiso Online',0,275,2901,NOW());
INSERT INTO isms_context_date (sUserName, nUserId, fkContext, nAction, ddate) VALUES ('Realiso Online',0,275,2902,NOW());

INSERT INTO isms_context (pkContext,nType,nState) VALUES (277,2806,2702);
INSERT INTO rm_category (fkContext,fkParent,sName,tDescription) VALUES (277,272,'Ability to Provide Services','Ability to Provide Services');
INSERT INTO isms_context_date (sUserName, nUserId, fkContext, nAction, ddate) VALUES ('Realiso Online',0,277,2901,NOW());
INSERT INTO isms_context_date (sUserName, nUserId, fkContext, nAction, ddate) VALUES ('Realiso Online',0,277,2902,NOW());

INSERT INTO isms_context (pkContext,nType,nState) VALUES (279,2806,2702);
INSERT INTO rm_category (fkContext,fkParent,sName,tDescription) VALUES (279,272,'Organization','Organization');
INSERT INTO isms_context_date (sUserName, nUserId, fkContext, nAction, ddate) VALUES ('Realiso Online',0,279,2901,NOW());
INSERT INTO isms_context_date (sUserName, nUserId, fkContext, nAction, ddate) VALUES ('Realiso Online',0,279,2902,NOW());

INSERT INTO isms_context (pkContext,nType,nState) VALUES (280,2806,2702);
INSERT INTO rm_category (fkContext,fkParent,sName,tDescription) VALUES (280,272,'Knowledge','Knowledge');
INSERT INTO isms_context_date (sUserName, nUserId, fkContext, nAction, ddate) VALUES ('Realiso Online',0,280,2901,NOW());
INSERT INTO isms_context_date (sUserName, nUserId, fkContext, nAction, ddate) VALUES ('Realiso Online',0,280,2902,NOW());

INSERT INTO isms_context (pkContext,nType,nState) VALUES (281,2806,2702);
INSERT INTO rm_category (fkContext,fkParent,sName,tDescription) VALUES (281,213,'Development Server','Development Server');
INSERT INTO isms_context_date (sUserName, nUserId, fkContext, nAction, ddate) VALUES ('Realiso Online',0,281,2901,NOW());
INSERT INTO isms_context_date (sUserName, nUserId, fkContext, nAction, ddate) VALUES ('Realiso Online',0,281,2902,NOW());

INSERT INTO isms_context (pkContext,nType,nState) VALUES (282,2806,2702);
INSERT INTO rm_category (fkContext,fkParent,sName,tDescription) VALUES (282,213,'Mainframe','Mainframe');
INSERT INTO isms_context_date (sUserName, nUserId, fkContext, nAction, ddate) VALUES ('Realiso Online',0,282,2901,NOW());
INSERT INTO isms_context_date (sUserName, nUserId, fkContext, nAction, ddate) VALUES ('Realiso Online',0,282,2902,NOW());

INSERT INTO isms_context (pkContext,nType,nState) VALUES (283,2806,2702);
INSERT INTO rm_category (fkContext,fkParent,sName,tDescription) VALUES (283,213,'Mobile Devices','Mobile Devices');
INSERT INTO isms_context_date (sUserName, nUserId, fkContext, nAction, ddate) VALUES ('Realiso Online',0,283,2901,NOW());
INSERT INTO isms_context_date (sUserName, nUserId, fkContext, nAction, ddate) VALUES ('Realiso Online',0,283,2902,NOW());

INSERT INTO isms_context (pkContext,nType,nState) VALUES (284,2806,2702);
INSERT INTO rm_category (fkContext,fkParent,sName,tDescription) VALUES (284,213,'Production Server','Production Server');
INSERT INTO isms_context_date (sUserName, nUserId, fkContext, nAction, ddate) VALUES ('Realiso Online',0,284,2901,NOW());
INSERT INTO isms_context_date (sUserName, nUserId, fkContext, nAction, ddate) VALUES ('Realiso Online',0,284,2902,NOW());

INSERT INTO isms_context (pkContext,nType,nState) VALUES (285,2806,2702);
INSERT INTO rm_category (fkContext,fkParent,sName,tDescription) VALUES (285,213,'Workstation','Workstation');
INSERT INTO isms_context_date (sUserName, nUserId, fkContext, nAction, ddate) VALUES ('Realiso Online',0,285,2901,NOW());
INSERT INTO isms_context_date (sUserName, nUserId, fkContext, nAction, ddate) VALUES ('Realiso Online',0,285,2902,NOW());

INSERT INTO isms_context (pkContext,nType,nState) VALUES (286,2806,2702);
INSERT INTO rm_category (fkContext,fkParent,sName,tDescription) VALUES (286,221,'Modem','Modem');
INSERT INTO isms_context_date (sUserName, nUserId, fkContext, nAction, ddate) VALUES ('Realiso Online',0,286,2901,NOW());
INSERT INTO isms_context_date (sUserName, nUserId, fkContext, nAction, ddate) VALUES ('Realiso Online',0,286,2902,NOW());

INSERT INTO isms_context (pkContext,nType,nState) VALUES (287,2806,2702);
INSERT INTO rm_category (fkContext,fkParent,sName,tDescription) VALUES (287,209,'Tape','Tape');
INSERT INTO isms_context_date (sUserName, nUserId, fkContext, nAction, ddate) VALUES ('Realiso Online',0,287,2901,NOW());
INSERT INTO isms_context_date (sUserName, nUserId, fkContext, nAction, ddate) VALUES ('Realiso Online',0,287,2902,NOW());

INSERT INTO isms_context (pkContext,nType,nState) VALUES (288,2806,2702);
INSERT INTO rm_category (fkContext,fkParent,sName,tDescription) VALUES (288,228,'Security Services','Security Services');
INSERT INTO isms_context_date (sUserName, nUserId, fkContext, nAction, ddate) VALUES ('Realiso Online',0,288,2901,NOW());
INSERT INTO isms_context_date (sUserName, nUserId, fkContext, nAction, ddate) VALUES ('Realiso Online',0,288,2902,NOW());

INSERT INTO isms_context (pkContext,nType,nState) VALUES (289,2806,2702);
INSERT INTO rm_category (fkContext,fkParent,sName,tDescription) VALUES (289,229,'Data Processing Service','Data Processing Service');
INSERT INTO isms_context_date (sUserName, nUserId, fkContext, nAction, ddate) VALUES ('Realiso Online',0,289,2901,NOW());
INSERT INTO isms_context_date (sUserName, nUserId, fkContext, nAction, ddate) VALUES ('Realiso Online',0,289,2902,NOW());

INSERT INTO isms_context (pkContext,nType,nState) VALUES (290,2806,2702);
INSERT INTO rm_category (fkContext,fkParent,sName,tDescription) VALUES (290,128,'Applications','Applications');
INSERT INTO isms_context_date (sUserName, nUserId, fkContext, nAction, ddate) VALUES ('Realiso Online',0,290,2901,NOW());
INSERT INTO isms_context_date (sUserName, nUserId, fkContext, nAction, ddate) VALUES ('Realiso Online',0,290,2902,NOW());

INSERT INTO isms_context (pkContext,nType,nState) VALUES (291,2806,2702);
INSERT INTO rm_category (fkContext,fkParent,sName,tDescription) VALUES (291,290,'Browser','Browser');
INSERT INTO isms_context_date (sUserName, nUserId, fkContext, nAction, ddate) VALUES ('Realiso Online',0,291,2901,NOW());
INSERT INTO isms_context_date (sUserName, nUserId, fkContext, nAction, ddate) VALUES ('Realiso Online',0,291,2902,NOW());

INSERT INTO isms_context (pkContext,nType,nState) VALUES (292,2806,2702);
INSERT INTO rm_category (fkContext,fkParent,sName,tDescription) VALUES (292,290,'E-mail Client','E-mail Client');
INSERT INTO isms_context_date (sUserName, nUserId, fkContext, nAction, ddate) VALUES ('Realiso Online',0,292,2901,NOW());
INSERT INTO isms_context_date (sUserName, nUserId, fkContext, nAction, ddate) VALUES ('Realiso Online',0,292,2902,NOW());

INSERT INTO isms_context (pkContext,nType,nState) VALUES (293,2806,2702);
INSERT INTO rm_category (fkContext,fkParent,sName,tDescription) VALUES (293,290,'Engineering Application','Engineering Application');
INSERT INTO isms_context_date (sUserName, nUserId, fkContext, nAction, ddate) VALUES ('Realiso Online',0,293,2901,NOW());
INSERT INTO isms_context_date (sUserName, nUserId, fkContext, nAction, ddate) VALUES ('Realiso Online',0,293,2902,NOW());

INSERT INTO isms_context (pkContext,nType,nState) VALUES (294,2806,2702);
INSERT INTO rm_category (fkContext,fkParent,sName,tDescription) VALUES (294,290,'Office Application','Office Application');
INSERT INTO isms_context_date (sUserName, nUserId, fkContext, nAction, ddate) VALUES ('Realiso Online',0,294,2901,NOW());
INSERT INTO isms_context_date (sUserName, nUserId, fkContext, nAction, ddate) VALUES ('Realiso Online',0,294,2902,NOW());

INSERT INTO isms_context (pkContext,nType,nState) VALUES (295,2806,2702);
INSERT INTO rm_category (fkContext,fkParent,sName,tDescription) VALUES (295,290,'Communication Application','Communication Application');
INSERT INTO isms_context_date (sUserName, nUserId, fkContext, nAction, ddate) VALUES ('Realiso Online',0,295,2901,NOW());
INSERT INTO isms_context_date (sUserName, nUserId, fkContext, nAction, ddate) VALUES ('Realiso Online',0,295,2902,NOW());

INSERT INTO isms_context (pkContext,nType,nState) VALUES (296,2806,2702);
INSERT INTO rm_category (fkContext,fkParent,sName,tDescription) VALUES (296,290,'Development Tools','Development Tools');
INSERT INTO isms_context_date (sUserName, nUserId, fkContext, nAction, ddate) VALUES ('Realiso Online',0,296,2901,NOW());
INSERT INTO isms_context_date (sUserName, nUserId, fkContext, nAction, ddate) VALUES ('Realiso Online',0,296,2902,NOW());

INSERT INTO isms_context (pkContext,nType,nState) VALUES (297,2806,2702);
INSERT INTO rm_category (fkContext,fkParent,sName,tDescription) VALUES (297,221,'Modem','Modem');
INSERT INTO isms_context_date (sUserName, nUserId, fkContext, nAction, ddate) VALUES ('Realiso Online',0,297,2901,NOW());
INSERT INTO isms_context_date (sUserName, nUserId, fkContext, nAction, ddate) VALUES ('Realiso Online',0,297,2902,NOW());

