INSERT INTO isms_context (pkContext,nType,nState) VALUES (2500,2814,2702);
INSERT INTO rm_best_practice_standard (fkContext,fkStandard,fkBestPractice) VALUES (2500,2400,1800);
INSERT INTO isms_context_date (sUserName, nUserId, fkContext, nAction, ddate) VALUES ('Realiso Online',0,2500,2901,NOW());
INSERT INTO isms_context_date (sUserName, nUserId, fkContext, nAction, ddate) VALUES ('Realiso Online',0,2500,2902,NOW());

INSERT INTO isms_context (pkContext,nType,nState) VALUES (2501,2814,2702);
INSERT INTO rm_best_practice_standard (fkContext,fkStandard,fkBestPractice) VALUES (2501,2400,1801);
INSERT INTO isms_context_date (sUserName, nUserId, fkContext, nAction, ddate) VALUES ('Realiso Online',0,2501,2901,NOW());
INSERT INTO isms_context_date (sUserName, nUserId, fkContext, nAction, ddate) VALUES ('Realiso Online',0,2501,2902,NOW());

INSERT INTO isms_context (pkContext,nType,nState) VALUES (2502,2814,2702);
INSERT INTO rm_best_practice_standard (fkContext,fkStandard,fkBestPractice) VALUES (2502,2400,1802);
INSERT INTO isms_context_date (sUserName, nUserId, fkContext, nAction, ddate) VALUES ('Realiso Online',0,2502,2901,NOW());
INSERT INTO isms_context_date (sUserName, nUserId, fkContext, nAction, ddate) VALUES ('Realiso Online',0,2502,2902,NOW());

INSERT INTO isms_context (pkContext,nType,nState) VALUES (2503,2814,2702);
INSERT INTO rm_best_practice_standard (fkContext,fkStandard,fkBestPractice) VALUES (2503,2400,1803);
INSERT INTO isms_context_date (sUserName, nUserId, fkContext, nAction, ddate) VALUES ('Realiso Online',0,2503,2901,NOW());
INSERT INTO isms_context_date (sUserName, nUserId, fkContext, nAction, ddate) VALUES ('Realiso Online',0,2503,2902,NOW());

INSERT INTO isms_context (pkContext,nType,nState) VALUES (2504,2814,2702);
INSERT INTO rm_best_practice_standard (fkContext,fkStandard,fkBestPractice) VALUES (2504,2400,1804);
INSERT INTO isms_context_date (sUserName, nUserId, fkContext, nAction, ddate) VALUES ('Realiso Online',0,2504,2901,NOW());
INSERT INTO isms_context_date (sUserName, nUserId, fkContext, nAction, ddate) VALUES ('Realiso Online',0,2504,2902,NOW());

INSERT INTO isms_context (pkContext,nType,nState) VALUES (2505,2814,2702);
INSERT INTO rm_best_practice_standard (fkContext,fkStandard,fkBestPractice) VALUES (2505,2400,1805);
INSERT INTO isms_context_date (sUserName, nUserId, fkContext, nAction, ddate) VALUES ('Realiso Online',0,2505,2901,NOW());
INSERT INTO isms_context_date (sUserName, nUserId, fkContext, nAction, ddate) VALUES ('Realiso Online',0,2505,2902,NOW());

INSERT INTO isms_context (pkContext,nType,nState) VALUES (2506,2814,2702);
INSERT INTO rm_best_practice_standard (fkContext,fkStandard,fkBestPractice) VALUES (2506,2400,1806);
INSERT INTO isms_context_date (sUserName, nUserId, fkContext, nAction, ddate) VALUES ('Realiso Online',0,2506,2901,NOW());
INSERT INTO isms_context_date (sUserName, nUserId, fkContext, nAction, ddate) VALUES ('Realiso Online',0,2506,2902,NOW());

INSERT INTO isms_context (pkContext,nType,nState) VALUES (2507,2814,2702);
INSERT INTO rm_best_practice_standard (fkContext,fkStandard,fkBestPractice) VALUES (2507,2400,1807);
INSERT INTO isms_context_date (sUserName, nUserId, fkContext, nAction, ddate) VALUES ('Realiso Online',0,2507,2901,NOW());
INSERT INTO isms_context_date (sUserName, nUserId, fkContext, nAction, ddate) VALUES ('Realiso Online',0,2507,2902,NOW());

INSERT INTO isms_context (pkContext,nType,nState) VALUES (2508,2814,2702);
INSERT INTO rm_best_practice_standard (fkContext,fkStandard,fkBestPractice) VALUES (2508,2400,1808);
INSERT INTO isms_context_date (sUserName, nUserId, fkContext, nAction, ddate) VALUES ('Realiso Online',0,2508,2901,NOW());
INSERT INTO isms_context_date (sUserName, nUserId, fkContext, nAction, ddate) VALUES ('Realiso Online',0,2508,2902,NOW());

INSERT INTO isms_context (pkContext,nType,nState) VALUES (2509,2814,2702);
INSERT INTO rm_best_practice_standard (fkContext,fkStandard,fkBestPractice) VALUES (2509,2400,1809);
INSERT INTO isms_context_date (sUserName, nUserId, fkContext, nAction, ddate) VALUES ('Realiso Online',0,2509,2901,NOW());
INSERT INTO isms_context_date (sUserName, nUserId, fkContext, nAction, ddate) VALUES ('Realiso Online',0,2509,2902,NOW());

INSERT INTO isms_context (pkContext,nType,nState) VALUES (2510,2814,2702);
INSERT INTO rm_best_practice_standard (fkContext,fkStandard,fkBestPractice) VALUES (2510,2400,1810);
INSERT INTO isms_context_date (sUserName, nUserId, fkContext, nAction, ddate) VALUES ('Realiso Online',0,2510,2901,NOW());
INSERT INTO isms_context_date (sUserName, nUserId, fkContext, nAction, ddate) VALUES ('Realiso Online',0,2510,2902,NOW());

INSERT INTO isms_context (pkContext,nType,nState) VALUES (2511,2814,2702);
INSERT INTO rm_best_practice_standard (fkContext,fkStandard,fkBestPractice) VALUES (2511,2400,1811);
INSERT INTO isms_context_date (sUserName, nUserId, fkContext, nAction, ddate) VALUES ('Realiso Online',0,2511,2901,NOW());
INSERT INTO isms_context_date (sUserName, nUserId, fkContext, nAction, ddate) VALUES ('Realiso Online',0,2511,2902,NOW());

INSERT INTO isms_context (pkContext,nType,nState) VALUES (2512,2814,2702);
INSERT INTO rm_best_practice_standard (fkContext,fkStandard,fkBestPractice) VALUES (2512,2400,1812);
INSERT INTO isms_context_date (sUserName, nUserId, fkContext, nAction, ddate) VALUES ('Realiso Online',0,2512,2901,NOW());
INSERT INTO isms_context_date (sUserName, nUserId, fkContext, nAction, ddate) VALUES ('Realiso Online',0,2512,2902,NOW());

INSERT INTO isms_context (pkContext,nType,nState) VALUES (2513,2814,2702);
INSERT INTO rm_best_practice_standard (fkContext,fkStandard,fkBestPractice) VALUES (2513,2400,1813);
INSERT INTO isms_context_date (sUserName, nUserId, fkContext, nAction, ddate) VALUES ('Realiso Online',0,2513,2901,NOW());
INSERT INTO isms_context_date (sUserName, nUserId, fkContext, nAction, ddate) VALUES ('Realiso Online',0,2513,2902,NOW());

INSERT INTO isms_context (pkContext,nType,nState) VALUES (2514,2814,2702);
INSERT INTO rm_best_practice_standard (fkContext,fkStandard,fkBestPractice) VALUES (2514,2400,1814);
INSERT INTO isms_context_date (sUserName, nUserId, fkContext, nAction, ddate) VALUES ('Realiso Online',0,2514,2901,NOW());
INSERT INTO isms_context_date (sUserName, nUserId, fkContext, nAction, ddate) VALUES ('Realiso Online',0,2514,2902,NOW());

INSERT INTO isms_context (pkContext,nType,nState) VALUES (2515,2814,2702);
INSERT INTO rm_best_practice_standard (fkContext,fkStandard,fkBestPractice) VALUES (2515,2400,1815);
INSERT INTO isms_context_date (sUserName, nUserId, fkContext, nAction, ddate) VALUES ('Realiso Online',0,2515,2901,NOW());
INSERT INTO isms_context_date (sUserName, nUserId, fkContext, nAction, ddate) VALUES ('Realiso Online',0,2515,2902,NOW());

INSERT INTO isms_context (pkContext,nType,nState) VALUES (2516,2814,2702);
INSERT INTO rm_best_practice_standard (fkContext,fkStandard,fkBestPractice) VALUES (2516,2400,1816);
INSERT INTO isms_context_date (sUserName, nUserId, fkContext, nAction, ddate) VALUES ('Realiso Online',0,2516,2901,NOW());
INSERT INTO isms_context_date (sUserName, nUserId, fkContext, nAction, ddate) VALUES ('Realiso Online',0,2516,2902,NOW());

INSERT INTO isms_context (pkContext,nType,nState) VALUES (2517,2814,2702);
INSERT INTO rm_best_practice_standard (fkContext,fkStandard,fkBestPractice) VALUES (2517,2400,1817);
INSERT INTO isms_context_date (sUserName, nUserId, fkContext, nAction, ddate) VALUES ('Realiso Online',0,2517,2901,NOW());
INSERT INTO isms_context_date (sUserName, nUserId, fkContext, nAction, ddate) VALUES ('Realiso Online',0,2517,2902,NOW());

INSERT INTO isms_context (pkContext,nType,nState) VALUES (2518,2814,2702);
INSERT INTO rm_best_practice_standard (fkContext,fkStandard,fkBestPractice) VALUES (2518,2400,1818);
INSERT INTO isms_context_date (sUserName, nUserId, fkContext, nAction, ddate) VALUES ('Realiso Online',0,2518,2901,NOW());
INSERT INTO isms_context_date (sUserName, nUserId, fkContext, nAction, ddate) VALUES ('Realiso Online',0,2518,2902,NOW());

INSERT INTO isms_context (pkContext,nType,nState) VALUES (2519,2814,2702);
INSERT INTO rm_best_practice_standard (fkContext,fkStandard,fkBestPractice) VALUES (2519,2400,1819);
INSERT INTO isms_context_date (sUserName, nUserId, fkContext, nAction, ddate) VALUES ('Realiso Online',0,2519,2901,NOW());
INSERT INTO isms_context_date (sUserName, nUserId, fkContext, nAction, ddate) VALUES ('Realiso Online',0,2519,2902,NOW());

INSERT INTO isms_context (pkContext,nType,nState) VALUES (2520,2814,2702);
INSERT INTO rm_best_practice_standard (fkContext,fkStandard,fkBestPractice) VALUES (2520,2400,1820);
INSERT INTO isms_context_date (sUserName, nUserId, fkContext, nAction, ddate) VALUES ('Realiso Online',0,2520,2901,NOW());
INSERT INTO isms_context_date (sUserName, nUserId, fkContext, nAction, ddate) VALUES ('Realiso Online',0,2520,2902,NOW());

INSERT INTO isms_context (pkContext,nType,nState) VALUES (2521,2814,2702);
INSERT INTO rm_best_practice_standard (fkContext,fkStandard,fkBestPractice) VALUES (2521,2400,1821);
INSERT INTO isms_context_date (sUserName, nUserId, fkContext, nAction, ddate) VALUES ('Realiso Online',0,2521,2901,NOW());
INSERT INTO isms_context_date (sUserName, nUserId, fkContext, nAction, ddate) VALUES ('Realiso Online',0,2521,2902,NOW());

INSERT INTO isms_context (pkContext,nType,nState) VALUES (2522,2814,2702);
INSERT INTO rm_best_practice_standard (fkContext,fkStandard,fkBestPractice) VALUES (2522,2400,1822);
INSERT INTO isms_context_date (sUserName, nUserId, fkContext, nAction, ddate) VALUES ('Realiso Online',0,2522,2901,NOW());
INSERT INTO isms_context_date (sUserName, nUserId, fkContext, nAction, ddate) VALUES ('Realiso Online',0,2522,2902,NOW());

INSERT INTO isms_context (pkContext,nType,nState) VALUES (2523,2814,2702);
INSERT INTO rm_best_practice_standard (fkContext,fkStandard,fkBestPractice) VALUES (2523,2400,1823);
INSERT INTO isms_context_date (sUserName, nUserId, fkContext, nAction, ddate) VALUES ('Realiso Online',0,2523,2901,NOW());
INSERT INTO isms_context_date (sUserName, nUserId, fkContext, nAction, ddate) VALUES ('Realiso Online',0,2523,2902,NOW());

INSERT INTO isms_context (pkContext,nType,nState) VALUES (2524,2814,2702);
INSERT INTO rm_best_practice_standard (fkContext,fkStandard,fkBestPractice) VALUES (2524,2400,1824);
INSERT INTO isms_context_date (sUserName, nUserId, fkContext, nAction, ddate) VALUES ('Realiso Online',0,2524,2901,NOW());
INSERT INTO isms_context_date (sUserName, nUserId, fkContext, nAction, ddate) VALUES ('Realiso Online',0,2524,2902,NOW());

INSERT INTO isms_context (pkContext,nType,nState) VALUES (2525,2814,2702);
INSERT INTO rm_best_practice_standard (fkContext,fkStandard,fkBestPractice) VALUES (2525,2400,1825);
INSERT INTO isms_context_date (sUserName, nUserId, fkContext, nAction, ddate) VALUES ('Realiso Online',0,2525,2901,NOW());
INSERT INTO isms_context_date (sUserName, nUserId, fkContext, nAction, ddate) VALUES ('Realiso Online',0,2525,2902,NOW());

INSERT INTO isms_context (pkContext,nType,nState) VALUES (2526,2814,2702);
INSERT INTO rm_best_practice_standard (fkContext,fkStandard,fkBestPractice) VALUES (2526,2400,1826);
INSERT INTO isms_context_date (sUserName, nUserId, fkContext, nAction, ddate) VALUES ('Realiso Online',0,2526,2901,NOW());
INSERT INTO isms_context_date (sUserName, nUserId, fkContext, nAction, ddate) VALUES ('Realiso Online',0,2526,2902,NOW());

INSERT INTO isms_context (pkContext,nType,nState) VALUES (2527,2814,2702);
INSERT INTO rm_best_practice_standard (fkContext,fkStandard,fkBestPractice) VALUES (2527,2400,1827);
INSERT INTO isms_context_date (sUserName, nUserId, fkContext, nAction, ddate) VALUES ('Realiso Online',0,2527,2901,NOW());
INSERT INTO isms_context_date (sUserName, nUserId, fkContext, nAction, ddate) VALUES ('Realiso Online',0,2527,2902,NOW());

INSERT INTO isms_context (pkContext,nType,nState) VALUES (2528,2814,2702);
INSERT INTO rm_best_practice_standard (fkContext,fkStandard,fkBestPractice) VALUES (2528,2400,1828);
INSERT INTO isms_context_date (sUserName, nUserId, fkContext, nAction, ddate) VALUES ('Realiso Online',0,2528,2901,NOW());
INSERT INTO isms_context_date (sUserName, nUserId, fkContext, nAction, ddate) VALUES ('Realiso Online',0,2528,2902,NOW());

INSERT INTO isms_context (pkContext,nType,nState) VALUES (2529,2814,2702);
INSERT INTO rm_best_practice_standard (fkContext,fkStandard,fkBestPractice) VALUES (2529,2400,1829);
INSERT INTO isms_context_date (sUserName, nUserId, fkContext, nAction, ddate) VALUES ('Realiso Online',0,2529,2901,NOW());
INSERT INTO isms_context_date (sUserName, nUserId, fkContext, nAction, ddate) VALUES ('Realiso Online',0,2529,2902,NOW());

INSERT INTO isms_context (pkContext,nType,nState) VALUES (2530,2814,2702);
INSERT INTO rm_best_practice_standard (fkContext,fkStandard,fkBestPractice) VALUES (2530,2400,1830);
INSERT INTO isms_context_date (sUserName, nUserId, fkContext, nAction, ddate) VALUES ('Realiso Online',0,2530,2901,NOW());
INSERT INTO isms_context_date (sUserName, nUserId, fkContext, nAction, ddate) VALUES ('Realiso Online',0,2530,2902,NOW());

INSERT INTO isms_context (pkContext,nType,nState) VALUES (2531,2814,2702);
INSERT INTO rm_best_practice_standard (fkContext,fkStandard,fkBestPractice) VALUES (2531,2400,1831);
INSERT INTO isms_context_date (sUserName, nUserId, fkContext, nAction, ddate) VALUES ('Realiso Online',0,2531,2901,NOW());
INSERT INTO isms_context_date (sUserName, nUserId, fkContext, nAction, ddate) VALUES ('Realiso Online',0,2531,2902,NOW());

INSERT INTO isms_context (pkContext,nType,nState) VALUES (2532,2814,2702);
INSERT INTO rm_best_practice_standard (fkContext,fkStandard,fkBestPractice) VALUES (2532,2400,1832);
INSERT INTO isms_context_date (sUserName, nUserId, fkContext, nAction, ddate) VALUES ('Realiso Online',0,2532,2901,NOW());
INSERT INTO isms_context_date (sUserName, nUserId, fkContext, nAction, ddate) VALUES ('Realiso Online',0,2532,2902,NOW());

INSERT INTO isms_context (pkContext,nType,nState) VALUES (2533,2814,2702);
INSERT INTO rm_best_practice_standard (fkContext,fkStandard,fkBestPractice) VALUES (2533,2400,1833);
INSERT INTO isms_context_date (sUserName, nUserId, fkContext, nAction, ddate) VALUES ('Realiso Online',0,2533,2901,NOW());
INSERT INTO isms_context_date (sUserName, nUserId, fkContext, nAction, ddate) VALUES ('Realiso Online',0,2533,2902,NOW());

INSERT INTO isms_context (pkContext,nType,nState) VALUES (2534,2814,2702);
INSERT INTO rm_best_practice_standard (fkContext,fkStandard,fkBestPractice) VALUES (2534,2400,1834);
INSERT INTO isms_context_date (sUserName, nUserId, fkContext, nAction, ddate) VALUES ('Realiso Online',0,2534,2901,NOW());
INSERT INTO isms_context_date (sUserName, nUserId, fkContext, nAction, ddate) VALUES ('Realiso Online',0,2534,2902,NOW());

INSERT INTO isms_context (pkContext,nType,nState) VALUES (2535,2814,2702);
INSERT INTO rm_best_practice_standard (fkContext,fkStandard,fkBestPractice) VALUES (2535,2400,1835);
INSERT INTO isms_context_date (sUserName, nUserId, fkContext, nAction, ddate) VALUES ('Realiso Online',0,2535,2901,NOW());
INSERT INTO isms_context_date (sUserName, nUserId, fkContext, nAction, ddate) VALUES ('Realiso Online',0,2535,2902,NOW());

INSERT INTO isms_context (pkContext,nType,nState) VALUES (2536,2814,2702);
INSERT INTO rm_best_practice_standard (fkContext,fkStandard,fkBestPractice) VALUES (2536,2400,1837);
INSERT INTO isms_context_date (sUserName, nUserId, fkContext, nAction, ddate) VALUES ('Realiso Online',0,2536,2901,NOW());
INSERT INTO isms_context_date (sUserName, nUserId, fkContext, nAction, ddate) VALUES ('Realiso Online',0,2536,2902,NOW());

INSERT INTO isms_context (pkContext,nType,nState) VALUES (2537,2814,2702);
INSERT INTO rm_best_practice_standard (fkContext,fkStandard,fkBestPractice) VALUES (2537,2400,1838);
INSERT INTO isms_context_date (sUserName, nUserId, fkContext, nAction, ddate) VALUES ('Realiso Online',0,2537,2901,NOW());
INSERT INTO isms_context_date (sUserName, nUserId, fkContext, nAction, ddate) VALUES ('Realiso Online',0,2537,2902,NOW());

INSERT INTO isms_context (pkContext,nType,nState) VALUES (2538,2814,2702);
INSERT INTO rm_best_practice_standard (fkContext,fkStandard,fkBestPractice) VALUES (2538,2400,1839);
INSERT INTO isms_context_date (sUserName, nUserId, fkContext, nAction, ddate) VALUES ('Realiso Online',0,2538,2901,NOW());
INSERT INTO isms_context_date (sUserName, nUserId, fkContext, nAction, ddate) VALUES ('Realiso Online',0,2538,2902,NOW());

INSERT INTO isms_context (pkContext,nType,nState) VALUES (2539,2814,2702);
INSERT INTO rm_best_practice_standard (fkContext,fkStandard,fkBestPractice) VALUES (2539,2400,1840);
INSERT INTO isms_context_date (sUserName, nUserId, fkContext, nAction, ddate) VALUES ('Realiso Online',0,2539,2901,NOW());
INSERT INTO isms_context_date (sUserName, nUserId, fkContext, nAction, ddate) VALUES ('Realiso Online',0,2539,2902,NOW());

INSERT INTO isms_context (pkContext,nType,nState) VALUES (2540,2814,2702);
INSERT INTO rm_best_practice_standard (fkContext,fkStandard,fkBestPractice) VALUES (2540,2400,1841);
INSERT INTO isms_context_date (sUserName, nUserId, fkContext, nAction, ddate) VALUES ('Realiso Online',0,2540,2901,NOW());
INSERT INTO isms_context_date (sUserName, nUserId, fkContext, nAction, ddate) VALUES ('Realiso Online',0,2540,2902,NOW());

INSERT INTO isms_context (pkContext,nType,nState) VALUES (2541,2814,2702);
INSERT INTO rm_best_practice_standard (fkContext,fkStandard,fkBestPractice) VALUES (2541,2400,1842);
INSERT INTO isms_context_date (sUserName, nUserId, fkContext, nAction, ddate) VALUES ('Realiso Online',0,2541,2901,NOW());
INSERT INTO isms_context_date (sUserName, nUserId, fkContext, nAction, ddate) VALUES ('Realiso Online',0,2541,2902,NOW());

INSERT INTO isms_context (pkContext,nType,nState) VALUES (2542,2814,2702);
INSERT INTO rm_best_practice_standard (fkContext,fkStandard,fkBestPractice) VALUES (2542,2400,1843);
INSERT INTO isms_context_date (sUserName, nUserId, fkContext, nAction, ddate) VALUES ('Realiso Online',0,2542,2901,NOW());
INSERT INTO isms_context_date (sUserName, nUserId, fkContext, nAction, ddate) VALUES ('Realiso Online',0,2542,2902,NOW());

INSERT INTO isms_context (pkContext,nType,nState) VALUES (2543,2814,2702);
INSERT INTO rm_best_practice_standard (fkContext,fkStandard,fkBestPractice) VALUES (2543,2400,1844);
INSERT INTO isms_context_date (sUserName, nUserId, fkContext, nAction, ddate) VALUES ('Realiso Online',0,2543,2901,NOW());
INSERT INTO isms_context_date (sUserName, nUserId, fkContext, nAction, ddate) VALUES ('Realiso Online',0,2543,2902,NOW());

INSERT INTO isms_context (pkContext,nType,nState) VALUES (2544,2814,2702);
INSERT INTO rm_best_practice_standard (fkContext,fkStandard,fkBestPractice) VALUES (2544,2400,1845);
INSERT INTO isms_context_date (sUserName, nUserId, fkContext, nAction, ddate) VALUES ('Realiso Online',0,2544,2901,NOW());
INSERT INTO isms_context_date (sUserName, nUserId, fkContext, nAction, ddate) VALUES ('Realiso Online',0,2544,2902,NOW());

INSERT INTO isms_context (pkContext,nType,nState) VALUES (2545,2814,2702);
INSERT INTO rm_best_practice_standard (fkContext,fkStandard,fkBestPractice) VALUES (2545,2400,1846);
INSERT INTO isms_context_date (sUserName, nUserId, fkContext, nAction, ddate) VALUES ('Realiso Online',0,2545,2901,NOW());
INSERT INTO isms_context_date (sUserName, nUserId, fkContext, nAction, ddate) VALUES ('Realiso Online',0,2545,2902,NOW());

INSERT INTO isms_context (pkContext,nType,nState) VALUES (2546,2814,2702);
INSERT INTO rm_best_practice_standard (fkContext,fkStandard,fkBestPractice) VALUES (2546,2400,1847);
INSERT INTO isms_context_date (sUserName, nUserId, fkContext, nAction, ddate) VALUES ('Realiso Online',0,2546,2901,NOW());
INSERT INTO isms_context_date (sUserName, nUserId, fkContext, nAction, ddate) VALUES ('Realiso Online',0,2546,2902,NOW());

INSERT INTO isms_context (pkContext,nType,nState) VALUES (2547,2814,2702);
INSERT INTO rm_best_practice_standard (fkContext,fkStandard,fkBestPractice) VALUES (2547,2400,1848);
INSERT INTO isms_context_date (sUserName, nUserId, fkContext, nAction, ddate) VALUES ('Realiso Online',0,2547,2901,NOW());
INSERT INTO isms_context_date (sUserName, nUserId, fkContext, nAction, ddate) VALUES ('Realiso Online',0,2547,2902,NOW());

INSERT INTO isms_context (pkContext,nType,nState) VALUES (2548,2814,2702);
INSERT INTO rm_best_practice_standard (fkContext,fkStandard,fkBestPractice) VALUES (2548,2400,1849);
INSERT INTO isms_context_date (sUserName, nUserId, fkContext, nAction, ddate) VALUES ('Realiso Online',0,2548,2901,NOW());
INSERT INTO isms_context_date (sUserName, nUserId, fkContext, nAction, ddate) VALUES ('Realiso Online',0,2548,2902,NOW());

INSERT INTO isms_context (pkContext,nType,nState) VALUES (2549,2814,2702);
INSERT INTO rm_best_practice_standard (fkContext,fkStandard,fkBestPractice) VALUES (2549,2400,1850);
INSERT INTO isms_context_date (sUserName, nUserId, fkContext, nAction, ddate) VALUES ('Realiso Online',0,2549,2901,NOW());
INSERT INTO isms_context_date (sUserName, nUserId, fkContext, nAction, ddate) VALUES ('Realiso Online',0,2549,2902,NOW());

INSERT INTO isms_context (pkContext,nType,nState) VALUES (2550,2814,2702);
INSERT INTO rm_best_practice_standard (fkContext,fkStandard,fkBestPractice) VALUES (2550,2400,1851);
INSERT INTO isms_context_date (sUserName, nUserId, fkContext, nAction, ddate) VALUES ('Realiso Online',0,2550,2901,NOW());
INSERT INTO isms_context_date (sUserName, nUserId, fkContext, nAction, ddate) VALUES ('Realiso Online',0,2550,2902,NOW());

INSERT INTO isms_context (pkContext,nType,nState) VALUES (2551,2814,2702);
INSERT INTO rm_best_practice_standard (fkContext,fkStandard,fkBestPractice) VALUES (2551,2400,1852);
INSERT INTO isms_context_date (sUserName, nUserId, fkContext, nAction, ddate) VALUES ('Realiso Online',0,2551,2901,NOW());
INSERT INTO isms_context_date (sUserName, nUserId, fkContext, nAction, ddate) VALUES ('Realiso Online',0,2551,2902,NOW());

INSERT INTO isms_context (pkContext,nType,nState) VALUES (2552,2814,2702);
INSERT INTO rm_best_practice_standard (fkContext,fkStandard,fkBestPractice) VALUES (2552,2400,1853);
INSERT INTO isms_context_date (sUserName, nUserId, fkContext, nAction, ddate) VALUES ('Realiso Online',0,2552,2901,NOW());
INSERT INTO isms_context_date (sUserName, nUserId, fkContext, nAction, ddate) VALUES ('Realiso Online',0,2552,2902,NOW());

INSERT INTO isms_context (pkContext,nType,nState) VALUES (2553,2814,2702);
INSERT INTO rm_best_practice_standard (fkContext,fkStandard,fkBestPractice) VALUES (2553,2400,1854);
INSERT INTO isms_context_date (sUserName, nUserId, fkContext, nAction, ddate) VALUES ('Realiso Online',0,2553,2901,NOW());
INSERT INTO isms_context_date (sUserName, nUserId, fkContext, nAction, ddate) VALUES ('Realiso Online',0,2553,2902,NOW());

INSERT INTO isms_context (pkContext,nType,nState) VALUES (2554,2814,2702);
INSERT INTO rm_best_practice_standard (fkContext,fkStandard,fkBestPractice) VALUES (2554,2400,1855);
INSERT INTO isms_context_date (sUserName, nUserId, fkContext, nAction, ddate) VALUES ('Realiso Online',0,2554,2901,NOW());
INSERT INTO isms_context_date (sUserName, nUserId, fkContext, nAction, ddate) VALUES ('Realiso Online',0,2554,2902,NOW());

INSERT INTO isms_context (pkContext,nType,nState) VALUES (2555,2814,2702);
INSERT INTO rm_best_practice_standard (fkContext,fkStandard,fkBestPractice) VALUES (2555,2400,1856);
INSERT INTO isms_context_date (sUserName, nUserId, fkContext, nAction, ddate) VALUES ('Realiso Online',0,2555,2901,NOW());
INSERT INTO isms_context_date (sUserName, nUserId, fkContext, nAction, ddate) VALUES ('Realiso Online',0,2555,2902,NOW());

INSERT INTO isms_context (pkContext,nType,nState) VALUES (2556,2814,2702);
INSERT INTO rm_best_practice_standard (fkContext,fkStandard,fkBestPractice) VALUES (2556,2400,1857);
INSERT INTO isms_context_date (sUserName, nUserId, fkContext, nAction, ddate) VALUES ('Realiso Online',0,2556,2901,NOW());
INSERT INTO isms_context_date (sUserName, nUserId, fkContext, nAction, ddate) VALUES ('Realiso Online',0,2556,2902,NOW());

INSERT INTO isms_context (pkContext,nType,nState) VALUES (2557,2814,2702);
INSERT INTO rm_best_practice_standard (fkContext,fkStandard,fkBestPractice) VALUES (2557,2400,1858);
INSERT INTO isms_context_date (sUserName, nUserId, fkContext, nAction, ddate) VALUES ('Realiso Online',0,2557,2901,NOW());
INSERT INTO isms_context_date (sUserName, nUserId, fkContext, nAction, ddate) VALUES ('Realiso Online',0,2557,2902,NOW());

INSERT INTO isms_context (pkContext,nType,nState) VALUES (2558,2814,2702);
INSERT INTO rm_best_practice_standard (fkContext,fkStandard,fkBestPractice) VALUES (2558,2400,1859);
INSERT INTO isms_context_date (sUserName, nUserId, fkContext, nAction, ddate) VALUES ('Realiso Online',0,2558,2901,NOW());
INSERT INTO isms_context_date (sUserName, nUserId, fkContext, nAction, ddate) VALUES ('Realiso Online',0,2558,2902,NOW());

INSERT INTO isms_context (pkContext,nType,nState) VALUES (2559,2814,2702);
INSERT INTO rm_best_practice_standard (fkContext,fkStandard,fkBestPractice) VALUES (2559,2400,1860);
INSERT INTO isms_context_date (sUserName, nUserId, fkContext, nAction, ddate) VALUES ('Realiso Online',0,2559,2901,NOW());
INSERT INTO isms_context_date (sUserName, nUserId, fkContext, nAction, ddate) VALUES ('Realiso Online',0,2559,2902,NOW());

INSERT INTO isms_context (pkContext,nType,nState) VALUES (2560,2814,2702);
INSERT INTO rm_best_practice_standard (fkContext,fkStandard,fkBestPractice) VALUES (2560,2400,1861);
INSERT INTO isms_context_date (sUserName, nUserId, fkContext, nAction, ddate) VALUES ('Realiso Online',0,2560,2901,NOW());
INSERT INTO isms_context_date (sUserName, nUserId, fkContext, nAction, ddate) VALUES ('Realiso Online',0,2560,2902,NOW());

INSERT INTO isms_context (pkContext,nType,nState) VALUES (2561,2814,2702);
INSERT INTO rm_best_practice_standard (fkContext,fkStandard,fkBestPractice) VALUES (2561,2400,1862);
INSERT INTO isms_context_date (sUserName, nUserId, fkContext, nAction, ddate) VALUES ('Realiso Online',0,2561,2901,NOW());
INSERT INTO isms_context_date (sUserName, nUserId, fkContext, nAction, ddate) VALUES ('Realiso Online',0,2561,2902,NOW());

INSERT INTO isms_context (pkContext,nType,nState) VALUES (2562,2814,2702);
INSERT INTO rm_best_practice_standard (fkContext,fkStandard,fkBestPractice) VALUES (2562,2400,1863);
INSERT INTO isms_context_date (sUserName, nUserId, fkContext, nAction, ddate) VALUES ('Realiso Online',0,2562,2901,NOW());
INSERT INTO isms_context_date (sUserName, nUserId, fkContext, nAction, ddate) VALUES ('Realiso Online',0,2562,2902,NOW());

INSERT INTO isms_context (pkContext,nType,nState) VALUES (2563,2814,2702);
INSERT INTO rm_best_practice_standard (fkContext,fkStandard,fkBestPractice) VALUES (2563,2400,1864);
INSERT INTO isms_context_date (sUserName, nUserId, fkContext, nAction, ddate) VALUES ('Realiso Online',0,2563,2901,NOW());
INSERT INTO isms_context_date (sUserName, nUserId, fkContext, nAction, ddate) VALUES ('Realiso Online',0,2563,2902,NOW());

INSERT INTO isms_context (pkContext,nType,nState) VALUES (2564,2814,2702);
INSERT INTO rm_best_practice_standard (fkContext,fkStandard,fkBestPractice) VALUES (2564,2400,1865);
INSERT INTO isms_context_date (sUserName, nUserId, fkContext, nAction, ddate) VALUES ('Realiso Online',0,2564,2901,NOW());
INSERT INTO isms_context_date (sUserName, nUserId, fkContext, nAction, ddate) VALUES ('Realiso Online',0,2564,2902,NOW());

INSERT INTO isms_context (pkContext,nType,nState) VALUES (2565,2814,2702);
INSERT INTO rm_best_practice_standard (fkContext,fkStandard,fkBestPractice) VALUES (2565,2400,1866);
INSERT INTO isms_context_date (sUserName, nUserId, fkContext, nAction, ddate) VALUES ('Realiso Online',0,2565,2901,NOW());
INSERT INTO isms_context_date (sUserName, nUserId, fkContext, nAction, ddate) VALUES ('Realiso Online',0,2565,2902,NOW());

INSERT INTO isms_context (pkContext,nType,nState) VALUES (2566,2814,2702);
INSERT INTO rm_best_practice_standard (fkContext,fkStandard,fkBestPractice) VALUES (2566,2400,1867);
INSERT INTO isms_context_date (sUserName, nUserId, fkContext, nAction, ddate) VALUES ('Realiso Online',0,2566,2901,NOW());
INSERT INTO isms_context_date (sUserName, nUserId, fkContext, nAction, ddate) VALUES ('Realiso Online',0,2566,2902,NOW());

INSERT INTO isms_context (pkContext,nType,nState) VALUES (2567,2814,2702);
INSERT INTO rm_best_practice_standard (fkContext,fkStandard,fkBestPractice) VALUES (2567,2400,1868);
INSERT INTO isms_context_date (sUserName, nUserId, fkContext, nAction, ddate) VALUES ('Realiso Online',0,2567,2901,NOW());
INSERT INTO isms_context_date (sUserName, nUserId, fkContext, nAction, ddate) VALUES ('Realiso Online',0,2567,2902,NOW());

INSERT INTO isms_context (pkContext,nType,nState) VALUES (2568,2814,2702);
INSERT INTO rm_best_practice_standard (fkContext,fkStandard,fkBestPractice) VALUES (2568,2400,1869);
INSERT INTO isms_context_date (sUserName, nUserId, fkContext, nAction, ddate) VALUES ('Realiso Online',0,2568,2901,NOW());
INSERT INTO isms_context_date (sUserName, nUserId, fkContext, nAction, ddate) VALUES ('Realiso Online',0,2568,2902,NOW());

INSERT INTO isms_context (pkContext,nType,nState) VALUES (2569,2814,2702);
INSERT INTO rm_best_practice_standard (fkContext,fkStandard,fkBestPractice) VALUES (2569,2400,1870);
INSERT INTO isms_context_date (sUserName, nUserId, fkContext, nAction, ddate) VALUES ('Realiso Online',0,2569,2901,NOW());
INSERT INTO isms_context_date (sUserName, nUserId, fkContext, nAction, ddate) VALUES ('Realiso Online',0,2569,2902,NOW());

INSERT INTO isms_context (pkContext,nType,nState) VALUES (2570,2814,2702);
INSERT INTO rm_best_practice_standard (fkContext,fkStandard,fkBestPractice) VALUES (2570,2400,1871);
INSERT INTO isms_context_date (sUserName, nUserId, fkContext, nAction, ddate) VALUES ('Realiso Online',0,2570,2901,NOW());
INSERT INTO isms_context_date (sUserName, nUserId, fkContext, nAction, ddate) VALUES ('Realiso Online',0,2570,2902,NOW());

INSERT INTO isms_context (pkContext,nType,nState) VALUES (2571,2814,2702);
INSERT INTO rm_best_practice_standard (fkContext,fkStandard,fkBestPractice) VALUES (2571,2400,1872);
INSERT INTO isms_context_date (sUserName, nUserId, fkContext, nAction, ddate) VALUES ('Realiso Online',0,2571,2901,NOW());
INSERT INTO isms_context_date (sUserName, nUserId, fkContext, nAction, ddate) VALUES ('Realiso Online',0,2571,2902,NOW());

INSERT INTO isms_context (pkContext,nType,nState) VALUES (2572,2814,2702);
INSERT INTO rm_best_practice_standard (fkContext,fkStandard,fkBestPractice) VALUES (2572,2400,1873);
INSERT INTO isms_context_date (sUserName, nUserId, fkContext, nAction, ddate) VALUES ('Realiso Online',0,2572,2901,NOW());
INSERT INTO isms_context_date (sUserName, nUserId, fkContext, nAction, ddate) VALUES ('Realiso Online',0,2572,2902,NOW());

INSERT INTO isms_context (pkContext,nType,nState) VALUES (2573,2814,2702);
INSERT INTO rm_best_practice_standard (fkContext,fkStandard,fkBestPractice) VALUES (2573,2400,1874);
INSERT INTO isms_context_date (sUserName, nUserId, fkContext, nAction, ddate) VALUES ('Realiso Online',0,2573,2901,NOW());
INSERT INTO isms_context_date (sUserName, nUserId, fkContext, nAction, ddate) VALUES ('Realiso Online',0,2573,2902,NOW());

INSERT INTO isms_context (pkContext,nType,nState) VALUES (2574,2814,2702);
INSERT INTO rm_best_practice_standard (fkContext,fkStandard,fkBestPractice) VALUES (2574,2400,1875);
INSERT INTO isms_context_date (sUserName, nUserId, fkContext, nAction, ddate) VALUES ('Realiso Online',0,2574,2901,NOW());
INSERT INTO isms_context_date (sUserName, nUserId, fkContext, nAction, ddate) VALUES ('Realiso Online',0,2574,2902,NOW());

INSERT INTO isms_context (pkContext,nType,nState) VALUES (2575,2814,2702);
INSERT INTO rm_best_practice_standard (fkContext,fkStandard,fkBestPractice) VALUES (2575,2400,1876);
INSERT INTO isms_context_date (sUserName, nUserId, fkContext, nAction, ddate) VALUES ('Realiso Online',0,2575,2901,NOW());
INSERT INTO isms_context_date (sUserName, nUserId, fkContext, nAction, ddate) VALUES ('Realiso Online',0,2575,2902,NOW());

INSERT INTO isms_context (pkContext,nType,nState) VALUES (2576,2814,2702);
INSERT INTO rm_best_practice_standard (fkContext,fkStandard,fkBestPractice) VALUES (2576,2400,1877);
INSERT INTO isms_context_date (sUserName, nUserId, fkContext, nAction, ddate) VALUES ('Realiso Online',0,2576,2901,NOW());
INSERT INTO isms_context_date (sUserName, nUserId, fkContext, nAction, ddate) VALUES ('Realiso Online',0,2576,2902,NOW());

INSERT INTO isms_context (pkContext,nType,nState) VALUES (2577,2814,2702);
INSERT INTO rm_best_practice_standard (fkContext,fkStandard,fkBestPractice) VALUES (2577,2400,1878);
INSERT INTO isms_context_date (sUserName, nUserId, fkContext, nAction, ddate) VALUES ('Realiso Online',0,2577,2901,NOW());
INSERT INTO isms_context_date (sUserName, nUserId, fkContext, nAction, ddate) VALUES ('Realiso Online',0,2577,2902,NOW());

INSERT INTO isms_context (pkContext,nType,nState) VALUES (2578,2814,2702);
INSERT INTO rm_best_practice_standard (fkContext,fkStandard,fkBestPractice) VALUES (2578,2400,1879);
INSERT INTO isms_context_date (sUserName, nUserId, fkContext, nAction, ddate) VALUES ('Realiso Online',0,2578,2901,NOW());
INSERT INTO isms_context_date (sUserName, nUserId, fkContext, nAction, ddate) VALUES ('Realiso Online',0,2578,2902,NOW());

INSERT INTO isms_context (pkContext,nType,nState) VALUES (2579,2814,2702);
INSERT INTO rm_best_practice_standard (fkContext,fkStandard,fkBestPractice) VALUES (2579,2400,1880);
INSERT INTO isms_context_date (sUserName, nUserId, fkContext, nAction, ddate) VALUES ('Realiso Online',0,2579,2901,NOW());
INSERT INTO isms_context_date (sUserName, nUserId, fkContext, nAction, ddate) VALUES ('Realiso Online',0,2579,2902,NOW());

INSERT INTO isms_context (pkContext,nType,nState) VALUES (2580,2814,2702);
INSERT INTO rm_best_practice_standard (fkContext,fkStandard,fkBestPractice) VALUES (2580,2400,1881);
INSERT INTO isms_context_date (sUserName, nUserId, fkContext, nAction, ddate) VALUES ('Realiso Online',0,2580,2901,NOW());
INSERT INTO isms_context_date (sUserName, nUserId, fkContext, nAction, ddate) VALUES ('Realiso Online',0,2580,2902,NOW());

INSERT INTO isms_context (pkContext,nType,nState) VALUES (2581,2814,2702);
INSERT INTO rm_best_practice_standard (fkContext,fkStandard,fkBestPractice) VALUES (2581,2400,1882);
INSERT INTO isms_context_date (sUserName, nUserId, fkContext, nAction, ddate) VALUES ('Realiso Online',0,2581,2901,NOW());
INSERT INTO isms_context_date (sUserName, nUserId, fkContext, nAction, ddate) VALUES ('Realiso Online',0,2581,2902,NOW());

INSERT INTO isms_context (pkContext,nType,nState) VALUES (2582,2814,2702);
INSERT INTO rm_best_practice_standard (fkContext,fkStandard,fkBestPractice) VALUES (2582,2400,1883);
INSERT INTO isms_context_date (sUserName, nUserId, fkContext, nAction, ddate) VALUES ('Realiso Online',0,2582,2901,NOW());
INSERT INTO isms_context_date (sUserName, nUserId, fkContext, nAction, ddate) VALUES ('Realiso Online',0,2582,2902,NOW());

INSERT INTO isms_context (pkContext,nType,nState) VALUES (2583,2814,2702);
INSERT INTO rm_best_practice_standard (fkContext,fkStandard,fkBestPractice) VALUES (2583,2400,1884);
INSERT INTO isms_context_date (sUserName, nUserId, fkContext, nAction, ddate) VALUES ('Realiso Online',0,2583,2901,NOW());
INSERT INTO isms_context_date (sUserName, nUserId, fkContext, nAction, ddate) VALUES ('Realiso Online',0,2583,2902,NOW());

INSERT INTO isms_context (pkContext,nType,nState) VALUES (2584,2814,2702);
INSERT INTO rm_best_practice_standard (fkContext,fkStandard,fkBestPractice) VALUES (2584,2400,1885);
INSERT INTO isms_context_date (sUserName, nUserId, fkContext, nAction, ddate) VALUES ('Realiso Online',0,2584,2901,NOW());
INSERT INTO isms_context_date (sUserName, nUserId, fkContext, nAction, ddate) VALUES ('Realiso Online',0,2584,2902,NOW());

INSERT INTO isms_context (pkContext,nType,nState) VALUES (2585,2814,2702);
INSERT INTO rm_best_practice_standard (fkContext,fkStandard,fkBestPractice) VALUES (2585,2400,1886);
INSERT INTO isms_context_date (sUserName, nUserId, fkContext, nAction, ddate) VALUES ('Realiso Online',0,2585,2901,NOW());
INSERT INTO isms_context_date (sUserName, nUserId, fkContext, nAction, ddate) VALUES ('Realiso Online',0,2585,2902,NOW());

INSERT INTO isms_context (pkContext,nType,nState) VALUES (2586,2814,2702);
INSERT INTO rm_best_practice_standard (fkContext,fkStandard,fkBestPractice) VALUES (2586,2400,1887);
INSERT INTO isms_context_date (sUserName, nUserId, fkContext, nAction, ddate) VALUES ('Realiso Online',0,2586,2901,NOW());
INSERT INTO isms_context_date (sUserName, nUserId, fkContext, nAction, ddate) VALUES ('Realiso Online',0,2586,2902,NOW());

INSERT INTO isms_context (pkContext,nType,nState) VALUES (2587,2814,2702);
INSERT INTO rm_best_practice_standard (fkContext,fkStandard,fkBestPractice) VALUES (2587,2400,1888);
INSERT INTO isms_context_date (sUserName, nUserId, fkContext, nAction, ddate) VALUES ('Realiso Online',0,2587,2901,NOW());
INSERT INTO isms_context_date (sUserName, nUserId, fkContext, nAction, ddate) VALUES ('Realiso Online',0,2587,2902,NOW());

INSERT INTO isms_context (pkContext,nType,nState) VALUES (2588,2814,2702);
INSERT INTO rm_best_practice_standard (fkContext,fkStandard,fkBestPractice) VALUES (2588,2400,1889);
INSERT INTO isms_context_date (sUserName, nUserId, fkContext, nAction, ddate) VALUES ('Realiso Online',0,2588,2901,NOW());
INSERT INTO isms_context_date (sUserName, nUserId, fkContext, nAction, ddate) VALUES ('Realiso Online',0,2588,2902,NOW());

INSERT INTO isms_context (pkContext,nType,nState) VALUES (2589,2814,2702);
INSERT INTO rm_best_practice_standard (fkContext,fkStandard,fkBestPractice) VALUES (2589,2400,1890);
INSERT INTO isms_context_date (sUserName, nUserId, fkContext, nAction, ddate) VALUES ('Realiso Online',0,2589,2901,NOW());
INSERT INTO isms_context_date (sUserName, nUserId, fkContext, nAction, ddate) VALUES ('Realiso Online',0,2589,2902,NOW());

INSERT INTO isms_context (pkContext,nType,nState) VALUES (2590,2814,2702);
INSERT INTO rm_best_practice_standard (fkContext,fkStandard,fkBestPractice) VALUES (2590,2400,1891);
INSERT INTO isms_context_date (sUserName, nUserId, fkContext, nAction, ddate) VALUES ('Realiso Online',0,2590,2901,NOW());
INSERT INTO isms_context_date (sUserName, nUserId, fkContext, nAction, ddate) VALUES ('Realiso Online',0,2590,2902,NOW());

INSERT INTO isms_context (pkContext,nType,nState) VALUES (2591,2814,2702);
INSERT INTO rm_best_practice_standard (fkContext,fkStandard,fkBestPractice) VALUES (2591,2400,1892);
INSERT INTO isms_context_date (sUserName, nUserId, fkContext, nAction, ddate) VALUES ('Realiso Online',0,2591,2901,NOW());
INSERT INTO isms_context_date (sUserName, nUserId, fkContext, nAction, ddate) VALUES ('Realiso Online',0,2591,2902,NOW());

INSERT INTO isms_context (pkContext,nType,nState) VALUES (2592,2814,2702);
INSERT INTO rm_best_practice_standard (fkContext,fkStandard,fkBestPractice) VALUES (2592,2400,1893);
INSERT INTO isms_context_date (sUserName, nUserId, fkContext, nAction, ddate) VALUES ('Realiso Online',0,2592,2901,NOW());
INSERT INTO isms_context_date (sUserName, nUserId, fkContext, nAction, ddate) VALUES ('Realiso Online',0,2592,2902,NOW());

INSERT INTO isms_context (pkContext,nType,nState) VALUES (2593,2814,2702);
INSERT INTO rm_best_practice_standard (fkContext,fkStandard,fkBestPractice) VALUES (2593,2400,1894);
INSERT INTO isms_context_date (sUserName, nUserId, fkContext, nAction, ddate) VALUES ('Realiso Online',0,2593,2901,NOW());
INSERT INTO isms_context_date (sUserName, nUserId, fkContext, nAction, ddate) VALUES ('Realiso Online',0,2593,2902,NOW());

INSERT INTO isms_context (pkContext,nType,nState) VALUES (2594,2814,2702);
INSERT INTO rm_best_practice_standard (fkContext,fkStandard,fkBestPractice) VALUES (2594,2400,1895);
INSERT INTO isms_context_date (sUserName, nUserId, fkContext, nAction, ddate) VALUES ('Realiso Online',0,2594,2901,NOW());
INSERT INTO isms_context_date (sUserName, nUserId, fkContext, nAction, ddate) VALUES ('Realiso Online',0,2594,2902,NOW());

INSERT INTO isms_context (pkContext,nType,nState) VALUES (2595,2814,2702);
INSERT INTO rm_best_practice_standard (fkContext,fkStandard,fkBestPractice) VALUES (2595,2400,1896);
INSERT INTO isms_context_date (sUserName, nUserId, fkContext, nAction, ddate) VALUES ('Realiso Online',0,2595,2901,NOW());
INSERT INTO isms_context_date (sUserName, nUserId, fkContext, nAction, ddate) VALUES ('Realiso Online',0,2595,2902,NOW());

INSERT INTO isms_context (pkContext,nType,nState) VALUES (2596,2814,2702);
INSERT INTO rm_best_practice_standard (fkContext,fkStandard,fkBestPractice) VALUES (2596,2400,1897);
INSERT INTO isms_context_date (sUserName, nUserId, fkContext, nAction, ddate) VALUES ('Realiso Online',0,2596,2901,NOW());
INSERT INTO isms_context_date (sUserName, nUserId, fkContext, nAction, ddate) VALUES ('Realiso Online',0,2596,2902,NOW());

INSERT INTO isms_context (pkContext,nType,nState) VALUES (2597,2814,2702);
INSERT INTO rm_best_practice_standard (fkContext,fkStandard,fkBestPractice) VALUES (2597,2400,1898);
INSERT INTO isms_context_date (sUserName, nUserId, fkContext, nAction, ddate) VALUES ('Realiso Online',0,2597,2901,NOW());
INSERT INTO isms_context_date (sUserName, nUserId, fkContext, nAction, ddate) VALUES ('Realiso Online',0,2597,2902,NOW());

INSERT INTO isms_context (pkContext,nType,nState) VALUES (2598,2814,2702);
INSERT INTO rm_best_practice_standard (fkContext,fkStandard,fkBestPractice) VALUES (2598,2400,1899);
INSERT INTO isms_context_date (sUserName, nUserId, fkContext, nAction, ddate) VALUES ('Realiso Online',0,2598,2901,NOW());
INSERT INTO isms_context_date (sUserName, nUserId, fkContext, nAction, ddate) VALUES ('Realiso Online',0,2598,2902,NOW());

INSERT INTO isms_context (pkContext,nType,nState) VALUES (2599,2814,2702);
INSERT INTO rm_best_practice_standard (fkContext,fkStandard,fkBestPractice) VALUES (2599,2400,1900);
INSERT INTO isms_context_date (sUserName, nUserId, fkContext, nAction, ddate) VALUES ('Realiso Online',0,2599,2901,NOW());
INSERT INTO isms_context_date (sUserName, nUserId, fkContext, nAction, ddate) VALUES ('Realiso Online',0,2599,2902,NOW());

INSERT INTO isms_context (pkContext,nType,nState) VALUES (2600,2814,2702);
INSERT INTO rm_best_practice_standard (fkContext,fkStandard,fkBestPractice) VALUES (2600,2400,1901);
INSERT INTO isms_context_date (sUserName, nUserId, fkContext, nAction, ddate) VALUES ('Realiso Online',0,2600,2901,NOW());
INSERT INTO isms_context_date (sUserName, nUserId, fkContext, nAction, ddate) VALUES ('Realiso Online',0,2600,2902,NOW());

INSERT INTO isms_context (pkContext,nType,nState) VALUES (2601,2814,2702);
INSERT INTO rm_best_practice_standard (fkContext,fkStandard,fkBestPractice) VALUES (2601,2400,1902);
INSERT INTO isms_context_date (sUserName, nUserId, fkContext, nAction, ddate) VALUES ('Realiso Online',0,2601,2901,NOW());
INSERT INTO isms_context_date (sUserName, nUserId, fkContext, nAction, ddate) VALUES ('Realiso Online',0,2601,2902,NOW());

INSERT INTO isms_context (pkContext,nType,nState) VALUES (2602,2814,2702);
INSERT INTO rm_best_practice_standard (fkContext,fkStandard,fkBestPractice) VALUES (2602,2400,1903);
INSERT INTO isms_context_date (sUserName, nUserId, fkContext, nAction, ddate) VALUES ('Realiso Online',0,2602,2901,NOW());
INSERT INTO isms_context_date (sUserName, nUserId, fkContext, nAction, ddate) VALUES ('Realiso Online',0,2602,2902,NOW());

INSERT INTO isms_context (pkContext,nType,nState) VALUES (2603,2814,2702);
INSERT INTO rm_best_practice_standard (fkContext,fkStandard,fkBestPractice) VALUES (2603,2400,1904);
INSERT INTO isms_context_date (sUserName, nUserId, fkContext, nAction, ddate) VALUES ('Realiso Online',0,2603,2901,NOW());
INSERT INTO isms_context_date (sUserName, nUserId, fkContext, nAction, ddate) VALUES ('Realiso Online',0,2603,2902,NOW());

INSERT INTO isms_context (pkContext,nType,nState) VALUES (2604,2814,2702);
INSERT INTO rm_best_practice_standard (fkContext,fkStandard,fkBestPractice) VALUES (2604,2400,1905);
INSERT INTO isms_context_date (sUserName, nUserId, fkContext, nAction, ddate) VALUES ('Realiso Online',0,2604,2901,NOW());
INSERT INTO isms_context_date (sUserName, nUserId, fkContext, nAction, ddate) VALUES ('Realiso Online',0,2604,2902,NOW());

INSERT INTO isms_context (pkContext,nType,nState) VALUES (2605,2814,2702);
INSERT INTO rm_best_practice_standard (fkContext,fkStandard,fkBestPractice) VALUES (2605,2400,1906);
INSERT INTO isms_context_date (sUserName, nUserId, fkContext, nAction, ddate) VALUES ('Realiso Online',0,2605,2901,NOW());
INSERT INTO isms_context_date (sUserName, nUserId, fkContext, nAction, ddate) VALUES ('Realiso Online',0,2605,2902,NOW());

INSERT INTO isms_context (pkContext,nType,nState) VALUES (2606,2814,2702);
INSERT INTO rm_best_practice_standard (fkContext,fkStandard,fkBestPractice) VALUES (2606,2400,1907);
INSERT INTO isms_context_date (sUserName, nUserId, fkContext, nAction, ddate) VALUES ('Realiso Online',0,2606,2901,NOW());
INSERT INTO isms_context_date (sUserName, nUserId, fkContext, nAction, ddate) VALUES ('Realiso Online',0,2606,2902,NOW());

INSERT INTO isms_context (pkContext,nType,nState) VALUES (2607,2814,2702);
INSERT INTO rm_best_practice_standard (fkContext,fkStandard,fkBestPractice) VALUES (2607,2400,1908);
INSERT INTO isms_context_date (sUserName, nUserId, fkContext, nAction, ddate) VALUES ('Realiso Online',0,2607,2901,NOW());
INSERT INTO isms_context_date (sUserName, nUserId, fkContext, nAction, ddate) VALUES ('Realiso Online',0,2607,2902,NOW());

INSERT INTO isms_context (pkContext,nType,nState) VALUES (2608,2814,2702);
INSERT INTO rm_best_practice_standard (fkContext,fkStandard,fkBestPractice) VALUES (2608,2400,1909);
INSERT INTO isms_context_date (sUserName, nUserId, fkContext, nAction, ddate) VALUES ('Realiso Online',0,2608,2901,NOW());
INSERT INTO isms_context_date (sUserName, nUserId, fkContext, nAction, ddate) VALUES ('Realiso Online',0,2608,2902,NOW());

INSERT INTO isms_context (pkContext,nType,nState) VALUES (2609,2814,2702);
INSERT INTO rm_best_practice_standard (fkContext,fkStandard,fkBestPractice) VALUES (2609,2400,1910);
INSERT INTO isms_context_date (sUserName, nUserId, fkContext, nAction, ddate) VALUES ('Realiso Online',0,2609,2901,NOW());
INSERT INTO isms_context_date (sUserName, nUserId, fkContext, nAction, ddate) VALUES ('Realiso Online',0,2609,2902,NOW());

INSERT INTO isms_context (pkContext,nType,nState) VALUES (2610,2814,2702);
INSERT INTO rm_best_practice_standard (fkContext,fkStandard,fkBestPractice) VALUES (2610,2400,1911);
INSERT INTO isms_context_date (sUserName, nUserId, fkContext, nAction, ddate) VALUES ('Realiso Online',0,2610,2901,NOW());
INSERT INTO isms_context_date (sUserName, nUserId, fkContext, nAction, ddate) VALUES ('Realiso Online',0,2610,2902,NOW());

INSERT INTO isms_context (pkContext,nType,nState) VALUES (2611,2814,2702);
INSERT INTO rm_best_practice_standard (fkContext,fkStandard,fkBestPractice) VALUES (2611,2400,1912);
INSERT INTO isms_context_date (sUserName, nUserId, fkContext, nAction, ddate) VALUES ('Realiso Online',0,2611,2901,NOW());
INSERT INTO isms_context_date (sUserName, nUserId, fkContext, nAction, ddate) VALUES ('Realiso Online',0,2611,2902,NOW());

INSERT INTO isms_context (pkContext,nType,nState) VALUES (2612,2814,2702);
INSERT INTO rm_best_practice_standard (fkContext,fkStandard,fkBestPractice) VALUES (2612,2400,1913);
INSERT INTO isms_context_date (sUserName, nUserId, fkContext, nAction, ddate) VALUES ('Realiso Online',0,2612,2901,NOW());
INSERT INTO isms_context_date (sUserName, nUserId, fkContext, nAction, ddate) VALUES ('Realiso Online',0,2612,2902,NOW());

INSERT INTO isms_context (pkContext,nType,nState) VALUES (2613,2814,2702);
INSERT INTO rm_best_practice_standard (fkContext,fkStandard,fkBestPractice) VALUES (2613,2400,1914);
INSERT INTO isms_context_date (sUserName, nUserId, fkContext, nAction, ddate) VALUES ('Realiso Online',0,2613,2901,NOW());
INSERT INTO isms_context_date (sUserName, nUserId, fkContext, nAction, ddate) VALUES ('Realiso Online',0,2613,2902,NOW());

INSERT INTO isms_context (pkContext,nType,nState) VALUES (2614,2814,2702);
INSERT INTO rm_best_practice_standard (fkContext,fkStandard,fkBestPractice) VALUES (2614,2400,1915);
INSERT INTO isms_context_date (sUserName, nUserId, fkContext, nAction, ddate) VALUES ('Realiso Online',0,2614,2901,NOW());
INSERT INTO isms_context_date (sUserName, nUserId, fkContext, nAction, ddate) VALUES ('Realiso Online',0,2614,2902,NOW());

INSERT INTO isms_context (pkContext,nType,nState) VALUES (2615,2814,2702);
INSERT INTO rm_best_practice_standard (fkContext,fkStandard,fkBestPractice) VALUES (2615,2400,1916);
INSERT INTO isms_context_date (sUserName, nUserId, fkContext, nAction, ddate) VALUES ('Realiso Online',0,2615,2901,NOW());
INSERT INTO isms_context_date (sUserName, nUserId, fkContext, nAction, ddate) VALUES ('Realiso Online',0,2615,2902,NOW());

INSERT INTO isms_context (pkContext,nType,nState) VALUES (2616,2814,2702);
INSERT INTO rm_best_practice_standard (fkContext,fkStandard,fkBestPractice) VALUES (2616,2400,1917);
INSERT INTO isms_context_date (sUserName, nUserId, fkContext, nAction, ddate) VALUES ('Realiso Online',0,2616,2901,NOW());
INSERT INTO isms_context_date (sUserName, nUserId, fkContext, nAction, ddate) VALUES ('Realiso Online',0,2616,2902,NOW());

INSERT INTO isms_context (pkContext,nType,nState) VALUES (2617,2814,2702);
INSERT INTO rm_best_practice_standard (fkContext,fkStandard,fkBestPractice) VALUES (2617,2400,1918);
INSERT INTO isms_context_date (sUserName, nUserId, fkContext, nAction, ddate) VALUES ('Realiso Online',0,2617,2901,NOW());
INSERT INTO isms_context_date (sUserName, nUserId, fkContext, nAction, ddate) VALUES ('Realiso Online',0,2617,2902,NOW());

INSERT INTO isms_context (pkContext,nType,nState) VALUES (2618,2814,2702);
INSERT INTO rm_best_practice_standard (fkContext,fkStandard,fkBestPractice) VALUES (2618,2400,1919);
INSERT INTO isms_context_date (sUserName, nUserId, fkContext, nAction, ddate) VALUES ('Realiso Online',0,2618,2901,NOW());
INSERT INTO isms_context_date (sUserName, nUserId, fkContext, nAction, ddate) VALUES ('Realiso Online',0,2618,2902,NOW());

INSERT INTO isms_context (pkContext,nType,nState) VALUES (2619,2814,2702);
INSERT INTO rm_best_practice_standard (fkContext,fkStandard,fkBestPractice) VALUES (2619,2400,1920);
INSERT INTO isms_context_date (sUserName, nUserId, fkContext, nAction, ddate) VALUES ('Realiso Online',0,2619,2901,NOW());
INSERT INTO isms_context_date (sUserName, nUserId, fkContext, nAction, ddate) VALUES ('Realiso Online',0,2619,2902,NOW());

INSERT INTO isms_context (pkContext,nType,nState) VALUES (2620,2814,2702);
INSERT INTO rm_best_practice_standard (fkContext,fkStandard,fkBestPractice) VALUES (2620,2400,1921);
INSERT INTO isms_context_date (sUserName, nUserId, fkContext, nAction, ddate) VALUES ('Realiso Online',0,2620,2901,NOW());
INSERT INTO isms_context_date (sUserName, nUserId, fkContext, nAction, ddate) VALUES ('Realiso Online',0,2620,2902,NOW());

INSERT INTO isms_context (pkContext,nType,nState) VALUES (2621,2814,2702);
INSERT INTO rm_best_practice_standard (fkContext,fkStandard,fkBestPractice) VALUES (2621,2400,1922);
INSERT INTO isms_context_date (sUserName, nUserId, fkContext, nAction, ddate) VALUES ('Realiso Online',0,2621,2901,NOW());
INSERT INTO isms_context_date (sUserName, nUserId, fkContext, nAction, ddate) VALUES ('Realiso Online',0,2621,2902,NOW());

INSERT INTO isms_context (pkContext,nType,nState) VALUES (2622,2814,2702);
INSERT INTO rm_best_practice_standard (fkContext,fkStandard,fkBestPractice) VALUES (2622,2400,1923);
INSERT INTO isms_context_date (sUserName, nUserId, fkContext, nAction, ddate) VALUES ('Realiso Online',0,2622,2901,NOW());
INSERT INTO isms_context_date (sUserName, nUserId, fkContext, nAction, ddate) VALUES ('Realiso Online',0,2622,2902,NOW());

INSERT INTO isms_context (pkContext,nType,nState) VALUES (2623,2814,2702);
INSERT INTO rm_best_practice_standard (fkContext,fkStandard,fkBestPractice) VALUES (2623,2400,1924);
INSERT INTO isms_context_date (sUserName, nUserId, fkContext, nAction, ddate) VALUES ('Realiso Online',0,2623,2901,NOW());
INSERT INTO isms_context_date (sUserName, nUserId, fkContext, nAction, ddate) VALUES ('Realiso Online',0,2623,2902,NOW());

INSERT INTO isms_context (pkContext,nType,nState) VALUES (2624,2814,2702);
INSERT INTO rm_best_practice_standard (fkContext,fkStandard,fkBestPractice) VALUES (2624,2400,1925);
INSERT INTO isms_context_date (sUserName, nUserId, fkContext, nAction, ddate) VALUES ('Realiso Online',0,2624,2901,NOW());
INSERT INTO isms_context_date (sUserName, nUserId, fkContext, nAction, ddate) VALUES ('Realiso Online',0,2624,2902,NOW());

INSERT INTO isms_context (pkContext,nType,nState) VALUES (2625,2814,2702);
INSERT INTO rm_best_practice_standard (fkContext,fkStandard,fkBestPractice) VALUES (2625,2400,1926);
INSERT INTO isms_context_date (sUserName, nUserId, fkContext, nAction, ddate) VALUES ('Realiso Online',0,2625,2901,NOW());
INSERT INTO isms_context_date (sUserName, nUserId, fkContext, nAction, ddate) VALUES ('Realiso Online',0,2625,2902,NOW());

INSERT INTO isms_context (pkContext,nType,nState) VALUES (2626,2814,2702);
INSERT INTO rm_best_practice_standard (fkContext,fkStandard,fkBestPractice) VALUES (2626,2400,1927);
INSERT INTO isms_context_date (sUserName, nUserId, fkContext, nAction, ddate) VALUES ('Realiso Online',0,2626,2901,NOW());
INSERT INTO isms_context_date (sUserName, nUserId, fkContext, nAction, ddate) VALUES ('Realiso Online',0,2626,2902,NOW());

INSERT INTO isms_context (pkContext,nType,nState) VALUES (2627,2814,2702);
INSERT INTO rm_best_practice_standard (fkContext,fkStandard,fkBestPractice) VALUES (2627,2400,1928);
INSERT INTO isms_context_date (sUserName, nUserId, fkContext, nAction, ddate) VALUES ('Realiso Online',0,2627,2901,NOW());
INSERT INTO isms_context_date (sUserName, nUserId, fkContext, nAction, ddate) VALUES ('Realiso Online',0,2627,2902,NOW());

INSERT INTO isms_context (pkContext,nType,nState) VALUES (2628,2814,2702);
INSERT INTO rm_best_practice_standard (fkContext,fkStandard,fkBestPractice) VALUES (2628,2400,1929);
INSERT INTO isms_context_date (sUserName, nUserId, fkContext, nAction, ddate) VALUES ('Realiso Online',0,2628,2901,NOW());
INSERT INTO isms_context_date (sUserName, nUserId, fkContext, nAction, ddate) VALUES ('Realiso Online',0,2628,2902,NOW());

INSERT INTO isms_context (pkContext,nType,nState) VALUES (2629,2814,2702);
INSERT INTO rm_best_practice_standard (fkContext,fkStandard,fkBestPractice) VALUES (2629,2400,1930);
INSERT INTO isms_context_date (sUserName, nUserId, fkContext, nAction, ddate) VALUES ('Realiso Online',0,2629,2901,NOW());
INSERT INTO isms_context_date (sUserName, nUserId, fkContext, nAction, ddate) VALUES ('Realiso Online',0,2629,2902,NOW());

INSERT INTO isms_context (pkContext,nType,nState) VALUES (2630,2814,2702);
INSERT INTO rm_best_practice_standard (fkContext,fkStandard,fkBestPractice) VALUES (2630,2400,1931);
INSERT INTO isms_context_date (sUserName, nUserId, fkContext, nAction, ddate) VALUES ('Realiso Online',0,2630,2901,NOW());
INSERT INTO isms_context_date (sUserName, nUserId, fkContext, nAction, ddate) VALUES ('Realiso Online',0,2630,2902,NOW());

INSERT INTO isms_context (pkContext,nType,nState) VALUES (2631,2814,2702);
INSERT INTO rm_best_practice_standard (fkContext,fkStandard,fkBestPractice) VALUES (2631,2400,1932);
INSERT INTO isms_context_date (sUserName, nUserId, fkContext, nAction, ddate) VALUES ('Realiso Online',0,2631,2901,NOW());
INSERT INTO isms_context_date (sUserName, nUserId, fkContext, nAction, ddate) VALUES ('Realiso Online',0,2631,2902,NOW());

INSERT INTO isms_context (pkContext,nType,nState) VALUES (2632,2814,2702);
INSERT INTO rm_best_practice_standard (fkContext,fkStandard,fkBestPractice) VALUES (2632,2401,2103);
INSERT INTO isms_context_date (sUserName, nUserId, fkContext, nAction, ddate) VALUES ('Realiso Online',0,2632,2901,NOW());
INSERT INTO isms_context_date (sUserName, nUserId, fkContext, nAction, ddate) VALUES ('Realiso Online',0,2632,2902,NOW());

INSERT INTO isms_context (pkContext,nType,nState) VALUES (2633,2814,2702);
INSERT INTO rm_best_practice_standard (fkContext,fkStandard,fkBestPractice) VALUES (2633,2401,2104);
INSERT INTO isms_context_date (sUserName, nUserId, fkContext, nAction, ddate) VALUES ('Realiso Online',0,2633,2901,NOW());
INSERT INTO isms_context_date (sUserName, nUserId, fkContext, nAction, ddate) VALUES ('Realiso Online',0,2633,2902,NOW());

INSERT INTO isms_context (pkContext,nType,nState) VALUES (2634,2814,2702);
INSERT INTO rm_best_practice_standard (fkContext,fkStandard,fkBestPractice) VALUES (2634,2401,2105);
INSERT INTO isms_context_date (sUserName, nUserId, fkContext, nAction, ddate) VALUES ('Realiso Online',0,2634,2901,NOW());
INSERT INTO isms_context_date (sUserName, nUserId, fkContext, nAction, ddate) VALUES ('Realiso Online',0,2634,2902,NOW());

INSERT INTO isms_context (pkContext,nType,nState) VALUES (2635,2814,2702);
INSERT INTO rm_best_practice_standard (fkContext,fkStandard,fkBestPractice) VALUES (2635,2401,2106);
INSERT INTO isms_context_date (sUserName, nUserId, fkContext, nAction, ddate) VALUES ('Realiso Online',0,2635,2901,NOW());
INSERT INTO isms_context_date (sUserName, nUserId, fkContext, nAction, ddate) VALUES ('Realiso Online',0,2635,2902,NOW());

INSERT INTO isms_context (pkContext,nType,nState) VALUES (2636,2814,2702);
INSERT INTO rm_best_practice_standard (fkContext,fkStandard,fkBestPractice) VALUES (2636,2401,2107);
INSERT INTO isms_context_date (sUserName, nUserId, fkContext, nAction, ddate) VALUES ('Realiso Online',0,2636,2901,NOW());
INSERT INTO isms_context_date (sUserName, nUserId, fkContext, nAction, ddate) VALUES ('Realiso Online',0,2636,2902,NOW());

INSERT INTO isms_context (pkContext,nType,nState) VALUES (2637,2814,2702);
INSERT INTO rm_best_practice_standard (fkContext,fkStandard,fkBestPractice) VALUES (2637,2401,2108);
INSERT INTO isms_context_date (sUserName, nUserId, fkContext, nAction, ddate) VALUES ('Realiso Online',0,2637,2901,NOW());
INSERT INTO isms_context_date (sUserName, nUserId, fkContext, nAction, ddate) VALUES ('Realiso Online',0,2637,2902,NOW());

INSERT INTO isms_context (pkContext,nType,nState) VALUES (2638,2814,2702);
INSERT INTO rm_best_practice_standard (fkContext,fkStandard,fkBestPractice) VALUES (2638,2401,2099);
INSERT INTO isms_context_date (sUserName, nUserId, fkContext, nAction, ddate) VALUES ('Realiso Online',0,2638,2901,NOW());
INSERT INTO isms_context_date (sUserName, nUserId, fkContext, nAction, ddate) VALUES ('Realiso Online',0,2638,2902,NOW());

INSERT INTO isms_context (pkContext,nType,nState) VALUES (2639,2814,2702);
INSERT INTO rm_best_practice_standard (fkContext,fkStandard,fkBestPractice) VALUES (2639,2401,2100);
INSERT INTO isms_context_date (sUserName, nUserId, fkContext, nAction, ddate) VALUES ('Realiso Online',0,2639,2901,NOW());
INSERT INTO isms_context_date (sUserName, nUserId, fkContext, nAction, ddate) VALUES ('Realiso Online',0,2639,2902,NOW());

INSERT INTO isms_context (pkContext,nType,nState) VALUES (2640,2814,2702);
INSERT INTO rm_best_practice_standard (fkContext,fkStandard,fkBestPractice) VALUES (2640,2401,2101);
INSERT INTO isms_context_date (sUserName, nUserId, fkContext, nAction, ddate) VALUES ('Realiso Online',0,2640,2901,NOW());
INSERT INTO isms_context_date (sUserName, nUserId, fkContext, nAction, ddate) VALUES ('Realiso Online',0,2640,2902,NOW());

INSERT INTO isms_context (pkContext,nType,nState) VALUES (2641,2814,2702);
INSERT INTO rm_best_practice_standard (fkContext,fkStandard,fkBestPractice) VALUES (2641,2401,2102);
INSERT INTO isms_context_date (sUserName, nUserId, fkContext, nAction, ddate) VALUES ('Realiso Online',0,2641,2901,NOW());
INSERT INTO isms_context_date (sUserName, nUserId, fkContext, nAction, ddate) VALUES ('Realiso Online',0,2641,2902,NOW());

INSERT INTO isms_context (pkContext,nType,nState) VALUES (2642,2814,2702);
INSERT INTO rm_best_practice_standard (fkContext,fkStandard,fkBestPractice) VALUES (2642,2401,2109);
INSERT INTO isms_context_date (sUserName, nUserId, fkContext, nAction, ddate) VALUES ('Realiso Online',0,2642,2901,NOW());
INSERT INTO isms_context_date (sUserName, nUserId, fkContext, nAction, ddate) VALUES ('Realiso Online',0,2642,2902,NOW());

INSERT INTO isms_context (pkContext,nType,nState) VALUES (2643,2814,2702);
INSERT INTO rm_best_practice_standard (fkContext,fkStandard,fkBestPractice) VALUES (2643,2401,2110);
INSERT INTO isms_context_date (sUserName, nUserId, fkContext, nAction, ddate) VALUES ('Realiso Online',0,2643,2901,NOW());
INSERT INTO isms_context_date (sUserName, nUserId, fkContext, nAction, ddate) VALUES ('Realiso Online',0,2643,2902,NOW());

INSERT INTO isms_context (pkContext,nType,nState) VALUES (2644,2814,2702);
INSERT INTO rm_best_practice_standard (fkContext,fkStandard,fkBestPractice) VALUES (2644,2401,2111);
INSERT INTO isms_context_date (sUserName, nUserId, fkContext, nAction, ddate) VALUES ('Realiso Online',0,2644,2901,NOW());
INSERT INTO isms_context_date (sUserName, nUserId, fkContext, nAction, ddate) VALUES ('Realiso Online',0,2644,2902,NOW());

INSERT INTO isms_context (pkContext,nType,nState) VALUES (2645,2814,2702);
INSERT INTO rm_best_practice_standard (fkContext,fkStandard,fkBestPractice) VALUES (2645,2401,2112);
INSERT INTO isms_context_date (sUserName, nUserId, fkContext, nAction, ddate) VALUES ('Realiso Online',0,2645,2901,NOW());
INSERT INTO isms_context_date (sUserName, nUserId, fkContext, nAction, ddate) VALUES ('Realiso Online',0,2645,2902,NOW());

INSERT INTO isms_context (pkContext,nType,nState) VALUES (2646,2814,2702);
INSERT INTO rm_best_practice_standard (fkContext,fkStandard,fkBestPractice) VALUES (2646,2401,2113);
INSERT INTO isms_context_date (sUserName, nUserId, fkContext, nAction, ddate) VALUES ('Realiso Online',0,2646,2901,NOW());
INSERT INTO isms_context_date (sUserName, nUserId, fkContext, nAction, ddate) VALUES ('Realiso Online',0,2646,2902,NOW());

INSERT INTO isms_context (pkContext,nType,nState) VALUES (2647,2814,2702);
INSERT INTO rm_best_practice_standard (fkContext,fkStandard,fkBestPractice) VALUES (2647,2401,2114);
INSERT INTO isms_context_date (sUserName, nUserId, fkContext, nAction, ddate) VALUES ('Realiso Online',0,2647,2901,NOW());
INSERT INTO isms_context_date (sUserName, nUserId, fkContext, nAction, ddate) VALUES ('Realiso Online',0,2647,2902,NOW());

INSERT INTO isms_context (pkContext,nType,nState) VALUES (2648,2814,2702);
INSERT INTO rm_best_practice_standard (fkContext,fkStandard,fkBestPractice) VALUES (2648,2401,2115);
INSERT INTO isms_context_date (sUserName, nUserId, fkContext, nAction, ddate) VALUES ('Realiso Online',0,2648,2901,NOW());
INSERT INTO isms_context_date (sUserName, nUserId, fkContext, nAction, ddate) VALUES ('Realiso Online',0,2648,2902,NOW());

INSERT INTO isms_context (pkContext,nType,nState) VALUES (2649,2814,2702);
INSERT INTO rm_best_practice_standard (fkContext,fkStandard,fkBestPractice) VALUES (2649,2401,2116);
INSERT INTO isms_context_date (sUserName, nUserId, fkContext, nAction, ddate) VALUES ('Realiso Online',0,2649,2901,NOW());
INSERT INTO isms_context_date (sUserName, nUserId, fkContext, nAction, ddate) VALUES ('Realiso Online',0,2649,2902,NOW());

INSERT INTO isms_context (pkContext,nType,nState) VALUES (2650,2814,2702);
INSERT INTO rm_best_practice_standard (fkContext,fkStandard,fkBestPractice) VALUES (2650,2401,2117);
INSERT INTO isms_context_date (sUserName, nUserId, fkContext, nAction, ddate) VALUES ('Realiso Online',0,2650,2901,NOW());
INSERT INTO isms_context_date (sUserName, nUserId, fkContext, nAction, ddate) VALUES ('Realiso Online',0,2650,2902,NOW());

INSERT INTO isms_context (pkContext,nType,nState) VALUES (2651,2814,2702);
INSERT INTO rm_best_practice_standard (fkContext,fkStandard,fkBestPractice) VALUES (2651,2401,2118);
INSERT INTO isms_context_date (sUserName, nUserId, fkContext, nAction, ddate) VALUES ('Realiso Online',0,2651,2901,NOW());
INSERT INTO isms_context_date (sUserName, nUserId, fkContext, nAction, ddate) VALUES ('Realiso Online',0,2651,2902,NOW());

INSERT INTO isms_context (pkContext,nType,nState) VALUES (2652,2814,2702);
INSERT INTO rm_best_practice_standard (fkContext,fkStandard,fkBestPractice) VALUES (2652,2401,2048);
INSERT INTO isms_context_date (sUserName, nUserId, fkContext, nAction, ddate) VALUES ('Realiso Online',0,2652,2901,NOW());
INSERT INTO isms_context_date (sUserName, nUserId, fkContext, nAction, ddate) VALUES ('Realiso Online',0,2652,2902,NOW());

INSERT INTO isms_context (pkContext,nType,nState) VALUES (2653,2814,2702);
INSERT INTO rm_best_practice_standard (fkContext,fkStandard,fkBestPractice) VALUES (2653,2401,2049);
INSERT INTO isms_context_date (sUserName, nUserId, fkContext, nAction, ddate) VALUES ('Realiso Online',0,2653,2901,NOW());
INSERT INTO isms_context_date (sUserName, nUserId, fkContext, nAction, ddate) VALUES ('Realiso Online',0,2653,2902,NOW());

INSERT INTO isms_context (pkContext,nType,nState) VALUES (2654,2814,2702);
INSERT INTO rm_best_practice_standard (fkContext,fkStandard,fkBestPractice) VALUES (2654,2401,2050);
INSERT INTO isms_context_date (sUserName, nUserId, fkContext, nAction, ddate) VALUES ('Realiso Online',0,2654,2901,NOW());
INSERT INTO isms_context_date (sUserName, nUserId, fkContext, nAction, ddate) VALUES ('Realiso Online',0,2654,2902,NOW());

INSERT INTO isms_context (pkContext,nType,nState) VALUES (2655,2814,2702);
INSERT INTO rm_best_practice_standard (fkContext,fkStandard,fkBestPractice) VALUES (2655,2401,2051);
INSERT INTO isms_context_date (sUserName, nUserId, fkContext, nAction, ddate) VALUES ('Realiso Online',0,2655,2901,NOW());
INSERT INTO isms_context_date (sUserName, nUserId, fkContext, nAction, ddate) VALUES ('Realiso Online',0,2655,2902,NOW());

INSERT INTO isms_context (pkContext,nType,nState) VALUES (2656,2814,2702);
INSERT INTO rm_best_practice_standard (fkContext,fkStandard,fkBestPractice) VALUES (2656,2401,2052);
INSERT INTO isms_context_date (sUserName, nUserId, fkContext, nAction, ddate) VALUES ('Realiso Online',0,2656,2901,NOW());
INSERT INTO isms_context_date (sUserName, nUserId, fkContext, nAction, ddate) VALUES ('Realiso Online',0,2656,2902,NOW());

INSERT INTO isms_context (pkContext,nType,nState) VALUES (2657,2814,2702);
INSERT INTO rm_best_practice_standard (fkContext,fkStandard,fkBestPractice) VALUES (2657,2401,2053);
INSERT INTO isms_context_date (sUserName, nUserId, fkContext, nAction, ddate) VALUES ('Realiso Online',0,2657,2901,NOW());
INSERT INTO isms_context_date (sUserName, nUserId, fkContext, nAction, ddate) VALUES ('Realiso Online',0,2657,2902,NOW());

INSERT INTO isms_context (pkContext,nType,nState) VALUES (2658,2814,2702);
INSERT INTO rm_best_practice_standard (fkContext,fkStandard,fkBestPractice) VALUES (2658,2401,2054);
INSERT INTO isms_context_date (sUserName, nUserId, fkContext, nAction, ddate) VALUES ('Realiso Online',0,2658,2901,NOW());
INSERT INTO isms_context_date (sUserName, nUserId, fkContext, nAction, ddate) VALUES ('Realiso Online',0,2658,2902,NOW());

INSERT INTO isms_context (pkContext,nType,nState) VALUES (2659,2814,2702);
INSERT INTO rm_best_practice_standard (fkContext,fkStandard,fkBestPractice) VALUES (2659,2401,2055);
INSERT INTO isms_context_date (sUserName, nUserId, fkContext, nAction, ddate) VALUES ('Realiso Online',0,2659,2901,NOW());
INSERT INTO isms_context_date (sUserName, nUserId, fkContext, nAction, ddate) VALUES ('Realiso Online',0,2659,2902,NOW());

INSERT INTO isms_context (pkContext,nType,nState) VALUES (2660,2814,2702);
INSERT INTO rm_best_practice_standard (fkContext,fkStandard,fkBestPractice) VALUES (2660,2401,2056);
INSERT INTO isms_context_date (sUserName, nUserId, fkContext, nAction, ddate) VALUES ('Realiso Online',0,2660,2901,NOW());
INSERT INTO isms_context_date (sUserName, nUserId, fkContext, nAction, ddate) VALUES ('Realiso Online',0,2660,2902,NOW());

INSERT INTO isms_context (pkContext,nType,nState) VALUES (2661,2814,2702);
INSERT INTO rm_best_practice_standard (fkContext,fkStandard,fkBestPractice) VALUES (2661,2401,2057);
INSERT INTO isms_context_date (sUserName, nUserId, fkContext, nAction, ddate) VALUES ('Realiso Online',0,2661,2901,NOW());
INSERT INTO isms_context_date (sUserName, nUserId, fkContext, nAction, ddate) VALUES ('Realiso Online',0,2661,2902,NOW());

INSERT INTO isms_context (pkContext,nType,nState) VALUES (2662,2814,2702);
INSERT INTO rm_best_practice_standard (fkContext,fkStandard,fkBestPractice) VALUES (2662,2401,2058);
INSERT INTO isms_context_date (sUserName, nUserId, fkContext, nAction, ddate) VALUES ('Realiso Online',0,2662,2901,NOW());
INSERT INTO isms_context_date (sUserName, nUserId, fkContext, nAction, ddate) VALUES ('Realiso Online',0,2662,2902,NOW());

INSERT INTO isms_context (pkContext,nType,nState) VALUES (2663,2814,2702);
INSERT INTO rm_best_practice_standard (fkContext,fkStandard,fkBestPractice) VALUES (2663,2401,2059);
INSERT INTO isms_context_date (sUserName, nUserId, fkContext, nAction, ddate) VALUES ('Realiso Online',0,2663,2901,NOW());
INSERT INTO isms_context_date (sUserName, nUserId, fkContext, nAction, ddate) VALUES ('Realiso Online',0,2663,2902,NOW());

INSERT INTO isms_context (pkContext,nType,nState) VALUES (2664,2814,2702);
INSERT INTO rm_best_practice_standard (fkContext,fkStandard,fkBestPractice) VALUES (2664,2401,2060);
INSERT INTO isms_context_date (sUserName, nUserId, fkContext, nAction, ddate) VALUES ('Realiso Online',0,2664,2901,NOW());
INSERT INTO isms_context_date (sUserName, nUserId, fkContext, nAction, ddate) VALUES ('Realiso Online',0,2664,2902,NOW());

INSERT INTO isms_context (pkContext,nType,nState) VALUES (2665,2814,2702);
INSERT INTO rm_best_practice_standard (fkContext,fkStandard,fkBestPractice) VALUES (2665,2401,2061);
INSERT INTO isms_context_date (sUserName, nUserId, fkContext, nAction, ddate) VALUES ('Realiso Online',0,2665,2901,NOW());
INSERT INTO isms_context_date (sUserName, nUserId, fkContext, nAction, ddate) VALUES ('Realiso Online',0,2665,2902,NOW());

INSERT INTO isms_context (pkContext,nType,nState) VALUES (2666,2814,2702);
INSERT INTO rm_best_practice_standard (fkContext,fkStandard,fkBestPractice) VALUES (2666,2401,2062);
INSERT INTO isms_context_date (sUserName, nUserId, fkContext, nAction, ddate) VALUES ('Realiso Online',0,2666,2901,NOW());
INSERT INTO isms_context_date (sUserName, nUserId, fkContext, nAction, ddate) VALUES ('Realiso Online',0,2666,2902,NOW());

INSERT INTO isms_context (pkContext,nType,nState) VALUES (2667,2814,2702);
INSERT INTO rm_best_practice_standard (fkContext,fkStandard,fkBestPractice) VALUES (2667,2401,2072);
INSERT INTO isms_context_date (sUserName, nUserId, fkContext, nAction, ddate) VALUES ('Realiso Online',0,2667,2901,NOW());
INSERT INTO isms_context_date (sUserName, nUserId, fkContext, nAction, ddate) VALUES ('Realiso Online',0,2667,2902,NOW());

INSERT INTO isms_context (pkContext,nType,nState) VALUES (2668,2814,2702);
INSERT INTO rm_best_practice_standard (fkContext,fkStandard,fkBestPractice) VALUES (2668,2401,2063);
INSERT INTO isms_context_date (sUserName, nUserId, fkContext, nAction, ddate) VALUES ('Realiso Online',0,2668,2901,NOW());
INSERT INTO isms_context_date (sUserName, nUserId, fkContext, nAction, ddate) VALUES ('Realiso Online',0,2668,2902,NOW());

INSERT INTO isms_context (pkContext,nType,nState) VALUES (2669,2814,2702);
INSERT INTO rm_best_practice_standard (fkContext,fkStandard,fkBestPractice) VALUES (2669,2401,2064);
INSERT INTO isms_context_date (sUserName, nUserId, fkContext, nAction, ddate) VALUES ('Realiso Online',0,2669,2901,NOW());
INSERT INTO isms_context_date (sUserName, nUserId, fkContext, nAction, ddate) VALUES ('Realiso Online',0,2669,2902,NOW());

INSERT INTO isms_context (pkContext,nType,nState) VALUES (2670,2814,2702);
INSERT INTO rm_best_practice_standard (fkContext,fkStandard,fkBestPractice) VALUES (2670,2401,2065);
INSERT INTO isms_context_date (sUserName, nUserId, fkContext, nAction, ddate) VALUES ('Realiso Online',0,2670,2901,NOW());
INSERT INTO isms_context_date (sUserName, nUserId, fkContext, nAction, ddate) VALUES ('Realiso Online',0,2670,2902,NOW());

INSERT INTO isms_context (pkContext,nType,nState) VALUES (2671,2814,2702);
INSERT INTO rm_best_practice_standard (fkContext,fkStandard,fkBestPractice) VALUES (2671,2401,2066);
INSERT INTO isms_context_date (sUserName, nUserId, fkContext, nAction, ddate) VALUES ('Realiso Online',0,2671,2901,NOW());
INSERT INTO isms_context_date (sUserName, nUserId, fkContext, nAction, ddate) VALUES ('Realiso Online',0,2671,2902,NOW());

INSERT INTO isms_context (pkContext,nType,nState) VALUES (2672,2814,2702);
INSERT INTO rm_best_practice_standard (fkContext,fkStandard,fkBestPractice) VALUES (2672,2401,2067);
INSERT INTO isms_context_date (sUserName, nUserId, fkContext, nAction, ddate) VALUES ('Realiso Online',0,2672,2901,NOW());
INSERT INTO isms_context_date (sUserName, nUserId, fkContext, nAction, ddate) VALUES ('Realiso Online',0,2672,2902,NOW());

INSERT INTO isms_context (pkContext,nType,nState) VALUES (2673,2814,2702);
INSERT INTO rm_best_practice_standard (fkContext,fkStandard,fkBestPractice) VALUES (2673,2401,2068);
INSERT INTO isms_context_date (sUserName, nUserId, fkContext, nAction, ddate) VALUES ('Realiso Online',0,2673,2901,NOW());
INSERT INTO isms_context_date (sUserName, nUserId, fkContext, nAction, ddate) VALUES ('Realiso Online',0,2673,2902,NOW());

INSERT INTO isms_context (pkContext,nType,nState) VALUES (2674,2814,2702);
INSERT INTO rm_best_practice_standard (fkContext,fkStandard,fkBestPractice) VALUES (2674,2401,2069);
INSERT INTO isms_context_date (sUserName, nUserId, fkContext, nAction, ddate) VALUES ('Realiso Online',0,2674,2901,NOW());
INSERT INTO isms_context_date (sUserName, nUserId, fkContext, nAction, ddate) VALUES ('Realiso Online',0,2674,2902,NOW());

INSERT INTO isms_context (pkContext,nType,nState) VALUES (2675,2814,2702);
INSERT INTO rm_best_practice_standard (fkContext,fkStandard,fkBestPractice) VALUES (2675,2401,2070);
INSERT INTO isms_context_date (sUserName, nUserId, fkContext, nAction, ddate) VALUES ('Realiso Online',0,2675,2901,NOW());
INSERT INTO isms_context_date (sUserName, nUserId, fkContext, nAction, ddate) VALUES ('Realiso Online',0,2675,2902,NOW());

INSERT INTO isms_context (pkContext,nType,nState) VALUES (2676,2814,2702);
INSERT INTO rm_best_practice_standard (fkContext,fkStandard,fkBestPractice) VALUES (2676,2401,2071);
INSERT INTO isms_context_date (sUserName, nUserId, fkContext, nAction, ddate) VALUES ('Realiso Online',0,2676,2901,NOW());
INSERT INTO isms_context_date (sUserName, nUserId, fkContext, nAction, ddate) VALUES ('Realiso Online',0,2676,2902,NOW());

INSERT INTO isms_context (pkContext,nType,nState) VALUES (2677,2814,2702);
INSERT INTO rm_best_practice_standard (fkContext,fkStandard,fkBestPractice) VALUES (2677,2401,2082);
INSERT INTO isms_context_date (sUserName, nUserId, fkContext, nAction, ddate) VALUES ('Realiso Online',0,2677,2901,NOW());
INSERT INTO isms_context_date (sUserName, nUserId, fkContext, nAction, ddate) VALUES ('Realiso Online',0,2677,2902,NOW());

INSERT INTO isms_context (pkContext,nType,nState) VALUES (2678,2814,2702);
INSERT INTO rm_best_practice_standard (fkContext,fkStandard,fkBestPractice) VALUES (2678,2401,2083);
INSERT INTO isms_context_date (sUserName, nUserId, fkContext, nAction, ddate) VALUES ('Realiso Online',0,2678,2901,NOW());
INSERT INTO isms_context_date (sUserName, nUserId, fkContext, nAction, ddate) VALUES ('Realiso Online',0,2678,2902,NOW());

INSERT INTO isms_context (pkContext,nType,nState) VALUES (2679,2814,2702);
INSERT INTO rm_best_practice_standard (fkContext,fkStandard,fkBestPractice) VALUES (2679,2401,2073);
INSERT INTO isms_context_date (sUserName, nUserId, fkContext, nAction, ddate) VALUES ('Realiso Online',0,2679,2901,NOW());
INSERT INTO isms_context_date (sUserName, nUserId, fkContext, nAction, ddate) VALUES ('Realiso Online',0,2679,2902,NOW());

INSERT INTO isms_context (pkContext,nType,nState) VALUES (2680,2814,2702);
INSERT INTO rm_best_practice_standard (fkContext,fkStandard,fkBestPractice) VALUES (2680,2401,2074);
INSERT INTO isms_context_date (sUserName, nUserId, fkContext, nAction, ddate) VALUES ('Realiso Online',0,2680,2901,NOW());
INSERT INTO isms_context_date (sUserName, nUserId, fkContext, nAction, ddate) VALUES ('Realiso Online',0,2680,2902,NOW());

INSERT INTO isms_context (pkContext,nType,nState) VALUES (2681,2814,2702);
INSERT INTO rm_best_practice_standard (fkContext,fkStandard,fkBestPractice) VALUES (2681,2401,2075);
INSERT INTO isms_context_date (sUserName, nUserId, fkContext, nAction, ddate) VALUES ('Realiso Online',0,2681,2901,NOW());
INSERT INTO isms_context_date (sUserName, nUserId, fkContext, nAction, ddate) VALUES ('Realiso Online',0,2681,2902,NOW());

INSERT INTO isms_context (pkContext,nType,nState) VALUES (2682,2814,2702);
INSERT INTO rm_best_practice_standard (fkContext,fkStandard,fkBestPractice) VALUES (2682,2401,2076);
INSERT INTO isms_context_date (sUserName, nUserId, fkContext, nAction, ddate) VALUES ('Realiso Online',0,2682,2901,NOW());
INSERT INTO isms_context_date (sUserName, nUserId, fkContext, nAction, ddate) VALUES ('Realiso Online',0,2682,2902,NOW());

INSERT INTO isms_context (pkContext,nType,nState) VALUES (2683,2814,2702);
INSERT INTO rm_best_practice_standard (fkContext,fkStandard,fkBestPractice) VALUES (2683,2401,2077);
INSERT INTO isms_context_date (sUserName, nUserId, fkContext, nAction, ddate) VALUES ('Realiso Online',0,2683,2901,NOW());
INSERT INTO isms_context_date (sUserName, nUserId, fkContext, nAction, ddate) VALUES ('Realiso Online',0,2683,2902,NOW());

INSERT INTO isms_context (pkContext,nType,nState) VALUES (2684,2814,2702);
INSERT INTO rm_best_practice_standard (fkContext,fkStandard,fkBestPractice) VALUES (2684,2401,2078);
INSERT INTO isms_context_date (sUserName, nUserId, fkContext, nAction, ddate) VALUES ('Realiso Online',0,2684,2901,NOW());
INSERT INTO isms_context_date (sUserName, nUserId, fkContext, nAction, ddate) VALUES ('Realiso Online',0,2684,2902,NOW());

INSERT INTO isms_context (pkContext,nType,nState) VALUES (2685,2814,2702);
INSERT INTO rm_best_practice_standard (fkContext,fkStandard,fkBestPractice) VALUES (2685,2401,2079);
INSERT INTO isms_context_date (sUserName, nUserId, fkContext, nAction, ddate) VALUES ('Realiso Online',0,2685,2901,NOW());
INSERT INTO isms_context_date (sUserName, nUserId, fkContext, nAction, ddate) VALUES ('Realiso Online',0,2685,2902,NOW());

INSERT INTO isms_context (pkContext,nType,nState) VALUES (2686,2814,2702);
INSERT INTO rm_best_practice_standard (fkContext,fkStandard,fkBestPractice) VALUES (2686,2401,2080);
INSERT INTO isms_context_date (sUserName, nUserId, fkContext, nAction, ddate) VALUES ('Realiso Online',0,2686,2901,NOW());
INSERT INTO isms_context_date (sUserName, nUserId, fkContext, nAction, ddate) VALUES ('Realiso Online',0,2686,2902,NOW());

INSERT INTO isms_context (pkContext,nType,nState) VALUES (2687,2814,2702);
INSERT INTO rm_best_practice_standard (fkContext,fkStandard,fkBestPractice) VALUES (2687,2401,2081);
INSERT INTO isms_context_date (sUserName, nUserId, fkContext, nAction, ddate) VALUES ('Realiso Online',0,2687,2901,NOW());
INSERT INTO isms_context_date (sUserName, nUserId, fkContext, nAction, ddate) VALUES ('Realiso Online',0,2687,2902,NOW());

INSERT INTO isms_context (pkContext,nType,nState) VALUES (2688,2814,2702);
INSERT INTO rm_best_practice_standard (fkContext,fkStandard,fkBestPractice) VALUES (2688,2401,2084);
INSERT INTO isms_context_date (sUserName, nUserId, fkContext, nAction, ddate) VALUES ('Realiso Online',0,2688,2901,NOW());
INSERT INTO isms_context_date (sUserName, nUserId, fkContext, nAction, ddate) VALUES ('Realiso Online',0,2688,2902,NOW());

INSERT INTO isms_context (pkContext,nType,nState) VALUES (2689,2814,2702);
INSERT INTO rm_best_practice_standard (fkContext,fkStandard,fkBestPractice) VALUES (2689,2401,2085);
INSERT INTO isms_context_date (sUserName, nUserId, fkContext, nAction, ddate) VALUES ('Realiso Online',0,2689,2901,NOW());
INSERT INTO isms_context_date (sUserName, nUserId, fkContext, nAction, ddate) VALUES ('Realiso Online',0,2689,2902,NOW());

INSERT INTO isms_context (pkContext,nType,nState) VALUES (2690,2814,2702);
INSERT INTO rm_best_practice_standard (fkContext,fkStandard,fkBestPractice) VALUES (2690,2401,2086);
INSERT INTO isms_context_date (sUserName, nUserId, fkContext, nAction, ddate) VALUES ('Realiso Online',0,2690,2901,NOW());
INSERT INTO isms_context_date (sUserName, nUserId, fkContext, nAction, ddate) VALUES ('Realiso Online',0,2690,2902,NOW());

INSERT INTO isms_context (pkContext,nType,nState) VALUES (2691,2814,2702);
INSERT INTO rm_best_practice_standard (fkContext,fkStandard,fkBestPractice) VALUES (2691,2401,2087);
INSERT INTO isms_context_date (sUserName, nUserId, fkContext, nAction, ddate) VALUES ('Realiso Online',0,2691,2901,NOW());
INSERT INTO isms_context_date (sUserName, nUserId, fkContext, nAction, ddate) VALUES ('Realiso Online',0,2691,2902,NOW());

INSERT INTO isms_context (pkContext,nType,nState) VALUES (2692,2814,2702);
INSERT INTO rm_best_practice_standard (fkContext,fkStandard,fkBestPractice) VALUES (2692,2401,2088);
INSERT INTO isms_context_date (sUserName, nUserId, fkContext, nAction, ddate) VALUES ('Realiso Online',0,2692,2901,NOW());
INSERT INTO isms_context_date (sUserName, nUserId, fkContext, nAction, ddate) VALUES ('Realiso Online',0,2692,2902,NOW());

INSERT INTO isms_context (pkContext,nType,nState) VALUES (2693,2814,2702);
INSERT INTO rm_best_practice_standard (fkContext,fkStandard,fkBestPractice) VALUES (2693,2401,2089);
INSERT INTO isms_context_date (sUserName, nUserId, fkContext, nAction, ddate) VALUES ('Realiso Online',0,2693,2901,NOW());
INSERT INTO isms_context_date (sUserName, nUserId, fkContext, nAction, ddate) VALUES ('Realiso Online',0,2693,2902,NOW());

INSERT INTO isms_context (pkContext,nType,nState) VALUES (2694,2814,2702);
INSERT INTO rm_best_practice_standard (fkContext,fkStandard,fkBestPractice) VALUES (2694,2401,2090);
INSERT INTO isms_context_date (sUserName, nUserId, fkContext, nAction, ddate) VALUES ('Realiso Online',0,2694,2901,NOW());
INSERT INTO isms_context_date (sUserName, nUserId, fkContext, nAction, ddate) VALUES ('Realiso Online',0,2694,2902,NOW());

INSERT INTO isms_context (pkContext,nType,nState) VALUES (2695,2814,2702);
INSERT INTO rm_best_practice_standard (fkContext,fkStandard,fkBestPractice) VALUES (2695,2401,2091);
INSERT INTO isms_context_date (sUserName, nUserId, fkContext, nAction, ddate) VALUES ('Realiso Online',0,2695,2901,NOW());
INSERT INTO isms_context_date (sUserName, nUserId, fkContext, nAction, ddate) VALUES ('Realiso Online',0,2695,2902,NOW());

INSERT INTO isms_context (pkContext,nType,nState) VALUES (2696,2814,2702);
INSERT INTO rm_best_practice_standard (fkContext,fkStandard,fkBestPractice) VALUES (2696,2401,2092);
INSERT INTO isms_context_date (sUserName, nUserId, fkContext, nAction, ddate) VALUES ('Realiso Online',0,2696,2901,NOW());
INSERT INTO isms_context_date (sUserName, nUserId, fkContext, nAction, ddate) VALUES ('Realiso Online',0,2696,2902,NOW());

INSERT INTO isms_context (pkContext,nType,nState) VALUES (2697,2814,2702);
INSERT INTO rm_best_practice_standard (fkContext,fkStandard,fkBestPractice) VALUES (2697,2401,2093);
INSERT INTO isms_context_date (sUserName, nUserId, fkContext, nAction, ddate) VALUES ('Realiso Online',0,2697,2901,NOW());
INSERT INTO isms_context_date (sUserName, nUserId, fkContext, nAction, ddate) VALUES ('Realiso Online',0,2697,2902,NOW());

INSERT INTO isms_context (pkContext,nType,nState) VALUES (2698,2814,2702);
INSERT INTO rm_best_practice_standard (fkContext,fkStandard,fkBestPractice) VALUES (2698,2401,2094);
INSERT INTO isms_context_date (sUserName, nUserId, fkContext, nAction, ddate) VALUES ('Realiso Online',0,2698,2901,NOW());
INSERT INTO isms_context_date (sUserName, nUserId, fkContext, nAction, ddate) VALUES ('Realiso Online',0,2698,2902,NOW());

INSERT INTO isms_context (pkContext,nType,nState) VALUES (2699,2814,2702);
INSERT INTO rm_best_practice_standard (fkContext,fkStandard,fkBestPractice) VALUES (2699,2401,2095);
INSERT INTO isms_context_date (sUserName, nUserId, fkContext, nAction, ddate) VALUES ('Realiso Online',0,2699,2901,NOW());
INSERT INTO isms_context_date (sUserName, nUserId, fkContext, nAction, ddate) VALUES ('Realiso Online',0,2699,2902,NOW());

INSERT INTO isms_context (pkContext,nType,nState) VALUES (2700,2814,2702);
INSERT INTO rm_best_practice_standard (fkContext,fkStandard,fkBestPractice) VALUES (2700,2401,2096);
INSERT INTO isms_context_date (sUserName, nUserId, fkContext, nAction, ddate) VALUES ('Realiso Online',0,2700,2901,NOW());
INSERT INTO isms_context_date (sUserName, nUserId, fkContext, nAction, ddate) VALUES ('Realiso Online',0,2700,2902,NOW());

INSERT INTO isms_context (pkContext,nType,nState) VALUES (2701,2814,2702);
INSERT INTO rm_best_practice_standard (fkContext,fkStandard,fkBestPractice) VALUES (2701,2401,2097);
INSERT INTO isms_context_date (sUserName, nUserId, fkContext, nAction, ddate) VALUES ('Realiso Online',0,2701,2901,NOW());
INSERT INTO isms_context_date (sUserName, nUserId, fkContext, nAction, ddate) VALUES ('Realiso Online',0,2701,2902,NOW());

INSERT INTO isms_context (pkContext,nType,nState) VALUES (2702,2814,2702);
INSERT INTO rm_best_practice_standard (fkContext,fkStandard,fkBestPractice) VALUES (2702,2401,2098);
INSERT INTO isms_context_date (sUserName, nUserId, fkContext, nAction, ddate) VALUES ('Realiso Online',0,2702,2901,NOW());
INSERT INTO isms_context_date (sUserName, nUserId, fkContext, nAction, ddate) VALUES ('Realiso Online',0,2702,2902,NOW());

INSERT INTO isms_context (pkContext,nType,nState) VALUES (2703,2814,2702);
INSERT INTO rm_best_practice_standard (fkContext,fkStandard,fkBestPractice) VALUES (2703,2401,2008);
INSERT INTO isms_context_date (sUserName, nUserId, fkContext, nAction, ddate) VALUES ('Realiso Online',0,2703,2901,NOW());
INSERT INTO isms_context_date (sUserName, nUserId, fkContext, nAction, ddate) VALUES ('Realiso Online',0,2703,2902,NOW());

INSERT INTO isms_context (pkContext,nType,nState) VALUES (2704,2814,2702);
INSERT INTO rm_best_practice_standard (fkContext,fkStandard,fkBestPractice) VALUES (2704,2401,2009);
INSERT INTO isms_context_date (sUserName, nUserId, fkContext, nAction, ddate) VALUES ('Realiso Online',0,2704,2901,NOW());
INSERT INTO isms_context_date (sUserName, nUserId, fkContext, nAction, ddate) VALUES ('Realiso Online',0,2704,2902,NOW());

INSERT INTO isms_context (pkContext,nType,nState) VALUES (2705,2814,2702);
INSERT INTO rm_best_practice_standard (fkContext,fkStandard,fkBestPractice) VALUES (2705,2401,2010);
INSERT INTO isms_context_date (sUserName, nUserId, fkContext, nAction, ddate) VALUES ('Realiso Online',0,2705,2901,NOW());
INSERT INTO isms_context_date (sUserName, nUserId, fkContext, nAction, ddate) VALUES ('Realiso Online',0,2705,2902,NOW());

INSERT INTO isms_context (pkContext,nType,nState) VALUES (2706,2814,2702);
INSERT INTO rm_best_practice_standard (fkContext,fkStandard,fkBestPractice) VALUES (2706,2401,2011);
INSERT INTO isms_context_date (sUserName, nUserId, fkContext, nAction, ddate) VALUES ('Realiso Online',0,2706,2901,NOW());
INSERT INTO isms_context_date (sUserName, nUserId, fkContext, nAction, ddate) VALUES ('Realiso Online',0,2706,2902,NOW());

INSERT INTO isms_context (pkContext,nType,nState) VALUES (2707,2814,2702);
INSERT INTO rm_best_practice_standard (fkContext,fkStandard,fkBestPractice) VALUES (2707,2401,2021);
INSERT INTO isms_context_date (sUserName, nUserId, fkContext, nAction, ddate) VALUES ('Realiso Online',0,2707,2901,NOW());
INSERT INTO isms_context_date (sUserName, nUserId, fkContext, nAction, ddate) VALUES ('Realiso Online',0,2707,2902,NOW());

INSERT INTO isms_context (pkContext,nType,nState) VALUES (2708,2814,2702);
INSERT INTO rm_best_practice_standard (fkContext,fkStandard,fkBestPractice) VALUES (2708,2401,2012);
INSERT INTO isms_context_date (sUserName, nUserId, fkContext, nAction, ddate) VALUES ('Realiso Online',0,2708,2901,NOW());
INSERT INTO isms_context_date (sUserName, nUserId, fkContext, nAction, ddate) VALUES ('Realiso Online',0,2708,2902,NOW());

INSERT INTO isms_context (pkContext,nType,nState) VALUES (2709,2814,2702);
INSERT INTO rm_best_practice_standard (fkContext,fkStandard,fkBestPractice) VALUES (2709,2401,2013);
INSERT INTO isms_context_date (sUserName, nUserId, fkContext, nAction, ddate) VALUES ('Realiso Online',0,2709,2901,NOW());
INSERT INTO isms_context_date (sUserName, nUserId, fkContext, nAction, ddate) VALUES ('Realiso Online',0,2709,2902,NOW());

INSERT INTO isms_context (pkContext,nType,nState) VALUES (2710,2814,2702);
INSERT INTO rm_best_practice_standard (fkContext,fkStandard,fkBestPractice) VALUES (2710,2401,2015);
INSERT INTO isms_context_date (sUserName, nUserId, fkContext, nAction, ddate) VALUES ('Realiso Online',0,2710,2901,NOW());
INSERT INTO isms_context_date (sUserName, nUserId, fkContext, nAction, ddate) VALUES ('Realiso Online',0,2710,2902,NOW());

INSERT INTO isms_context (pkContext,nType,nState) VALUES (2711,2814,2702);
INSERT INTO rm_best_practice_standard (fkContext,fkStandard,fkBestPractice) VALUES (2711,2401,2014);
INSERT INTO isms_context_date (sUserName, nUserId, fkContext, nAction, ddate) VALUES ('Realiso Online',0,2711,2901,NOW());
INSERT INTO isms_context_date (sUserName, nUserId, fkContext, nAction, ddate) VALUES ('Realiso Online',0,2711,2902,NOW());

INSERT INTO isms_context (pkContext,nType,nState) VALUES (2712,2814,2702);
INSERT INTO rm_best_practice_standard (fkContext,fkStandard,fkBestPractice) VALUES (2712,2401,2016);
INSERT INTO isms_context_date (sUserName, nUserId, fkContext, nAction, ddate) VALUES ('Realiso Online',0,2712,2901,NOW());
INSERT INTO isms_context_date (sUserName, nUserId, fkContext, nAction, ddate) VALUES ('Realiso Online',0,2712,2902,NOW());

INSERT INTO isms_context (pkContext,nType,nState) VALUES (2713,2814,2702);
INSERT INTO rm_best_practice_standard (fkContext,fkStandard,fkBestPractice) VALUES (2713,2401,2017);
INSERT INTO isms_context_date (sUserName, nUserId, fkContext, nAction, ddate) VALUES ('Realiso Online',0,2713,2901,NOW());
INSERT INTO isms_context_date (sUserName, nUserId, fkContext, nAction, ddate) VALUES ('Realiso Online',0,2713,2902,NOW());

INSERT INTO isms_context (pkContext,nType,nState) VALUES (2714,2814,2702);
INSERT INTO rm_best_practice_standard (fkContext,fkStandard,fkBestPractice) VALUES (2714,2401,2018);
INSERT INTO isms_context_date (sUserName, nUserId, fkContext, nAction, ddate) VALUES ('Realiso Online',0,2714,2901,NOW());
INSERT INTO isms_context_date (sUserName, nUserId, fkContext, nAction, ddate) VALUES ('Realiso Online',0,2714,2902,NOW());

INSERT INTO isms_context (pkContext,nType,nState) VALUES (2715,2814,2702);
INSERT INTO rm_best_practice_standard (fkContext,fkStandard,fkBestPractice) VALUES (2715,2401,2019);
INSERT INTO isms_context_date (sUserName, nUserId, fkContext, nAction, ddate) VALUES ('Realiso Online',0,2715,2901,NOW());
INSERT INTO isms_context_date (sUserName, nUserId, fkContext, nAction, ddate) VALUES ('Realiso Online',0,2715,2902,NOW());

INSERT INTO isms_context (pkContext,nType,nState) VALUES (2716,2814,2702);
INSERT INTO rm_best_practice_standard (fkContext,fkStandard,fkBestPractice) VALUES (2716,2401,2020);
INSERT INTO isms_context_date (sUserName, nUserId, fkContext, nAction, ddate) VALUES ('Realiso Online',0,2716,2901,NOW());
INSERT INTO isms_context_date (sUserName, nUserId, fkContext, nAction, ddate) VALUES ('Realiso Online',0,2716,2902,NOW());

INSERT INTO isms_context (pkContext,nType,nState) VALUES (2717,2814,2702);
INSERT INTO rm_best_practice_standard (fkContext,fkStandard,fkBestPractice) VALUES (2717,2401,2022);
INSERT INTO isms_context_date (sUserName, nUserId, fkContext, nAction, ddate) VALUES ('Realiso Online',0,2717,2901,NOW());
INSERT INTO isms_context_date (sUserName, nUserId, fkContext, nAction, ddate) VALUES ('Realiso Online',0,2717,2902,NOW());

INSERT INTO isms_context (pkContext,nType,nState) VALUES (2718,2814,2702);
INSERT INTO rm_best_practice_standard (fkContext,fkStandard,fkBestPractice) VALUES (2718,2401,2023);
INSERT INTO isms_context_date (sUserName, nUserId, fkContext, nAction, ddate) VALUES ('Realiso Online',0,2718,2901,NOW());
INSERT INTO isms_context_date (sUserName, nUserId, fkContext, nAction, ddate) VALUES ('Realiso Online',0,2718,2902,NOW());

INSERT INTO isms_context (pkContext,nType,nState) VALUES (2719,2814,2702);
INSERT INTO rm_best_practice_standard (fkContext,fkStandard,fkBestPractice) VALUES (2719,2401,2024);
INSERT INTO isms_context_date (sUserName, nUserId, fkContext, nAction, ddate) VALUES ('Realiso Online',0,2719,2901,NOW());
INSERT INTO isms_context_date (sUserName, nUserId, fkContext, nAction, ddate) VALUES ('Realiso Online',0,2719,2902,NOW());

INSERT INTO isms_context (pkContext,nType,nState) VALUES (2720,2814,2702);
INSERT INTO rm_best_practice_standard (fkContext,fkStandard,fkBestPractice) VALUES (2720,2401,2025);
INSERT INTO isms_context_date (sUserName, nUserId, fkContext, nAction, ddate) VALUES ('Realiso Online',0,2720,2901,NOW());
INSERT INTO isms_context_date (sUserName, nUserId, fkContext, nAction, ddate) VALUES ('Realiso Online',0,2720,2902,NOW());

INSERT INTO isms_context (pkContext,nType,nState) VALUES (2721,2814,2702);
INSERT INTO rm_best_practice_standard (fkContext,fkStandard,fkBestPractice) VALUES (2721,2401,2026);
INSERT INTO isms_context_date (sUserName, nUserId, fkContext, nAction, ddate) VALUES ('Realiso Online',0,2721,2901,NOW());
INSERT INTO isms_context_date (sUserName, nUserId, fkContext, nAction, ddate) VALUES ('Realiso Online',0,2721,2902,NOW());

INSERT INTO isms_context (pkContext,nType,nState) VALUES (2722,2814,2702);
INSERT INTO rm_best_practice_standard (fkContext,fkStandard,fkBestPractice) VALUES (2722,2401,2027);
INSERT INTO isms_context_date (sUserName, nUserId, fkContext, nAction, ddate) VALUES ('Realiso Online',0,2722,2901,NOW());
INSERT INTO isms_context_date (sUserName, nUserId, fkContext, nAction, ddate) VALUES ('Realiso Online',0,2722,2902,NOW());

INSERT INTO isms_context (pkContext,nType,nState) VALUES (2723,2814,2702);
INSERT INTO rm_best_practice_standard (fkContext,fkStandard,fkBestPractice) VALUES (2723,2401,2028);
INSERT INTO isms_context_date (sUserName, nUserId, fkContext, nAction, ddate) VALUES ('Realiso Online',0,2723,2901,NOW());
INSERT INTO isms_context_date (sUserName, nUserId, fkContext, nAction, ddate) VALUES ('Realiso Online',0,2723,2902,NOW());

INSERT INTO isms_context (pkContext,nType,nState) VALUES (2724,2814,2702);
INSERT INTO rm_best_practice_standard (fkContext,fkStandard,fkBestPractice) VALUES (2724,2401,2029);
INSERT INTO isms_context_date (sUserName, nUserId, fkContext, nAction, ddate) VALUES ('Realiso Online',0,2724,2901,NOW());
INSERT INTO isms_context_date (sUserName, nUserId, fkContext, nAction, ddate) VALUES ('Realiso Online',0,2724,2902,NOW());

INSERT INTO isms_context (pkContext,nType,nState) VALUES (2725,2814,2702);
INSERT INTO rm_best_practice_standard (fkContext,fkStandard,fkBestPractice) VALUES (2725,2401,2030);
INSERT INTO isms_context_date (sUserName, nUserId, fkContext, nAction, ddate) VALUES ('Realiso Online',0,2725,2901,NOW());
INSERT INTO isms_context_date (sUserName, nUserId, fkContext, nAction, ddate) VALUES ('Realiso Online',0,2725,2902,NOW());

INSERT INTO isms_context (pkContext,nType,nState) VALUES (2726,2814,2702);
INSERT INTO rm_best_practice_standard (fkContext,fkStandard,fkBestPractice) VALUES (2726,2401,2031);
INSERT INTO isms_context_date (sUserName, nUserId, fkContext, nAction, ddate) VALUES ('Realiso Online',0,2726,2901,NOW());
INSERT INTO isms_context_date (sUserName, nUserId, fkContext, nAction, ddate) VALUES ('Realiso Online',0,2726,2902,NOW());

INSERT INTO isms_context (pkContext,nType,nState) VALUES (2727,2814,2702);
INSERT INTO rm_best_practice_standard (fkContext,fkStandard,fkBestPractice) VALUES (2727,2401,2032);
INSERT INTO isms_context_date (sUserName, nUserId, fkContext, nAction, ddate) VALUES ('Realiso Online',0,2727,2901,NOW());
INSERT INTO isms_context_date (sUserName, nUserId, fkContext, nAction, ddate) VALUES ('Realiso Online',0,2727,2902,NOW());

INSERT INTO isms_context (pkContext,nType,nState) VALUES (2728,2814,2702);
INSERT INTO rm_best_practice_standard (fkContext,fkStandard,fkBestPractice) VALUES (2728,2401,2033);
INSERT INTO isms_context_date (sUserName, nUserId, fkContext, nAction, ddate) VALUES ('Realiso Online',0,2728,2901,NOW());
INSERT INTO isms_context_date (sUserName, nUserId, fkContext, nAction, ddate) VALUES ('Realiso Online',0,2728,2902,NOW());

INSERT INTO isms_context (pkContext,nType,nState) VALUES (2729,2814,2702);
INSERT INTO rm_best_practice_standard (fkContext,fkStandard,fkBestPractice) VALUES (2729,2401,2034);
INSERT INTO isms_context_date (sUserName, nUserId, fkContext, nAction, ddate) VALUES ('Realiso Online',0,2729,2901,NOW());
INSERT INTO isms_context_date (sUserName, nUserId, fkContext, nAction, ddate) VALUES ('Realiso Online',0,2729,2902,NOW());

INSERT INTO isms_context (pkContext,nType,nState) VALUES (2730,2814,2702);
INSERT INTO rm_best_practice_standard (fkContext,fkStandard,fkBestPractice) VALUES (2730,2401,2035);
INSERT INTO isms_context_date (sUserName, nUserId, fkContext, nAction, ddate) VALUES ('Realiso Online',0,2730,2901,NOW());
INSERT INTO isms_context_date (sUserName, nUserId, fkContext, nAction, ddate) VALUES ('Realiso Online',0,2730,2902,NOW());

INSERT INTO isms_context (pkContext,nType,nState) VALUES (2731,2814,2702);
INSERT INTO rm_best_practice_standard (fkContext,fkStandard,fkBestPractice) VALUES (2731,2401,2036);
INSERT INTO isms_context_date (sUserName, nUserId, fkContext, nAction, ddate) VALUES ('Realiso Online',0,2731,2901,NOW());
INSERT INTO isms_context_date (sUserName, nUserId, fkContext, nAction, ddate) VALUES ('Realiso Online',0,2731,2902,NOW());

INSERT INTO isms_context (pkContext,nType,nState) VALUES (2732,2814,2702);
INSERT INTO rm_best_practice_standard (fkContext,fkStandard,fkBestPractice) VALUES (2732,2401,2037);
INSERT INTO isms_context_date (sUserName, nUserId, fkContext, nAction, ddate) VALUES ('Realiso Online',0,2732,2901,NOW());
INSERT INTO isms_context_date (sUserName, nUserId, fkContext, nAction, ddate) VALUES ('Realiso Online',0,2732,2902,NOW());

INSERT INTO isms_context (pkContext,nType,nState) VALUES (2733,2814,2702);
INSERT INTO rm_best_practice_standard (fkContext,fkStandard,fkBestPractice) VALUES (2733,2401,2038);
INSERT INTO isms_context_date (sUserName, nUserId, fkContext, nAction, ddate) VALUES ('Realiso Online',0,2733,2901,NOW());
INSERT INTO isms_context_date (sUserName, nUserId, fkContext, nAction, ddate) VALUES ('Realiso Online',0,2733,2902,NOW());

INSERT INTO isms_context (pkContext,nType,nState) VALUES (2734,2814,2702);
INSERT INTO rm_best_practice_standard (fkContext,fkStandard,fkBestPractice) VALUES (2734,2401,2039);
INSERT INTO isms_context_date (sUserName, nUserId, fkContext, nAction, ddate) VALUES ('Realiso Online',0,2734,2901,NOW());
INSERT INTO isms_context_date (sUserName, nUserId, fkContext, nAction, ddate) VALUES ('Realiso Online',0,2734,2902,NOW());

INSERT INTO isms_context (pkContext,nType,nState) VALUES (2735,2814,2702);
INSERT INTO rm_best_practice_standard (fkContext,fkStandard,fkBestPractice) VALUES (2735,2401,2040);
INSERT INTO isms_context_date (sUserName, nUserId, fkContext, nAction, ddate) VALUES ('Realiso Online',0,2735,2901,NOW());
INSERT INTO isms_context_date (sUserName, nUserId, fkContext, nAction, ddate) VALUES ('Realiso Online',0,2735,2902,NOW());

INSERT INTO isms_context (pkContext,nType,nState) VALUES (2736,2814,2702);
INSERT INTO rm_best_practice_standard (fkContext,fkStandard,fkBestPractice) VALUES (2736,2401,2041);
INSERT INTO isms_context_date (sUserName, nUserId, fkContext, nAction, ddate) VALUES ('Realiso Online',0,2736,2901,NOW());
INSERT INTO isms_context_date (sUserName, nUserId, fkContext, nAction, ddate) VALUES ('Realiso Online',0,2736,2902,NOW());

INSERT INTO isms_context (pkContext,nType,nState) VALUES (2737,2814,2702);
INSERT INTO rm_best_practice_standard (fkContext,fkStandard,fkBestPractice) VALUES (2737,2401,2042);
INSERT INTO isms_context_date (sUserName, nUserId, fkContext, nAction, ddate) VALUES ('Realiso Online',0,2737,2901,NOW());
INSERT INTO isms_context_date (sUserName, nUserId, fkContext, nAction, ddate) VALUES ('Realiso Online',0,2737,2902,NOW());

INSERT INTO isms_context (pkContext,nType,nState) VALUES (2738,2814,2702);
INSERT INTO rm_best_practice_standard (fkContext,fkStandard,fkBestPractice) VALUES (2738,2401,2043);
INSERT INTO isms_context_date (sUserName, nUserId, fkContext, nAction, ddate) VALUES ('Realiso Online',0,2738,2901,NOW());
INSERT INTO isms_context_date (sUserName, nUserId, fkContext, nAction, ddate) VALUES ('Realiso Online',0,2738,2902,NOW());

INSERT INTO isms_context (pkContext,nType,nState) VALUES (2739,2814,2702);
INSERT INTO rm_best_practice_standard (fkContext,fkStandard,fkBestPractice) VALUES (2739,2401,2044);
INSERT INTO isms_context_date (sUserName, nUserId, fkContext, nAction, ddate) VALUES ('Realiso Online',0,2739,2901,NOW());
INSERT INTO isms_context_date (sUserName, nUserId, fkContext, nAction, ddate) VALUES ('Realiso Online',0,2739,2902,NOW());

INSERT INTO isms_context (pkContext,nType,nState) VALUES (2740,2814,2702);
INSERT INTO rm_best_practice_standard (fkContext,fkStandard,fkBestPractice) VALUES (2740,2401,2045);
INSERT INTO isms_context_date (sUserName, nUserId, fkContext, nAction, ddate) VALUES ('Realiso Online',0,2740,2901,NOW());
INSERT INTO isms_context_date (sUserName, nUserId, fkContext, nAction, ddate) VALUES ('Realiso Online',0,2740,2902,NOW());

INSERT INTO isms_context (pkContext,nType,nState) VALUES (2741,2814,2702);
INSERT INTO rm_best_practice_standard (fkContext,fkStandard,fkBestPractice) VALUES (2741,2401,2046);
INSERT INTO isms_context_date (sUserName, nUserId, fkContext, nAction, ddate) VALUES ('Realiso Online',0,2741,2901,NOW());
INSERT INTO isms_context_date (sUserName, nUserId, fkContext, nAction, ddate) VALUES ('Realiso Online',0,2741,2902,NOW());

INSERT INTO isms_context (pkContext,nType,nState) VALUES (2742,2814,2702);
INSERT INTO rm_best_practice_standard (fkContext,fkStandard,fkBestPractice) VALUES (2742,2401,2047);
INSERT INTO isms_context_date (sUserName, nUserId, fkContext, nAction, ddate) VALUES ('Realiso Online',0,2742,2901,NOW());
INSERT INTO isms_context_date (sUserName, nUserId, fkContext, nAction, ddate) VALUES ('Realiso Online',0,2742,2902,NOW());

INSERT INTO isms_context (pkContext,nType,nState) VALUES (2743,2814,2702);
INSERT INTO rm_best_practice_standard (fkContext,fkStandard,fkBestPractice) VALUES (2743,2401,2119);
INSERT INTO isms_context_date (sUserName, nUserId, fkContext, nAction, ddate) VALUES ('Realiso Online',0,2743,2901,NOW());
INSERT INTO isms_context_date (sUserName, nUserId, fkContext, nAction, ddate) VALUES ('Realiso Online',0,2743,2902,NOW());

INSERT INTO isms_context (pkContext,nType,nState) VALUES (2744,2814,2702);
INSERT INTO rm_best_practice_standard (fkContext,fkStandard,fkBestPractice) VALUES (2744,2401,2120);
INSERT INTO isms_context_date (sUserName, nUserId, fkContext, nAction, ddate) VALUES ('Realiso Online',0,2744,2901,NOW());
INSERT INTO isms_context_date (sUserName, nUserId, fkContext, nAction, ddate) VALUES ('Realiso Online',0,2744,2902,NOW());

INSERT INTO isms_context (pkContext,nType,nState) VALUES (2745,2814,2702);
INSERT INTO rm_best_practice_standard (fkContext,fkStandard,fkBestPractice) VALUES (2745,2401,2121);
INSERT INTO isms_context_date (sUserName, nUserId, fkContext, nAction, ddate) VALUES ('Realiso Online',0,2745,2901,NOW());
INSERT INTO isms_context_date (sUserName, nUserId, fkContext, nAction, ddate) VALUES ('Realiso Online',0,2745,2902,NOW());

INSERT INTO isms_context (pkContext,nType,nState) VALUES (2746,2814,2702);
INSERT INTO rm_best_practice_standard (fkContext,fkStandard,fkBestPractice) VALUES (2746,2401,2122);
INSERT INTO isms_context_date (sUserName, nUserId, fkContext, nAction, ddate) VALUES ('Realiso Online',0,2746,2901,NOW());
INSERT INTO isms_context_date (sUserName, nUserId, fkContext, nAction, ddate) VALUES ('Realiso Online',0,2746,2902,NOW());

INSERT INTO isms_context (pkContext,nType,nState) VALUES (2747,2814,2702);
INSERT INTO rm_best_practice_standard (fkContext,fkStandard,fkBestPractice) VALUES (2747,2401,2123);
INSERT INTO isms_context_date (sUserName, nUserId, fkContext, nAction, ddate) VALUES ('Realiso Online',0,2747,2901,NOW());
INSERT INTO isms_context_date (sUserName, nUserId, fkContext, nAction, ddate) VALUES ('Realiso Online',0,2747,2902,NOW());

INSERT INTO isms_context (pkContext,nType,nState) VALUES (2748,2814,2702);
INSERT INTO rm_best_practice_standard (fkContext,fkStandard,fkBestPractice) VALUES (2748,2401,2124);
INSERT INTO isms_context_date (sUserName, nUserId, fkContext, nAction, ddate) VALUES ('Realiso Online',0,2748,2901,NOW());
INSERT INTO isms_context_date (sUserName, nUserId, fkContext, nAction, ddate) VALUES ('Realiso Online',0,2748,2902,NOW());

INSERT INTO isms_context (pkContext,nType,nState) VALUES (2749,2814,2702);
INSERT INTO rm_best_practice_standard (fkContext,fkStandard,fkBestPractice) VALUES (2749,2401,2125);
INSERT INTO isms_context_date (sUserName, nUserId, fkContext, nAction, ddate) VALUES ('Realiso Online',0,2749,2901,NOW());
INSERT INTO isms_context_date (sUserName, nUserId, fkContext, nAction, ddate) VALUES ('Realiso Online',0,2749,2902,NOW());

INSERT INTO isms_context (pkContext,nType,nState) VALUES (2750,2814,2702);
INSERT INTO rm_best_practice_standard (fkContext,fkStandard,fkBestPractice) VALUES (2750,2401,2126);
INSERT INTO isms_context_date (sUserName, nUserId, fkContext, nAction, ddate) VALUES ('Realiso Online',0,2750,2901,NOW());
INSERT INTO isms_context_date (sUserName, nUserId, fkContext, nAction, ddate) VALUES ('Realiso Online',0,2750,2902,NOW());

INSERT INTO isms_context (pkContext,nType,nState) VALUES (2751,2814,2702);
INSERT INTO rm_best_practice_standard (fkContext,fkStandard,fkBestPractice) VALUES (2751,2401,2128);
INSERT INTO isms_context_date (sUserName, nUserId, fkContext, nAction, ddate) VALUES ('Realiso Online',0,2751,2901,NOW());
INSERT INTO isms_context_date (sUserName, nUserId, fkContext, nAction, ddate) VALUES ('Realiso Online',0,2751,2902,NOW());

INSERT INTO isms_context (pkContext,nType,nState) VALUES (2752,2814,2702);
INSERT INTO rm_best_practice_standard (fkContext,fkStandard,fkBestPractice) VALUES (2752,2401,2127);
INSERT INTO isms_context_date (sUserName, nUserId, fkContext, nAction, ddate) VALUES ('Realiso Online',0,2752,2901,NOW());
INSERT INTO isms_context_date (sUserName, nUserId, fkContext, nAction, ddate) VALUES ('Realiso Online',0,2752,2902,NOW());

INSERT INTO isms_context (pkContext,nType,nState) VALUES (2753,2814,2702);
INSERT INTO rm_best_practice_standard (fkContext,fkStandard,fkBestPractice) VALUES (2753,2401,2129);
INSERT INTO isms_context_date (sUserName, nUserId, fkContext, nAction, ddate) VALUES ('Realiso Online',0,2753,2901,NOW());
INSERT INTO isms_context_date (sUserName, nUserId, fkContext, nAction, ddate) VALUES ('Realiso Online',0,2753,2902,NOW());

INSERT INTO isms_context (pkContext,nType,nState) VALUES (2754,2814,2702);
INSERT INTO rm_best_practice_standard (fkContext,fkStandard,fkBestPractice) VALUES (2754,2401,2130);
INSERT INTO isms_context_date (sUserName, nUserId, fkContext, nAction, ddate) VALUES ('Realiso Online',0,2754,2901,NOW());
INSERT INTO isms_context_date (sUserName, nUserId, fkContext, nAction, ddate) VALUES ('Realiso Online',0,2754,2902,NOW());

INSERT INTO isms_context (pkContext,nType,nState) VALUES (2755,2814,2702);
INSERT INTO rm_best_practice_standard (fkContext,fkStandard,fkBestPractice) VALUES (2755,2401,2131);
INSERT INTO isms_context_date (sUserName, nUserId, fkContext, nAction, ddate) VALUES ('Realiso Online',0,2755,2901,NOW());
INSERT INTO isms_context_date (sUserName, nUserId, fkContext, nAction, ddate) VALUES ('Realiso Online',0,2755,2902,NOW());

INSERT INTO isms_context (pkContext,nType,nState) VALUES (2756,2814,2702);
INSERT INTO rm_best_practice_standard (fkContext,fkStandard,fkBestPractice) VALUES (2756,2401,2132);
INSERT INTO isms_context_date (sUserName, nUserId, fkContext, nAction, ddate) VALUES ('Realiso Online',0,2756,2901,NOW());
INSERT INTO isms_context_date (sUserName, nUserId, fkContext, nAction, ddate) VALUES ('Realiso Online',0,2756,2902,NOW());

INSERT INTO isms_context (pkContext,nType,nState) VALUES (2757,2814,2702);
INSERT INTO rm_best_practice_standard (fkContext,fkStandard,fkBestPractice) VALUES (2757,2401,2133);
INSERT INTO isms_context_date (sUserName, nUserId, fkContext, nAction, ddate) VALUES ('Realiso Online',0,2757,2901,NOW());
INSERT INTO isms_context_date (sUserName, nUserId, fkContext, nAction, ddate) VALUES ('Realiso Online',0,2757,2902,NOW());

INSERT INTO isms_context (pkContext,nType,nState) VALUES (2758,2814,2702);
INSERT INTO rm_best_practice_standard (fkContext,fkStandard,fkBestPractice) VALUES (2758,2401,2134);
INSERT INTO isms_context_date (sUserName, nUserId, fkContext, nAction, ddate) VALUES ('Realiso Online',0,2758,2901,NOW());
INSERT INTO isms_context_date (sUserName, nUserId, fkContext, nAction, ddate) VALUES ('Realiso Online',0,2758,2902,NOW());

INSERT INTO isms_context (pkContext,nType,nState) VALUES (2759,2814,2702);
INSERT INTO rm_best_practice_standard (fkContext,fkStandard,fkBestPractice) VALUES (2759,2401,2135);
INSERT INTO isms_context_date (sUserName, nUserId, fkContext, nAction, ddate) VALUES ('Realiso Online',0,2759,2901,NOW());
INSERT INTO isms_context_date (sUserName, nUserId, fkContext, nAction, ddate) VALUES ('Realiso Online',0,2759,2902,NOW());

INSERT INTO isms_context (pkContext,nType,nState) VALUES (2760,2814,2702);
INSERT INTO rm_best_practice_standard (fkContext,fkStandard,fkBestPractice) VALUES (2760,2401,2136);
INSERT INTO isms_context_date (sUserName, nUserId, fkContext, nAction, ddate) VALUES ('Realiso Online',0,2760,2901,NOW());
INSERT INTO isms_context_date (sUserName, nUserId, fkContext, nAction, ddate) VALUES ('Realiso Online',0,2760,2902,NOW());

INSERT INTO isms_context (pkContext,nType,nState) VALUES (2761,2814,2702);
INSERT INTO rm_best_practice_standard (fkContext,fkStandard,fkBestPractice) VALUES (2761,2401,2137);
INSERT INTO isms_context_date (sUserName, nUserId, fkContext, nAction, ddate) VALUES ('Realiso Online',0,2761,2901,NOW());
INSERT INTO isms_context_date (sUserName, nUserId, fkContext, nAction, ddate) VALUES ('Realiso Online',0,2761,2902,NOW());

INSERT INTO isms_context (pkContext,nType,nState) VALUES (2762,2814,2702);
INSERT INTO rm_best_practice_standard (fkContext,fkStandard,fkBestPractice) VALUES (2762,2401,2138);
INSERT INTO isms_context_date (sUserName, nUserId, fkContext, nAction, ddate) VALUES ('Realiso Online',0,2762,2901,NOW());
INSERT INTO isms_context_date (sUserName, nUserId, fkContext, nAction, ddate) VALUES ('Realiso Online',0,2762,2902,NOW());

INSERT INTO isms_context (pkContext,nType,nState) VALUES (2763,2814,2702);
INSERT INTO rm_best_practice_standard (fkContext,fkStandard,fkBestPractice) VALUES (2763,2401,2139);
INSERT INTO isms_context_date (sUserName, nUserId, fkContext, nAction, ddate) VALUES ('Realiso Online',0,2763,2901,NOW());
INSERT INTO isms_context_date (sUserName, nUserId, fkContext, nAction, ddate) VALUES ('Realiso Online',0,2763,2902,NOW());

INSERT INTO isms_context (pkContext,nType,nState) VALUES (2764,2814,2702);
INSERT INTO rm_best_practice_standard (fkContext,fkStandard,fkBestPractice) VALUES (2764,2401,2140);
INSERT INTO isms_context_date (sUserName, nUserId, fkContext, nAction, ddate) VALUES ('Realiso Online',0,2764,2901,NOW());
INSERT INTO isms_context_date (sUserName, nUserId, fkContext, nAction, ddate) VALUES ('Realiso Online',0,2764,2902,NOW());

INSERT INTO isms_context (pkContext,nType,nState) VALUES (2765,2814,2702);
INSERT INTO rm_best_practice_standard (fkContext,fkStandard,fkBestPractice) VALUES (2765,2401,2141);
INSERT INTO isms_context_date (sUserName, nUserId, fkContext, nAction, ddate) VALUES ('Realiso Online',0,2765,2901,NOW());
INSERT INTO isms_context_date (sUserName, nUserId, fkContext, nAction, ddate) VALUES ('Realiso Online',0,2765,2902,NOW());

INSERT INTO isms_context (pkContext,nType,nState) VALUES (2766,2814,2702);
INSERT INTO rm_best_practice_standard (fkContext,fkStandard,fkBestPractice) VALUES (2766,2401,2142);
INSERT INTO isms_context_date (sUserName, nUserId, fkContext, nAction, ddate) VALUES ('Realiso Online',0,2766,2901,NOW());
INSERT INTO isms_context_date (sUserName, nUserId, fkContext, nAction, ddate) VALUES ('Realiso Online',0,2766,2902,NOW());

INSERT INTO isms_context (pkContext,nType,nState) VALUES (2767,2814,2702);
INSERT INTO rm_best_practice_standard (fkContext,fkStandard,fkBestPractice) VALUES (2767,2401,2143);
INSERT INTO isms_context_date (sUserName, nUserId, fkContext, nAction, ddate) VALUES ('Realiso Online',0,2767,2901,NOW());
INSERT INTO isms_context_date (sUserName, nUserId, fkContext, nAction, ddate) VALUES ('Realiso Online',0,2767,2902,NOW());

INSERT INTO isms_context (pkContext,nType,nState) VALUES (2768,2814,2702);
INSERT INTO rm_best_practice_standard (fkContext,fkStandard,fkBestPractice) VALUES (2768,2401,2003);
INSERT INTO isms_context_date (sUserName, nUserId, fkContext, nAction, ddate) VALUES ('Realiso Online',0,2768,2901,NOW());
INSERT INTO isms_context_date (sUserName, nUserId, fkContext, nAction, ddate) VALUES ('Realiso Online',0,2768,2902,NOW());

INSERT INTO isms_context (pkContext,nType,nState) VALUES (2769,2814,2702);
INSERT INTO rm_best_practice_standard (fkContext,fkStandard,fkBestPractice) VALUES (2769,2401,2004);
INSERT INTO isms_context_date (sUserName, nUserId, fkContext, nAction, ddate) VALUES ('Realiso Online',0,2769,2901,NOW());
INSERT INTO isms_context_date (sUserName, nUserId, fkContext, nAction, ddate) VALUES ('Realiso Online',0,2769,2902,NOW());

INSERT INTO isms_context (pkContext,nType,nState) VALUES (2770,2814,2702);
INSERT INTO rm_best_practice_standard (fkContext,fkStandard,fkBestPractice) VALUES (2770,2401,2005);
INSERT INTO isms_context_date (sUserName, nUserId, fkContext, nAction, ddate) VALUES ('Realiso Online',0,2770,2901,NOW());
INSERT INTO isms_context_date (sUserName, nUserId, fkContext, nAction, ddate) VALUES ('Realiso Online',0,2770,2902,NOW());

INSERT INTO isms_context (pkContext,nType,nState) VALUES (2771,2814,2702);
INSERT INTO rm_best_practice_standard (fkContext,fkStandard,fkBestPractice) VALUES (2771,2401,2006);
INSERT INTO isms_context_date (sUserName, nUserId, fkContext, nAction, ddate) VALUES ('Realiso Online',0,2771,2901,NOW());
INSERT INTO isms_context_date (sUserName, nUserId, fkContext, nAction, ddate) VALUES ('Realiso Online',0,2771,2902,NOW());

INSERT INTO isms_context (pkContext,nType,nState) VALUES (2772,2814,2702);
INSERT INTO rm_best_practice_standard (fkContext,fkStandard,fkBestPractice) VALUES (2772,2401,2007);
INSERT INTO isms_context_date (sUserName, nUserId, fkContext, nAction, ddate) VALUES ('Realiso Online',0,2772,2901,NOW());
INSERT INTO isms_context_date (sUserName, nUserId, fkContext, nAction, ddate) VALUES ('Realiso Online',0,2772,2902,NOW());

INSERT INTO isms_context (pkContext,nType,nState) VALUES (2773,2814,2702);
INSERT INTO rm_best_practice_standard (fkContext,fkStandard,fkBestPractice) VALUES (2773,2401,1994);
INSERT INTO isms_context_date (sUserName, nUserId, fkContext, nAction, ddate) VALUES ('Realiso Online',0,2773,2901,NOW());
INSERT INTO isms_context_date (sUserName, nUserId, fkContext, nAction, ddate) VALUES ('Realiso Online',0,2773,2902,NOW());

INSERT INTO isms_context (pkContext,nType,nState) VALUES (2774,2814,2702);
INSERT INTO rm_best_practice_standard (fkContext,fkStandard,fkBestPractice) VALUES (2774,2401,1995);
INSERT INTO isms_context_date (sUserName, nUserId, fkContext, nAction, ddate) VALUES ('Realiso Online',0,2774,2901,NOW());
INSERT INTO isms_context_date (sUserName, nUserId, fkContext, nAction, ddate) VALUES ('Realiso Online',0,2774,2902,NOW());

INSERT INTO isms_context (pkContext,nType,nState) VALUES (2775,2814,2702);
INSERT INTO rm_best_practice_standard (fkContext,fkStandard,fkBestPractice) VALUES (2775,2401,1996);
INSERT INTO isms_context_date (sUserName, nUserId, fkContext, nAction, ddate) VALUES ('Realiso Online',0,2775,2901,NOW());
INSERT INTO isms_context_date (sUserName, nUserId, fkContext, nAction, ddate) VALUES ('Realiso Online',0,2775,2902,NOW());

INSERT INTO isms_context (pkContext,nType,nState) VALUES (2776,2814,2702);
INSERT INTO rm_best_practice_standard (fkContext,fkStandard,fkBestPractice) VALUES (2776,2401,1997);
INSERT INTO isms_context_date (sUserName, nUserId, fkContext, nAction, ddate) VALUES ('Realiso Online',0,2776,2901,NOW());
INSERT INTO isms_context_date (sUserName, nUserId, fkContext, nAction, ddate) VALUES ('Realiso Online',0,2776,2902,NOW());

INSERT INTO isms_context (pkContext,nType,nState) VALUES (2777,2814,2702);
INSERT INTO rm_best_practice_standard (fkContext,fkStandard,fkBestPractice) VALUES (2777,2401,1998);
INSERT INTO isms_context_date (sUserName, nUserId, fkContext, nAction, ddate) VALUES ('Realiso Online',0,2777,2901,NOW());
INSERT INTO isms_context_date (sUserName, nUserId, fkContext, nAction, ddate) VALUES ('Realiso Online',0,2777,2902,NOW());

INSERT INTO isms_context (pkContext,nType,nState) VALUES (2778,2814,2702);
INSERT INTO rm_best_practice_standard (fkContext,fkStandard,fkBestPractice) VALUES (2778,2401,1999);
INSERT INTO isms_context_date (sUserName, nUserId, fkContext, nAction, ddate) VALUES ('Realiso Online',0,2778,2901,NOW());
INSERT INTO isms_context_date (sUserName, nUserId, fkContext, nAction, ddate) VALUES ('Realiso Online',0,2778,2902,NOW());

INSERT INTO isms_context (pkContext,nType,nState) VALUES (2779,2814,2702);
INSERT INTO rm_best_practice_standard (fkContext,fkStandard,fkBestPractice) VALUES (2779,2401,2000);
INSERT INTO isms_context_date (sUserName, nUserId, fkContext, nAction, ddate) VALUES ('Realiso Online',0,2779,2901,NOW());
INSERT INTO isms_context_date (sUserName, nUserId, fkContext, nAction, ddate) VALUES ('Realiso Online',0,2779,2902,NOW());

INSERT INTO isms_context (pkContext,nType,nState) VALUES (2780,2814,2702);
INSERT INTO rm_best_practice_standard (fkContext,fkStandard,fkBestPractice) VALUES (2780,2401,2001);
INSERT INTO isms_context_date (sUserName, nUserId, fkContext, nAction, ddate) VALUES ('Realiso Online',0,2780,2901,NOW());
INSERT INTO isms_context_date (sUserName, nUserId, fkContext, nAction, ddate) VALUES ('Realiso Online',0,2780,2902,NOW());

INSERT INTO isms_context (pkContext,nType,nState) VALUES (2781,2814,2702);
INSERT INTO rm_best_practice_standard (fkContext,fkStandard,fkBestPractice) VALUES (2781,2401,2002);
INSERT INTO isms_context_date (sUserName, nUserId, fkContext, nAction, ddate) VALUES ('Realiso Online',0,2781,2901,NOW());
INSERT INTO isms_context_date (sUserName, nUserId, fkContext, nAction, ddate) VALUES ('Realiso Online',0,2781,2902,NOW());

INSERT INTO isms_context (pkContext,nType,nState) VALUES (2782,2814,2702);
INSERT INTO rm_best_practice_standard (fkContext,fkStandard,fkBestPractice) VALUES (2782,2401,1934);
INSERT INTO isms_context_date (sUserName, nUserId, fkContext, nAction, ddate) VALUES ('Realiso Online',0,2782,2901,NOW());
INSERT INTO isms_context_date (sUserName, nUserId, fkContext, nAction, ddate) VALUES ('Realiso Online',0,2782,2902,NOW());

INSERT INTO isms_context (pkContext,nType,nState) VALUES (2783,2814,2702);
INSERT INTO rm_best_practice_standard (fkContext,fkStandard,fkBestPractice) VALUES (2783,2401,1935);
INSERT INTO isms_context_date (sUserName, nUserId, fkContext, nAction, ddate) VALUES ('Realiso Online',0,2783,2901,NOW());
INSERT INTO isms_context_date (sUserName, nUserId, fkContext, nAction, ddate) VALUES ('Realiso Online',0,2783,2902,NOW());

INSERT INTO isms_context (pkContext,nType,nState) VALUES (2784,2814,2702);
INSERT INTO rm_best_practice_standard (fkContext,fkStandard,fkBestPractice) VALUES (2784,2401,1936);
INSERT INTO isms_context_date (sUserName, nUserId, fkContext, nAction, ddate) VALUES ('Realiso Online',0,2784,2901,NOW());
INSERT INTO isms_context_date (sUserName, nUserId, fkContext, nAction, ddate) VALUES ('Realiso Online',0,2784,2902,NOW());

INSERT INTO isms_context (pkContext,nType,nState) VALUES (2785,2814,2702);
INSERT INTO rm_best_practice_standard (fkContext,fkStandard,fkBestPractice) VALUES (2785,2401,1937);
INSERT INTO isms_context_date (sUserName, nUserId, fkContext, nAction, ddate) VALUES ('Realiso Online',0,2785,2901,NOW());
INSERT INTO isms_context_date (sUserName, nUserId, fkContext, nAction, ddate) VALUES ('Realiso Online',0,2785,2902,NOW());

INSERT INTO isms_context (pkContext,nType,nState) VALUES (2786,2814,2702);
INSERT INTO rm_best_practice_standard (fkContext,fkStandard,fkBestPractice) VALUES (2786,2401,1938);
INSERT INTO isms_context_date (sUserName, nUserId, fkContext, nAction, ddate) VALUES ('Realiso Online',0,2786,2901,NOW());
INSERT INTO isms_context_date (sUserName, nUserId, fkContext, nAction, ddate) VALUES ('Realiso Online',0,2786,2902,NOW());

INSERT INTO isms_context (pkContext,nType,nState) VALUES (2787,2814,2702);
INSERT INTO rm_best_practice_standard (fkContext,fkStandard,fkBestPractice) VALUES (2787,2401,1939);
INSERT INTO isms_context_date (sUserName, nUserId, fkContext, nAction, ddate) VALUES ('Realiso Online',0,2787,2901,NOW());
INSERT INTO isms_context_date (sUserName, nUserId, fkContext, nAction, ddate) VALUES ('Realiso Online',0,2787,2902,NOW());

INSERT INTO isms_context (pkContext,nType,nState) VALUES (2788,2814,2702);
INSERT INTO rm_best_practice_standard (fkContext,fkStandard,fkBestPractice) VALUES (2788,2401,1940);
INSERT INTO isms_context_date (sUserName, nUserId, fkContext, nAction, ddate) VALUES ('Realiso Online',0,2788,2901,NOW());
INSERT INTO isms_context_date (sUserName, nUserId, fkContext, nAction, ddate) VALUES ('Realiso Online',0,2788,2902,NOW());

INSERT INTO isms_context (pkContext,nType,nState) VALUES (2789,2814,2702);
INSERT INTO rm_best_practice_standard (fkContext,fkStandard,fkBestPractice) VALUES (2789,2401,1941);
INSERT INTO isms_context_date (sUserName, nUserId, fkContext, nAction, ddate) VALUES ('Realiso Online',0,2789,2901,NOW());
INSERT INTO isms_context_date (sUserName, nUserId, fkContext, nAction, ddate) VALUES ('Realiso Online',0,2789,2902,NOW());

INSERT INTO isms_context (pkContext,nType,nState) VALUES (2790,2814,2702);
INSERT INTO rm_best_practice_standard (fkContext,fkStandard,fkBestPractice) VALUES (2790,2401,1942);
INSERT INTO isms_context_date (sUserName, nUserId, fkContext, nAction, ddate) VALUES ('Realiso Online',0,2790,2901,NOW());
INSERT INTO isms_context_date (sUserName, nUserId, fkContext, nAction, ddate) VALUES ('Realiso Online',0,2790,2902,NOW());

INSERT INTO isms_context (pkContext,nType,nState) VALUES (2791,2814,2702);
INSERT INTO rm_best_practice_standard (fkContext,fkStandard,fkBestPractice) VALUES (2791,2401,1943);
INSERT INTO isms_context_date (sUserName, nUserId, fkContext, nAction, ddate) VALUES ('Realiso Online',0,2791,2901,NOW());
INSERT INTO isms_context_date (sUserName, nUserId, fkContext, nAction, ddate) VALUES ('Realiso Online',0,2791,2902,NOW());

INSERT INTO isms_context (pkContext,nType,nState) VALUES (2792,2814,2702);
INSERT INTO rm_best_practice_standard (fkContext,fkStandard,fkBestPractice) VALUES (2792,2401,1944);
INSERT INTO isms_context_date (sUserName, nUserId, fkContext, nAction, ddate) VALUES ('Realiso Online',0,2792,2901,NOW());
INSERT INTO isms_context_date (sUserName, nUserId, fkContext, nAction, ddate) VALUES ('Realiso Online',0,2792,2902,NOW());

INSERT INTO isms_context (pkContext,nType,nState) VALUES (2793,2814,2702);
INSERT INTO rm_best_practice_standard (fkContext,fkStandard,fkBestPractice) VALUES (2793,2401,1945);
INSERT INTO isms_context_date (sUserName, nUserId, fkContext, nAction, ddate) VALUES ('Realiso Online',0,2793,2901,NOW());
INSERT INTO isms_context_date (sUserName, nUserId, fkContext, nAction, ddate) VALUES ('Realiso Online',0,2793,2902,NOW());

INSERT INTO isms_context (pkContext,nType,nState) VALUES (2794,2814,2702);
INSERT INTO rm_best_practice_standard (fkContext,fkStandard,fkBestPractice) VALUES (2794,2401,1946);
INSERT INTO isms_context_date (sUserName, nUserId, fkContext, nAction, ddate) VALUES ('Realiso Online',0,2794,2901,NOW());
INSERT INTO isms_context_date (sUserName, nUserId, fkContext, nAction, ddate) VALUES ('Realiso Online',0,2794,2902,NOW());

INSERT INTO isms_context (pkContext,nType,nState) VALUES (2795,2814,2702);
INSERT INTO rm_best_practice_standard (fkContext,fkStandard,fkBestPractice) VALUES (2795,2401,1947);
INSERT INTO isms_context_date (sUserName, nUserId, fkContext, nAction, ddate) VALUES ('Realiso Online',0,2795,2901,NOW());
INSERT INTO isms_context_date (sUserName, nUserId, fkContext, nAction, ddate) VALUES ('Realiso Online',0,2795,2902,NOW());

INSERT INTO isms_context (pkContext,nType,nState) VALUES (2796,2814,2702);
INSERT INTO rm_best_practice_standard (fkContext,fkStandard,fkBestPractice) VALUES (2796,2401,1948);
INSERT INTO isms_context_date (sUserName, nUserId, fkContext, nAction, ddate) VALUES ('Realiso Online',0,2796,2901,NOW());
INSERT INTO isms_context_date (sUserName, nUserId, fkContext, nAction, ddate) VALUES ('Realiso Online',0,2796,2902,NOW());

INSERT INTO isms_context (pkContext,nType,nState) VALUES (2797,2814,2702);
INSERT INTO rm_best_practice_standard (fkContext,fkStandard,fkBestPractice) VALUES (2797,2401,1958);
INSERT INTO isms_context_date (sUserName, nUserId, fkContext, nAction, ddate) VALUES ('Realiso Online',0,2797,2901,NOW());
INSERT INTO isms_context_date (sUserName, nUserId, fkContext, nAction, ddate) VALUES ('Realiso Online',0,2797,2902,NOW());

INSERT INTO isms_context (pkContext,nType,nState) VALUES (2798,2814,2702);
INSERT INTO rm_best_practice_standard (fkContext,fkStandard,fkBestPractice) VALUES (2798,2401,1959);
INSERT INTO isms_context_date (sUserName, nUserId, fkContext, nAction, ddate) VALUES ('Realiso Online',0,2798,2901,NOW());
INSERT INTO isms_context_date (sUserName, nUserId, fkContext, nAction, ddate) VALUES ('Realiso Online',0,2798,2902,NOW());

INSERT INTO isms_context (pkContext,nType,nState) VALUES (2799,2814,2702);
INSERT INTO rm_best_practice_standard (fkContext,fkStandard,fkBestPractice) VALUES (2799,2401,1960);
INSERT INTO isms_context_date (sUserName, nUserId, fkContext, nAction, ddate) VALUES ('Realiso Online',0,2799,2901,NOW());
INSERT INTO isms_context_date (sUserName, nUserId, fkContext, nAction, ddate) VALUES ('Realiso Online',0,2799,2902,NOW());

INSERT INTO isms_context (pkContext,nType,nState) VALUES (2800,2814,2702);
INSERT INTO rm_best_practice_standard (fkContext,fkStandard,fkBestPractice) VALUES (2800,2401,1961);
INSERT INTO isms_context_date (sUserName, nUserId, fkContext, nAction, ddate) VALUES ('Realiso Online',0,2800,2901,NOW());
INSERT INTO isms_context_date (sUserName, nUserId, fkContext, nAction, ddate) VALUES ('Realiso Online',0,2800,2902,NOW());

INSERT INTO isms_context (pkContext,nType,nState) VALUES (2801,2814,2702);
INSERT INTO rm_best_practice_standard (fkContext,fkStandard,fkBestPractice) VALUES (2801,2401,1962);
INSERT INTO isms_context_date (sUserName, nUserId, fkContext, nAction, ddate) VALUES ('Realiso Online',0,2801,2901,NOW());
INSERT INTO isms_context_date (sUserName, nUserId, fkContext, nAction, ddate) VALUES ('Realiso Online',0,2801,2902,NOW());

INSERT INTO isms_context (pkContext,nType,nState) VALUES (2802,2814,2702);
INSERT INTO rm_best_practice_standard (fkContext,fkStandard,fkBestPractice) VALUES (2802,2401,1963);
INSERT INTO isms_context_date (sUserName, nUserId, fkContext, nAction, ddate) VALUES ('Realiso Online',0,2802,2901,NOW());
INSERT INTO isms_context_date (sUserName, nUserId, fkContext, nAction, ddate) VALUES ('Realiso Online',0,2802,2902,NOW());

INSERT INTO isms_context (pkContext,nType,nState) VALUES (2803,2814,2702);
INSERT INTO rm_best_practice_standard (fkContext,fkStandard,fkBestPractice) VALUES (2803,2401,1949);
INSERT INTO isms_context_date (sUserName, nUserId, fkContext, nAction, ddate) VALUES ('Realiso Online',0,2803,2901,NOW());
INSERT INTO isms_context_date (sUserName, nUserId, fkContext, nAction, ddate) VALUES ('Realiso Online',0,2803,2902,NOW());

INSERT INTO isms_context (pkContext,nType,nState) VALUES (2804,2814,2702);
INSERT INTO rm_best_practice_standard (fkContext,fkStandard,fkBestPractice) VALUES (2804,2401,1950);
INSERT INTO isms_context_date (sUserName, nUserId, fkContext, nAction, ddate) VALUES ('Realiso Online',0,2804,2901,NOW());
INSERT INTO isms_context_date (sUserName, nUserId, fkContext, nAction, ddate) VALUES ('Realiso Online',0,2804,2902,NOW());

INSERT INTO isms_context (pkContext,nType,nState) VALUES (2805,2814,2702);
INSERT INTO rm_best_practice_standard (fkContext,fkStandard,fkBestPractice) VALUES (2805,2401,1951);
INSERT INTO isms_context_date (sUserName, nUserId, fkContext, nAction, ddate) VALUES ('Realiso Online',0,2805,2901,NOW());
INSERT INTO isms_context_date (sUserName, nUserId, fkContext, nAction, ddate) VALUES ('Realiso Online',0,2805,2902,NOW());

INSERT INTO isms_context (pkContext,nType,nState) VALUES (2806,2814,2702);
INSERT INTO rm_best_practice_standard (fkContext,fkStandard,fkBestPractice) VALUES (2806,2401,1952);
INSERT INTO isms_context_date (sUserName, nUserId, fkContext, nAction, ddate) VALUES ('Realiso Online',0,2806,2901,NOW());
INSERT INTO isms_context_date (sUserName, nUserId, fkContext, nAction, ddate) VALUES ('Realiso Online',0,2806,2902,NOW());

INSERT INTO isms_context (pkContext,nType,nState) VALUES (2807,2814,2702);
INSERT INTO rm_best_practice_standard (fkContext,fkStandard,fkBestPractice) VALUES (2807,2401,1953);
INSERT INTO isms_context_date (sUserName, nUserId, fkContext, nAction, ddate) VALUES ('Realiso Online',0,2807,2901,NOW());
INSERT INTO isms_context_date (sUserName, nUserId, fkContext, nAction, ddate) VALUES ('Realiso Online',0,2807,2902,NOW());

INSERT INTO isms_context (pkContext,nType,nState) VALUES (2808,2814,2702);
INSERT INTO rm_best_practice_standard (fkContext,fkStandard,fkBestPractice) VALUES (2808,2401,1954);
INSERT INTO isms_context_date (sUserName, nUserId, fkContext, nAction, ddate) VALUES ('Realiso Online',0,2808,2901,NOW());
INSERT INTO isms_context_date (sUserName, nUserId, fkContext, nAction, ddate) VALUES ('Realiso Online',0,2808,2902,NOW());

INSERT INTO isms_context (pkContext,nType,nState) VALUES (2809,2814,2702);
INSERT INTO rm_best_practice_standard (fkContext,fkStandard,fkBestPractice) VALUES (2809,2401,1955);
INSERT INTO isms_context_date (sUserName, nUserId, fkContext, nAction, ddate) VALUES ('Realiso Online',0,2809,2901,NOW());
INSERT INTO isms_context_date (sUserName, nUserId, fkContext, nAction, ddate) VALUES ('Realiso Online',0,2809,2902,NOW());

INSERT INTO isms_context (pkContext,nType,nState) VALUES (2810,2814,2702);
INSERT INTO rm_best_practice_standard (fkContext,fkStandard,fkBestPractice) VALUES (2810,2401,1956);
INSERT INTO isms_context_date (sUserName, nUserId, fkContext, nAction, ddate) VALUES ('Realiso Online',0,2810,2901,NOW());
INSERT INTO isms_context_date (sUserName, nUserId, fkContext, nAction, ddate) VALUES ('Realiso Online',0,2810,2902,NOW());

INSERT INTO isms_context (pkContext,nType,nState) VALUES (2811,2814,2702);
INSERT INTO rm_best_practice_standard (fkContext,fkStandard,fkBestPractice) VALUES (2811,2401,1957);
INSERT INTO isms_context_date (sUserName, nUserId, fkContext, nAction, ddate) VALUES ('Realiso Online',0,2811,2901,NOW());
INSERT INTO isms_context_date (sUserName, nUserId, fkContext, nAction, ddate) VALUES ('Realiso Online',0,2811,2902,NOW());

INSERT INTO isms_context (pkContext,nType,nState) VALUES (2812,2814,2702);
INSERT INTO rm_best_practice_standard (fkContext,fkStandard,fkBestPractice) VALUES (2812,2401,1964);
INSERT INTO isms_context_date (sUserName, nUserId, fkContext, nAction, ddate) VALUES ('Realiso Online',0,2812,2901,NOW());
INSERT INTO isms_context_date (sUserName, nUserId, fkContext, nAction, ddate) VALUES ('Realiso Online',0,2812,2902,NOW());

INSERT INTO isms_context (pkContext,nType,nState) VALUES (2813,2814,2702);
INSERT INTO rm_best_practice_standard (fkContext,fkStandard,fkBestPractice) VALUES (2813,2401,1965);
INSERT INTO isms_context_date (sUserName, nUserId, fkContext, nAction, ddate) VALUES ('Realiso Online',0,2813,2901,NOW());
INSERT INTO isms_context_date (sUserName, nUserId, fkContext, nAction, ddate) VALUES ('Realiso Online',0,2813,2902,NOW());

INSERT INTO isms_context (pkContext,nType,nState) VALUES (2814,2814,2702);
INSERT INTO rm_best_practice_standard (fkContext,fkStandard,fkBestPractice) VALUES (2814,2401,1966);
INSERT INTO isms_context_date (sUserName, nUserId, fkContext, nAction, ddate) VALUES ('Realiso Online',0,2814,2901,NOW());
INSERT INTO isms_context_date (sUserName, nUserId, fkContext, nAction, ddate) VALUES ('Realiso Online',0,2814,2902,NOW());

INSERT INTO isms_context (pkContext,nType,nState) VALUES (2815,2814,2702);
INSERT INTO rm_best_practice_standard (fkContext,fkStandard,fkBestPractice) VALUES (2815,2401,1967);
INSERT INTO isms_context_date (sUserName, nUserId, fkContext, nAction, ddate) VALUES ('Realiso Online',0,2815,2901,NOW());
INSERT INTO isms_context_date (sUserName, nUserId, fkContext, nAction, ddate) VALUES ('Realiso Online',0,2815,2902,NOW());

INSERT INTO isms_context (pkContext,nType,nState) VALUES (2816,2814,2702);
INSERT INTO rm_best_practice_standard (fkContext,fkStandard,fkBestPractice) VALUES (2816,2401,1968);
INSERT INTO isms_context_date (sUserName, nUserId, fkContext, nAction, ddate) VALUES ('Realiso Online',0,2816,2901,NOW());
INSERT INTO isms_context_date (sUserName, nUserId, fkContext, nAction, ddate) VALUES ('Realiso Online',0,2816,2902,NOW());

INSERT INTO isms_context (pkContext,nType,nState) VALUES (2817,2814,2702);
INSERT INTO rm_best_practice_standard (fkContext,fkStandard,fkBestPractice) VALUES (2817,2401,1969);
INSERT INTO isms_context_date (sUserName, nUserId, fkContext, nAction, ddate) VALUES ('Realiso Online',0,2817,2901,NOW());
INSERT INTO isms_context_date (sUserName, nUserId, fkContext, nAction, ddate) VALUES ('Realiso Online',0,2817,2902,NOW());

INSERT INTO isms_context (pkContext,nType,nState) VALUES (2818,2814,2702);
INSERT INTO rm_best_practice_standard (fkContext,fkStandard,fkBestPractice) VALUES (2818,2401,1970);
INSERT INTO isms_context_date (sUserName, nUserId, fkContext, nAction, ddate) VALUES ('Realiso Online',0,2818,2901,NOW());
INSERT INTO isms_context_date (sUserName, nUserId, fkContext, nAction, ddate) VALUES ('Realiso Online',0,2818,2902,NOW());

INSERT INTO isms_context (pkContext,nType,nState) VALUES (2819,2814,2702);
INSERT INTO rm_best_practice_standard (fkContext,fkStandard,fkBestPractice) VALUES (2819,2401,1971);
INSERT INTO isms_context_date (sUserName, nUserId, fkContext, nAction, ddate) VALUES ('Realiso Online',0,2819,2901,NOW());
INSERT INTO isms_context_date (sUserName, nUserId, fkContext, nAction, ddate) VALUES ('Realiso Online',0,2819,2902,NOW());

INSERT INTO isms_context (pkContext,nType,nState) VALUES (2820,2814,2702);
INSERT INTO rm_best_practice_standard (fkContext,fkStandard,fkBestPractice) VALUES (2820,2401,1972);
INSERT INTO isms_context_date (sUserName, nUserId, fkContext, nAction, ddate) VALUES ('Realiso Online',0,2820,2901,NOW());
INSERT INTO isms_context_date (sUserName, nUserId, fkContext, nAction, ddate) VALUES ('Realiso Online',0,2820,2902,NOW());

INSERT INTO isms_context (pkContext,nType,nState) VALUES (2821,2814,2702);
INSERT INTO rm_best_practice_standard (fkContext,fkStandard,fkBestPractice) VALUES (2821,2401,1973);
INSERT INTO isms_context_date (sUserName, nUserId, fkContext, nAction, ddate) VALUES ('Realiso Online',0,2821,2901,NOW());
INSERT INTO isms_context_date (sUserName, nUserId, fkContext, nAction, ddate) VALUES ('Realiso Online',0,2821,2902,NOW());

INSERT INTO isms_context (pkContext,nType,nState) VALUES (2822,2814,2702);
INSERT INTO rm_best_practice_standard (fkContext,fkStandard,fkBestPractice) VALUES (2822,2401,1974);
INSERT INTO isms_context_date (sUserName, nUserId, fkContext, nAction, ddate) VALUES ('Realiso Online',0,2822,2901,NOW());
INSERT INTO isms_context_date (sUserName, nUserId, fkContext, nAction, ddate) VALUES ('Realiso Online',0,2822,2902,NOW());

INSERT INTO isms_context (pkContext,nType,nState) VALUES (2823,2814,2702);
INSERT INTO rm_best_practice_standard (fkContext,fkStandard,fkBestPractice) VALUES (2823,2401,1975);
INSERT INTO isms_context_date (sUserName, nUserId, fkContext, nAction, ddate) VALUES ('Realiso Online',0,2823,2901,NOW());
INSERT INTO isms_context_date (sUserName, nUserId, fkContext, nAction, ddate) VALUES ('Realiso Online',0,2823,2902,NOW());

INSERT INTO isms_context (pkContext,nType,nState) VALUES (2824,2814,2702);
INSERT INTO rm_best_practice_standard (fkContext,fkStandard,fkBestPractice) VALUES (2824,2401,1976);
INSERT INTO isms_context_date (sUserName, nUserId, fkContext, nAction, ddate) VALUES ('Realiso Online',0,2824,2901,NOW());
INSERT INTO isms_context_date (sUserName, nUserId, fkContext, nAction, ddate) VALUES ('Realiso Online',0,2824,2902,NOW());

INSERT INTO isms_context (pkContext,nType,nState) VALUES (2825,2814,2702);
INSERT INTO rm_best_practice_standard (fkContext,fkStandard,fkBestPractice) VALUES (2825,2401,1977);
INSERT INTO isms_context_date (sUserName, nUserId, fkContext, nAction, ddate) VALUES ('Realiso Online',0,2825,2901,NOW());
INSERT INTO isms_context_date (sUserName, nUserId, fkContext, nAction, ddate) VALUES ('Realiso Online',0,2825,2902,NOW());

INSERT INTO isms_context (pkContext,nType,nState) VALUES (2826,2814,2702);
INSERT INTO rm_best_practice_standard (fkContext,fkStandard,fkBestPractice) VALUES (2826,2401,1978);
INSERT INTO isms_context_date (sUserName, nUserId, fkContext, nAction, ddate) VALUES ('Realiso Online',0,2826,2901,NOW());
INSERT INTO isms_context_date (sUserName, nUserId, fkContext, nAction, ddate) VALUES ('Realiso Online',0,2826,2902,NOW());

INSERT INTO isms_context (pkContext,nType,nState) VALUES (2827,2814,2702);
INSERT INTO rm_best_practice_standard (fkContext,fkStandard,fkBestPractice) VALUES (2827,2401,1979);
INSERT INTO isms_context_date (sUserName, nUserId, fkContext, nAction, ddate) VALUES ('Realiso Online',0,2827,2901,NOW());
INSERT INTO isms_context_date (sUserName, nUserId, fkContext, nAction, ddate) VALUES ('Realiso Online',0,2827,2902,NOW());

INSERT INTO isms_context (pkContext,nType,nState) VALUES (2828,2814,2702);
INSERT INTO rm_best_practice_standard (fkContext,fkStandard,fkBestPractice) VALUES (2828,2401,1980);
INSERT INTO isms_context_date (sUserName, nUserId, fkContext, nAction, ddate) VALUES ('Realiso Online',0,2828,2901,NOW());
INSERT INTO isms_context_date (sUserName, nUserId, fkContext, nAction, ddate) VALUES ('Realiso Online',0,2828,2902,NOW());

INSERT INTO isms_context (pkContext,nType,nState) VALUES (2829,2814,2702);
INSERT INTO rm_best_practice_standard (fkContext,fkStandard,fkBestPractice) VALUES (2829,2401,1981);
INSERT INTO isms_context_date (sUserName, nUserId, fkContext, nAction, ddate) VALUES ('Realiso Online',0,2829,2901,NOW());
INSERT INTO isms_context_date (sUserName, nUserId, fkContext, nAction, ddate) VALUES ('Realiso Online',0,2829,2902,NOW());

INSERT INTO isms_context (pkContext,nType,nState) VALUES (2830,2814,2702);
INSERT INTO rm_best_practice_standard (fkContext,fkStandard,fkBestPractice) VALUES (2830,2401,1982);
INSERT INTO isms_context_date (sUserName, nUserId, fkContext, nAction, ddate) VALUES ('Realiso Online',0,2830,2901,NOW());
INSERT INTO isms_context_date (sUserName, nUserId, fkContext, nAction, ddate) VALUES ('Realiso Online',0,2830,2902,NOW());

INSERT INTO isms_context (pkContext,nType,nState) VALUES (2831,2814,2702);
INSERT INTO rm_best_practice_standard (fkContext,fkStandard,fkBestPractice) VALUES (2831,2401,1983);
INSERT INTO isms_context_date (sUserName, nUserId, fkContext, nAction, ddate) VALUES ('Realiso Online',0,2831,2901,NOW());
INSERT INTO isms_context_date (sUserName, nUserId, fkContext, nAction, ddate) VALUES ('Realiso Online',0,2831,2902,NOW());

INSERT INTO isms_context (pkContext,nType,nState) VALUES (2832,2814,2702);
INSERT INTO rm_best_practice_standard (fkContext,fkStandard,fkBestPractice) VALUES (2832,2401,1984);
INSERT INTO isms_context_date (sUserName, nUserId, fkContext, nAction, ddate) VALUES ('Realiso Online',0,2832,2901,NOW());
INSERT INTO isms_context_date (sUserName, nUserId, fkContext, nAction, ddate) VALUES ('Realiso Online',0,2832,2902,NOW());

INSERT INTO isms_context (pkContext,nType,nState) VALUES (2833,2814,2702);
INSERT INTO rm_best_practice_standard (fkContext,fkStandard,fkBestPractice) VALUES (2833,2401,1985);
INSERT INTO isms_context_date (sUserName, nUserId, fkContext, nAction, ddate) VALUES ('Realiso Online',0,2833,2901,NOW());
INSERT INTO isms_context_date (sUserName, nUserId, fkContext, nAction, ddate) VALUES ('Realiso Online',0,2833,2902,NOW());

INSERT INTO isms_context (pkContext,nType,nState) VALUES (2834,2814,2702);
INSERT INTO rm_best_practice_standard (fkContext,fkStandard,fkBestPractice) VALUES (2834,2401,1986);
INSERT INTO isms_context_date (sUserName, nUserId, fkContext, nAction, ddate) VALUES ('Realiso Online',0,2834,2901,NOW());
INSERT INTO isms_context_date (sUserName, nUserId, fkContext, nAction, ddate) VALUES ('Realiso Online',0,2834,2902,NOW());

INSERT INTO isms_context (pkContext,nType,nState) VALUES (2835,2814,2702);
INSERT INTO rm_best_practice_standard (fkContext,fkStandard,fkBestPractice) VALUES (2835,2401,1987);
INSERT INTO isms_context_date (sUserName, nUserId, fkContext, nAction, ddate) VALUES ('Realiso Online',0,2835,2901,NOW());
INSERT INTO isms_context_date (sUserName, nUserId, fkContext, nAction, ddate) VALUES ('Realiso Online',0,2835,2902,NOW());

INSERT INTO isms_context (pkContext,nType,nState) VALUES (2836,2814,2702);
INSERT INTO rm_best_practice_standard (fkContext,fkStandard,fkBestPractice) VALUES (2836,2401,1988);
INSERT INTO isms_context_date (sUserName, nUserId, fkContext, nAction, ddate) VALUES ('Realiso Online',0,2836,2901,NOW());
INSERT INTO isms_context_date (sUserName, nUserId, fkContext, nAction, ddate) VALUES ('Realiso Online',0,2836,2902,NOW());

INSERT INTO isms_context (pkContext,nType,nState) VALUES (2837,2814,2702);
INSERT INTO rm_best_practice_standard (fkContext,fkStandard,fkBestPractice) VALUES (2837,2401,1989);
INSERT INTO isms_context_date (sUserName, nUserId, fkContext, nAction, ddate) VALUES ('Realiso Online',0,2837,2901,NOW());
INSERT INTO isms_context_date (sUserName, nUserId, fkContext, nAction, ddate) VALUES ('Realiso Online',0,2837,2902,NOW());

INSERT INTO isms_context (pkContext,nType,nState) VALUES (2838,2814,2702);
INSERT INTO rm_best_practice_standard (fkContext,fkStandard,fkBestPractice) VALUES (2838,2401,1990);
INSERT INTO isms_context_date (sUserName, nUserId, fkContext, nAction, ddate) VALUES ('Realiso Online',0,2838,2901,NOW());
INSERT INTO isms_context_date (sUserName, nUserId, fkContext, nAction, ddate) VALUES ('Realiso Online',0,2838,2902,NOW());

INSERT INTO isms_context (pkContext,nType,nState) VALUES (2839,2814,2702);
INSERT INTO rm_best_practice_standard (fkContext,fkStandard,fkBestPractice) VALUES (2839,2401,1991);
INSERT INTO isms_context_date (sUserName, nUserId, fkContext, nAction, ddate) VALUES ('Realiso Online',0,2839,2901,NOW());
INSERT INTO isms_context_date (sUserName, nUserId, fkContext, nAction, ddate) VALUES ('Realiso Online',0,2839,2902,NOW());

INSERT INTO isms_context (pkContext,nType,nState) VALUES (2840,2814,2702);
INSERT INTO rm_best_practice_standard (fkContext,fkStandard,fkBestPractice) VALUES (2840,2401,1992);
INSERT INTO isms_context_date (sUserName, nUserId, fkContext, nAction, ddate) VALUES ('Realiso Online',0,2840,2901,NOW());
INSERT INTO isms_context_date (sUserName, nUserId, fkContext, nAction, ddate) VALUES ('Realiso Online',0,2840,2902,NOW());

INSERT INTO isms_context (pkContext,nType,nState) VALUES (2841,2814,2702);
INSERT INTO rm_best_practice_standard (fkContext,fkStandard,fkBestPractice) VALUES (2841,2401,1993);
INSERT INTO isms_context_date (sUserName, nUserId, fkContext, nAction, ddate) VALUES ('Realiso Online',0,2841,2901,NOW());
INSERT INTO isms_context_date (sUserName, nUserId, fkContext, nAction, ddate) VALUES ('Realiso Online',0,2841,2902,NOW());

INSERT INTO isms_context (pkContext,nType,nState) VALUES (2842,2814,2702);
INSERT INTO rm_best_practice_standard (fkContext,fkStandard,fkBestPractice) VALUES (2842,2403,2145);
INSERT INTO isms_context_date (sUserName, nUserId, fkContext, nAction, ddate) VALUES ('Realiso Online',0,2842,2901,NOW());
INSERT INTO isms_context_date (sUserName, nUserId, fkContext, nAction, ddate) VALUES ('Realiso Online',0,2842,2902,NOW());

INSERT INTO isms_context (pkContext,nType,nState) VALUES (2843,2814,2702);
INSERT INTO rm_best_practice_standard (fkContext,fkStandard,fkBestPractice) VALUES (2843,2403,2146);
INSERT INTO isms_context_date (sUserName, nUserId, fkContext, nAction, ddate) VALUES ('Realiso Online',0,2843,2901,NOW());
INSERT INTO isms_context_date (sUserName, nUserId, fkContext, nAction, ddate) VALUES ('Realiso Online',0,2843,2902,NOW());

INSERT INTO isms_context (pkContext,nType,nState) VALUES (2844,2814,2702);
INSERT INTO rm_best_practice_standard (fkContext,fkStandard,fkBestPractice) VALUES (2844,2403,2147);
INSERT INTO isms_context_date (sUserName, nUserId, fkContext, nAction, ddate) VALUES ('Realiso Online',0,2844,2901,NOW());
INSERT INTO isms_context_date (sUserName, nUserId, fkContext, nAction, ddate) VALUES ('Realiso Online',0,2844,2902,NOW());

INSERT INTO isms_context (pkContext,nType,nState) VALUES (2845,2814,2702);
INSERT INTO rm_best_practice_standard (fkContext,fkStandard,fkBestPractice) VALUES (2845,2403,2148);
INSERT INTO isms_context_date (sUserName, nUserId, fkContext, nAction, ddate) VALUES ('Realiso Online',0,2845,2901,NOW());
INSERT INTO isms_context_date (sUserName, nUserId, fkContext, nAction, ddate) VALUES ('Realiso Online',0,2845,2902,NOW());

INSERT INTO isms_context (pkContext,nType,nState) VALUES (2846,2814,2702);
INSERT INTO rm_best_practice_standard (fkContext,fkStandard,fkBestPractice) VALUES (2846,2403,2149);
INSERT INTO isms_context_date (sUserName, nUserId, fkContext, nAction, ddate) VALUES ('Realiso Online',0,2846,2901,NOW());
INSERT INTO isms_context_date (sUserName, nUserId, fkContext, nAction, ddate) VALUES ('Realiso Online',0,2846,2902,NOW());

INSERT INTO isms_context (pkContext,nType,nState) VALUES (2847,2814,2702);
INSERT INTO rm_best_practice_standard (fkContext,fkStandard,fkBestPractice) VALUES (2847,2403,2150);
INSERT INTO isms_context_date (sUserName, nUserId, fkContext, nAction, ddate) VALUES ('Realiso Online',0,2847,2901,NOW());
INSERT INTO isms_context_date (sUserName, nUserId, fkContext, nAction, ddate) VALUES ('Realiso Online',0,2847,2902,NOW());

INSERT INTO isms_context (pkContext,nType,nState) VALUES (2848,2814,2702);
INSERT INTO rm_best_practice_standard (fkContext,fkStandard,fkBestPractice) VALUES (2848,2403,2151);
INSERT INTO isms_context_date (sUserName, nUserId, fkContext, nAction, ddate) VALUES ('Realiso Online',0,2848,2901,NOW());
INSERT INTO isms_context_date (sUserName, nUserId, fkContext, nAction, ddate) VALUES ('Realiso Online',0,2848,2902,NOW());

INSERT INTO isms_context (pkContext,nType,nState) VALUES (2849,2814,2702);
INSERT INTO rm_best_practice_standard (fkContext,fkStandard,fkBestPractice) VALUES (2849,2403,2152);
INSERT INTO isms_context_date (sUserName, nUserId, fkContext, nAction, ddate) VALUES ('Realiso Online',0,2849,2901,NOW());
INSERT INTO isms_context_date (sUserName, nUserId, fkContext, nAction, ddate) VALUES ('Realiso Online',0,2849,2902,NOW());

INSERT INTO isms_context (pkContext,nType,nState) VALUES (2850,2814,2702);
INSERT INTO rm_best_practice_standard (fkContext,fkStandard,fkBestPractice) VALUES (2850,2403,2153);
INSERT INTO isms_context_date (sUserName, nUserId, fkContext, nAction, ddate) VALUES ('Realiso Online',0,2850,2901,NOW());
INSERT INTO isms_context_date (sUserName, nUserId, fkContext, nAction, ddate) VALUES ('Realiso Online',0,2850,2902,NOW());

INSERT INTO isms_context (pkContext,nType,nState) VALUES (2851,2814,2702);
INSERT INTO rm_best_practice_standard (fkContext,fkStandard,fkBestPractice) VALUES (2851,2403,2154);
INSERT INTO isms_context_date (sUserName, nUserId, fkContext, nAction, ddate) VALUES ('Realiso Online',0,2851,2901,NOW());
INSERT INTO isms_context_date (sUserName, nUserId, fkContext, nAction, ddate) VALUES ('Realiso Online',0,2851,2902,NOW());

INSERT INTO isms_context (pkContext,nType,nState) VALUES (2852,2814,2702);
INSERT INTO rm_best_practice_standard (fkContext,fkStandard,fkBestPractice) VALUES (2852,2403,2155);
INSERT INTO isms_context_date (sUserName, nUserId, fkContext, nAction, ddate) VALUES ('Realiso Online',0,2852,2901,NOW());
INSERT INTO isms_context_date (sUserName, nUserId, fkContext, nAction, ddate) VALUES ('Realiso Online',0,2852,2902,NOW());

INSERT INTO isms_context (pkContext,nType,nState) VALUES (2853,2814,2702);
INSERT INTO rm_best_practice_standard (fkContext,fkStandard,fkBestPractice) VALUES (2853,2403,2156);
INSERT INTO isms_context_date (sUserName, nUserId, fkContext, nAction, ddate) VALUES ('Realiso Online',0,2853,2901,NOW());
INSERT INTO isms_context_date (sUserName, nUserId, fkContext, nAction, ddate) VALUES ('Realiso Online',0,2853,2902,NOW());

INSERT INTO isms_context (pkContext,nType,nState) VALUES (2854,2814,2702);
INSERT INTO rm_best_practice_standard (fkContext,fkStandard,fkBestPractice) VALUES (2854,2403,2157);
INSERT INTO isms_context_date (sUserName, nUserId, fkContext, nAction, ddate) VALUES ('Realiso Online',0,2854,2901,NOW());
INSERT INTO isms_context_date (sUserName, nUserId, fkContext, nAction, ddate) VALUES ('Realiso Online',0,2854,2902,NOW());

INSERT INTO isms_context (pkContext,nType,nState) VALUES (2855,2814,2702);
INSERT INTO rm_best_practice_standard (fkContext,fkStandard,fkBestPractice) VALUES (2855,2403,2158);
INSERT INTO isms_context_date (sUserName, nUserId, fkContext, nAction, ddate) VALUES ('Realiso Online',0,2855,2901,NOW());
INSERT INTO isms_context_date (sUserName, nUserId, fkContext, nAction, ddate) VALUES ('Realiso Online',0,2855,2902,NOW());

INSERT INTO isms_context (pkContext,nType,nState) VALUES (2856,2814,2702);
INSERT INTO rm_best_practice_standard (fkContext,fkStandard,fkBestPractice) VALUES (2856,2403,2159);
INSERT INTO isms_context_date (sUserName, nUserId, fkContext, nAction, ddate) VALUES ('Realiso Online',0,2856,2901,NOW());
INSERT INTO isms_context_date (sUserName, nUserId, fkContext, nAction, ddate) VALUES ('Realiso Online',0,2856,2902,NOW());

INSERT INTO isms_context (pkContext,nType,nState) VALUES (2857,2814,2702);
INSERT INTO rm_best_practice_standard (fkContext,fkStandard,fkBestPractice) VALUES (2857,2403,2160);
INSERT INTO isms_context_date (sUserName, nUserId, fkContext, nAction, ddate) VALUES ('Realiso Online',0,2857,2901,NOW());
INSERT INTO isms_context_date (sUserName, nUserId, fkContext, nAction, ddate) VALUES ('Realiso Online',0,2857,2902,NOW());

INSERT INTO isms_context (pkContext,nType,nState) VALUES (2858,2814,2702);
INSERT INTO rm_best_practice_standard (fkContext,fkStandard,fkBestPractice) VALUES (2858,2403,2161);
INSERT INTO isms_context_date (sUserName, nUserId, fkContext, nAction, ddate) VALUES ('Realiso Online',0,2858,2901,NOW());
INSERT INTO isms_context_date (sUserName, nUserId, fkContext, nAction, ddate) VALUES ('Realiso Online',0,2858,2902,NOW());

INSERT INTO isms_context (pkContext,nType,nState) VALUES (2859,2814,2702);
INSERT INTO rm_best_practice_standard (fkContext,fkStandard,fkBestPractice) VALUES (2859,2403,2162);
INSERT INTO isms_context_date (sUserName, nUserId, fkContext, nAction, ddate) VALUES ('Realiso Online',0,2859,2901,NOW());
INSERT INTO isms_context_date (sUserName, nUserId, fkContext, nAction, ddate) VALUES ('Realiso Online',0,2859,2902,NOW());

INSERT INTO isms_context (pkContext,nType,nState) VALUES (2860,2814,2702);
INSERT INTO rm_best_practice_standard (fkContext,fkStandard,fkBestPractice) VALUES (2860,2403,2163);
INSERT INTO isms_context_date (sUserName, nUserId, fkContext, nAction, ddate) VALUES ('Realiso Online',0,2860,2901,NOW());
INSERT INTO isms_context_date (sUserName, nUserId, fkContext, nAction, ddate) VALUES ('Realiso Online',0,2860,2902,NOW());

INSERT INTO isms_context (pkContext,nType,nState) VALUES (2861,2814,2702);
INSERT INTO rm_best_practice_standard (fkContext,fkStandard,fkBestPractice) VALUES (2861,2403,2164);
INSERT INTO isms_context_date (sUserName, nUserId, fkContext, nAction, ddate) VALUES ('Realiso Online',0,2861,2901,NOW());
INSERT INTO isms_context_date (sUserName, nUserId, fkContext, nAction, ddate) VALUES ('Realiso Online',0,2861,2902,NOW());

INSERT INTO isms_context (pkContext,nType,nState) VALUES (2862,2814,2702);
INSERT INTO rm_best_practice_standard (fkContext,fkStandard,fkBestPractice) VALUES (2862,2403,2165);
INSERT INTO isms_context_date (sUserName, nUserId, fkContext, nAction, ddate) VALUES ('Realiso Online',0,2862,2901,NOW());
INSERT INTO isms_context_date (sUserName, nUserId, fkContext, nAction, ddate) VALUES ('Realiso Online',0,2862,2902,NOW());

INSERT INTO isms_context (pkContext,nType,nState) VALUES (2863,2814,2702);
INSERT INTO rm_best_practice_standard (fkContext,fkStandard,fkBestPractice) VALUES (2863,2403,2166);
INSERT INTO isms_context_date (sUserName, nUserId, fkContext, nAction, ddate) VALUES ('Realiso Online',0,2863,2901,NOW());
INSERT INTO isms_context_date (sUserName, nUserId, fkContext, nAction, ddate) VALUES ('Realiso Online',0,2863,2902,NOW());

INSERT INTO isms_context (pkContext,nType,nState) VALUES (2864,2814,2702);
INSERT INTO rm_best_practice_standard (fkContext,fkStandard,fkBestPractice) VALUES (2864,2403,2167);
INSERT INTO isms_context_date (sUserName, nUserId, fkContext, nAction, ddate) VALUES ('Realiso Online',0,2864,2901,NOW());
INSERT INTO isms_context_date (sUserName, nUserId, fkContext, nAction, ddate) VALUES ('Realiso Online',0,2864,2902,NOW());

INSERT INTO isms_context (pkContext,nType,nState) VALUES (2865,2814,2702);
INSERT INTO rm_best_practice_standard (fkContext,fkStandard,fkBestPractice) VALUES (2865,2403,2168);
INSERT INTO isms_context_date (sUserName, nUserId, fkContext, nAction, ddate) VALUES ('Realiso Online',0,2865,2901,NOW());
INSERT INTO isms_context_date (sUserName, nUserId, fkContext, nAction, ddate) VALUES ('Realiso Online',0,2865,2902,NOW());

INSERT INTO isms_context (pkContext,nType,nState) VALUES (2866,2814,2702);
INSERT INTO rm_best_practice_standard (fkContext,fkStandard,fkBestPractice) VALUES (2866,2403,2169);
INSERT INTO isms_context_date (sUserName, nUserId, fkContext, nAction, ddate) VALUES ('Realiso Online',0,2866,2901,NOW());
INSERT INTO isms_context_date (sUserName, nUserId, fkContext, nAction, ddate) VALUES ('Realiso Online',0,2866,2902,NOW());

INSERT INTO isms_context (pkContext,nType,nState) VALUES (2867,2814,2702);
INSERT INTO rm_best_practice_standard (fkContext,fkStandard,fkBestPractice) VALUES (2867,2403,2170);
INSERT INTO isms_context_date (sUserName, nUserId, fkContext, nAction, ddate) VALUES ('Realiso Online',0,2867,2901,NOW());
INSERT INTO isms_context_date (sUserName, nUserId, fkContext, nAction, ddate) VALUES ('Realiso Online',0,2867,2902,NOW());

INSERT INTO isms_context (pkContext,nType,nState) VALUES (2868,2814,2702);
INSERT INTO rm_best_practice_standard (fkContext,fkStandard,fkBestPractice) VALUES (2868,2403,2171);
INSERT INTO isms_context_date (sUserName, nUserId, fkContext, nAction, ddate) VALUES ('Realiso Online',0,2868,2901,NOW());
INSERT INTO isms_context_date (sUserName, nUserId, fkContext, nAction, ddate) VALUES ('Realiso Online',0,2868,2902,NOW());

INSERT INTO isms_context (pkContext,nType,nState) VALUES (2869,2814,2702);
INSERT INTO rm_best_practice_standard (fkContext,fkStandard,fkBestPractice) VALUES (2869,2403,2172);
INSERT INTO isms_context_date (sUserName, nUserId, fkContext, nAction, ddate) VALUES ('Realiso Online',0,2869,2901,NOW());
INSERT INTO isms_context_date (sUserName, nUserId, fkContext, nAction, ddate) VALUES ('Realiso Online',0,2869,2902,NOW());

INSERT INTO isms_context (pkContext,nType,nState) VALUES (2870,2814,2702);
INSERT INTO rm_best_practice_standard (fkContext,fkStandard,fkBestPractice) VALUES (2870,2403,2173);
INSERT INTO isms_context_date (sUserName, nUserId, fkContext, nAction, ddate) VALUES ('Realiso Online',0,2870,2901,NOW());
INSERT INTO isms_context_date (sUserName, nUserId, fkContext, nAction, ddate) VALUES ('Realiso Online',0,2870,2902,NOW());

INSERT INTO isms_context (pkContext,nType,nState) VALUES (2871,2814,2702);
INSERT INTO rm_best_practice_standard (fkContext,fkStandard,fkBestPractice) VALUES (2871,2403,2174);
INSERT INTO isms_context_date (sUserName, nUserId, fkContext, nAction, ddate) VALUES ('Realiso Online',0,2871,2901,NOW());
INSERT INTO isms_context_date (sUserName, nUserId, fkContext, nAction, ddate) VALUES ('Realiso Online',0,2871,2902,NOW());

INSERT INTO isms_context (pkContext,nType,nState) VALUES (2872,2814,2702);
INSERT INTO rm_best_practice_standard (fkContext,fkStandard,fkBestPractice) VALUES (2872,2403,2175);
INSERT INTO isms_context_date (sUserName, nUserId, fkContext, nAction, ddate) VALUES ('Realiso Online',0,2872,2901,NOW());
INSERT INTO isms_context_date (sUserName, nUserId, fkContext, nAction, ddate) VALUES ('Realiso Online',0,2872,2902,NOW());

INSERT INTO isms_context (pkContext,nType,nState) VALUES (2873,2814,2702);
INSERT INTO rm_best_practice_standard (fkContext,fkStandard,fkBestPractice) VALUES (2873,2403,2176);
INSERT INTO isms_context_date (sUserName, nUserId, fkContext, nAction, ddate) VALUES ('Realiso Online',0,2873,2901,NOW());
INSERT INTO isms_context_date (sUserName, nUserId, fkContext, nAction, ddate) VALUES ('Realiso Online',0,2873,2902,NOW());

INSERT INTO isms_context (pkContext,nType,nState) VALUES (2874,2814,2702);
INSERT INTO rm_best_practice_standard (fkContext,fkStandard,fkBestPractice) VALUES (2874,2403,2177);
INSERT INTO isms_context_date (sUserName, nUserId, fkContext, nAction, ddate) VALUES ('Realiso Online',0,2874,2901,NOW());
INSERT INTO isms_context_date (sUserName, nUserId, fkContext, nAction, ddate) VALUES ('Realiso Online',0,2874,2902,NOW());

INSERT INTO isms_context (pkContext,nType,nState) VALUES (2875,2814,2702);
INSERT INTO rm_best_practice_standard (fkContext,fkStandard,fkBestPractice) VALUES (2875,2403,2178);
INSERT INTO isms_context_date (sUserName, nUserId, fkContext, nAction, ddate) VALUES ('Realiso Online',0,2875,2901,NOW());
INSERT INTO isms_context_date (sUserName, nUserId, fkContext, nAction, ddate) VALUES ('Realiso Online',0,2875,2902,NOW());

INSERT INTO isms_context (pkContext,nType,nState) VALUES (2876,2814,2702);
INSERT INTO rm_best_practice_standard (fkContext,fkStandard,fkBestPractice) VALUES (2876,2403,2302);
INSERT INTO isms_context_date (sUserName, nUserId, fkContext, nAction, ddate) VALUES ('Realiso Online',0,2876,2901,NOW());
INSERT INTO isms_context_date (sUserName, nUserId, fkContext, nAction, ddate) VALUES ('Realiso Online',0,2876,2902,NOW());

INSERT INTO isms_context (pkContext,nType,nState) VALUES (2877,2814,2702);
INSERT INTO rm_best_practice_standard (fkContext,fkStandard,fkBestPractice) VALUES (2877,2403,2339);
INSERT INTO isms_context_date (sUserName, nUserId, fkContext, nAction, ddate) VALUES ('Realiso Online',0,2877,2901,NOW());
INSERT INTO isms_context_date (sUserName, nUserId, fkContext, nAction, ddate) VALUES ('Realiso Online',0,2877,2902,NOW());

INSERT INTO isms_context (pkContext,nType,nState) VALUES (2878,2814,2702);
INSERT INTO rm_best_practice_standard (fkContext,fkStandard,fkBestPractice) VALUES (2878,2403,2340);
INSERT INTO isms_context_date (sUserName, nUserId, fkContext, nAction, ddate) VALUES ('Realiso Online',0,2878,2901,NOW());
INSERT INTO isms_context_date (sUserName, nUserId, fkContext, nAction, ddate) VALUES ('Realiso Online',0,2878,2902,NOW());

INSERT INTO isms_context (pkContext,nType,nState) VALUES (2879,2814,2702);
INSERT INTO rm_best_practice_standard (fkContext,fkStandard,fkBestPractice) VALUES (2879,2403,2341);
INSERT INTO isms_context_date (sUserName, nUserId, fkContext, nAction, ddate) VALUES ('Realiso Online',0,2879,2901,NOW());
INSERT INTO isms_context_date (sUserName, nUserId, fkContext, nAction, ddate) VALUES ('Realiso Online',0,2879,2902,NOW());

INSERT INTO isms_context (pkContext,nType,nState) VALUES (2880,2814,2702);
INSERT INTO rm_best_practice_standard (fkContext,fkStandard,fkBestPractice) VALUES (2880,2403,2342);
INSERT INTO isms_context_date (sUserName, nUserId, fkContext, nAction, ddate) VALUES ('Realiso Online',0,2880,2901,NOW());
INSERT INTO isms_context_date (sUserName, nUserId, fkContext, nAction, ddate) VALUES ('Realiso Online',0,2880,2902,NOW());

INSERT INTO isms_context (pkContext,nType,nState) VALUES (2881,2814,2702);
INSERT INTO rm_best_practice_standard (fkContext,fkStandard,fkBestPractice) VALUES (2881,2403,2343);
INSERT INTO isms_context_date (sUserName, nUserId, fkContext, nAction, ddate) VALUES ('Realiso Online',0,2881,2901,NOW());
INSERT INTO isms_context_date (sUserName, nUserId, fkContext, nAction, ddate) VALUES ('Realiso Online',0,2881,2902,NOW());

INSERT INTO isms_context (pkContext,nType,nState) VALUES (2882,2814,2702);
INSERT INTO rm_best_practice_standard (fkContext,fkStandard,fkBestPractice) VALUES (2882,2403,2303);
INSERT INTO isms_context_date (sUserName, nUserId, fkContext, nAction, ddate) VALUES ('Realiso Online',0,2882,2901,NOW());
INSERT INTO isms_context_date (sUserName, nUserId, fkContext, nAction, ddate) VALUES ('Realiso Online',0,2882,2902,NOW());

INSERT INTO isms_context (pkContext,nType,nState) VALUES (2883,2814,2702);
INSERT INTO rm_best_practice_standard (fkContext,fkStandard,fkBestPractice) VALUES (2883,2403,2304);
INSERT INTO isms_context_date (sUserName, nUserId, fkContext, nAction, ddate) VALUES ('Realiso Online',0,2883,2901,NOW());
INSERT INTO isms_context_date (sUserName, nUserId, fkContext, nAction, ddate) VALUES ('Realiso Online',0,2883,2902,NOW());

INSERT INTO isms_context (pkContext,nType,nState) VALUES (2884,2814,2702);
INSERT INTO rm_best_practice_standard (fkContext,fkStandard,fkBestPractice) VALUES (2884,2403,2307);
INSERT INTO isms_context_date (sUserName, nUserId, fkContext, nAction, ddate) VALUES ('Realiso Online',0,2884,2901,NOW());
INSERT INTO isms_context_date (sUserName, nUserId, fkContext, nAction, ddate) VALUES ('Realiso Online',0,2884,2902,NOW());

INSERT INTO isms_context (pkContext,nType,nState) VALUES (2885,2814,2702);
INSERT INTO rm_best_practice_standard (fkContext,fkStandard,fkBestPractice) VALUES (2885,2403,2308);
INSERT INTO isms_context_date (sUserName, nUserId, fkContext, nAction, ddate) VALUES ('Realiso Online',0,2885,2901,NOW());
INSERT INTO isms_context_date (sUserName, nUserId, fkContext, nAction, ddate) VALUES ('Realiso Online',0,2885,2902,NOW());

INSERT INTO isms_context (pkContext,nType,nState) VALUES (2886,2814,2702);
INSERT INTO rm_best_practice_standard (fkContext,fkStandard,fkBestPractice) VALUES (2886,2403,2317);
INSERT INTO isms_context_date (sUserName, nUserId, fkContext, nAction, ddate) VALUES ('Realiso Online',0,2886,2901,NOW());
INSERT INTO isms_context_date (sUserName, nUserId, fkContext, nAction, ddate) VALUES ('Realiso Online',0,2886,2902,NOW());

INSERT INTO isms_context (pkContext,nType,nState) VALUES (2887,2814,2702);
INSERT INTO rm_best_practice_standard (fkContext,fkStandard,fkBestPractice) VALUES (2887,2403,2309);
INSERT INTO isms_context_date (sUserName, nUserId, fkContext, nAction, ddate) VALUES ('Realiso Online',0,2887,2901,NOW());
INSERT INTO isms_context_date (sUserName, nUserId, fkContext, nAction, ddate) VALUES ('Realiso Online',0,2887,2902,NOW());

INSERT INTO isms_context (pkContext,nType,nState) VALUES (2888,2814,2702);
INSERT INTO rm_best_practice_standard (fkContext,fkStandard,fkBestPractice) VALUES (2888,2403,2310);
INSERT INTO isms_context_date (sUserName, nUserId, fkContext, nAction, ddate) VALUES ('Realiso Online',0,2888,2901,NOW());
INSERT INTO isms_context_date (sUserName, nUserId, fkContext, nAction, ddate) VALUES ('Realiso Online',0,2888,2902,NOW());

INSERT INTO isms_context (pkContext,nType,nState) VALUES (2889,2814,2702);
INSERT INTO rm_best_practice_standard (fkContext,fkStandard,fkBestPractice) VALUES (2889,2403,2311);
INSERT INTO isms_context_date (sUserName, nUserId, fkContext, nAction, ddate) VALUES ('Realiso Online',0,2889,2901,NOW());
INSERT INTO isms_context_date (sUserName, nUserId, fkContext, nAction, ddate) VALUES ('Realiso Online',0,2889,2902,NOW());

INSERT INTO isms_context (pkContext,nType,nState) VALUES (2890,2814,2702);
INSERT INTO rm_best_practice_standard (fkContext,fkStandard,fkBestPractice) VALUES (2890,2403,2312);
INSERT INTO isms_context_date (sUserName, nUserId, fkContext, nAction, ddate) VALUES ('Realiso Online',0,2890,2901,NOW());
INSERT INTO isms_context_date (sUserName, nUserId, fkContext, nAction, ddate) VALUES ('Realiso Online',0,2890,2902,NOW());

INSERT INTO isms_context (pkContext,nType,nState) VALUES (2891,2814,2702);
INSERT INTO rm_best_practice_standard (fkContext,fkStandard,fkBestPractice) VALUES (2891,2403,2313);
INSERT INTO isms_context_date (sUserName, nUserId, fkContext, nAction, ddate) VALUES ('Realiso Online',0,2891,2901,NOW());
INSERT INTO isms_context_date (sUserName, nUserId, fkContext, nAction, ddate) VALUES ('Realiso Online',0,2891,2902,NOW());

INSERT INTO isms_context (pkContext,nType,nState) VALUES (2892,2814,2702);
INSERT INTO rm_best_practice_standard (fkContext,fkStandard,fkBestPractice) VALUES (2892,2403,2314);
INSERT INTO isms_context_date (sUserName, nUserId, fkContext, nAction, ddate) VALUES ('Realiso Online',0,2892,2901,NOW());
INSERT INTO isms_context_date (sUserName, nUserId, fkContext, nAction, ddate) VALUES ('Realiso Online',0,2892,2902,NOW());

INSERT INTO isms_context (pkContext,nType,nState) VALUES (2893,2814,2702);
INSERT INTO rm_best_practice_standard (fkContext,fkStandard,fkBestPractice) VALUES (2893,2403,2315);
INSERT INTO isms_context_date (sUserName, nUserId, fkContext, nAction, ddate) VALUES ('Realiso Online',0,2893,2901,NOW());
INSERT INTO isms_context_date (sUserName, nUserId, fkContext, nAction, ddate) VALUES ('Realiso Online',0,2893,2902,NOW());

INSERT INTO isms_context (pkContext,nType,nState) VALUES (2894,2814,2702);
INSERT INTO rm_best_practice_standard (fkContext,fkStandard,fkBestPractice) VALUES (2894,2403,2316);
INSERT INTO isms_context_date (sUserName, nUserId, fkContext, nAction, ddate) VALUES ('Realiso Online',0,2894,2901,NOW());
INSERT INTO isms_context_date (sUserName, nUserId, fkContext, nAction, ddate) VALUES ('Realiso Online',0,2894,2902,NOW());

INSERT INTO isms_context (pkContext,nType,nState) VALUES (2895,2814,2702);
INSERT INTO rm_best_practice_standard (fkContext,fkStandard,fkBestPractice) VALUES (2895,2403,2318);
INSERT INTO isms_context_date (sUserName, nUserId, fkContext, nAction, ddate) VALUES ('Realiso Online',0,2895,2901,NOW());
INSERT INTO isms_context_date (sUserName, nUserId, fkContext, nAction, ddate) VALUES ('Realiso Online',0,2895,2902,NOW());

INSERT INTO isms_context (pkContext,nType,nState) VALUES (2896,2814,2702);
INSERT INTO rm_best_practice_standard (fkContext,fkStandard,fkBestPractice) VALUES (2896,2403,2319);
INSERT INTO isms_context_date (sUserName, nUserId, fkContext, nAction, ddate) VALUES ('Realiso Online',0,2896,2901,NOW());
INSERT INTO isms_context_date (sUserName, nUserId, fkContext, nAction, ddate) VALUES ('Realiso Online',0,2896,2902,NOW());

INSERT INTO isms_context (pkContext,nType,nState) VALUES (2897,2814,2702);
INSERT INTO rm_best_practice_standard (fkContext,fkStandard,fkBestPractice) VALUES (2897,2403,2320);
INSERT INTO isms_context_date (sUserName, nUserId, fkContext, nAction, ddate) VALUES ('Realiso Online',0,2897,2901,NOW());
INSERT INTO isms_context_date (sUserName, nUserId, fkContext, nAction, ddate) VALUES ('Realiso Online',0,2897,2902,NOW());

INSERT INTO isms_context (pkContext,nType,nState) VALUES (2898,2814,2702);
INSERT INTO rm_best_practice_standard (fkContext,fkStandard,fkBestPractice) VALUES (2898,2403,2321);
INSERT INTO isms_context_date (sUserName, nUserId, fkContext, nAction, ddate) VALUES ('Realiso Online',0,2898,2901,NOW());
INSERT INTO isms_context_date (sUserName, nUserId, fkContext, nAction, ddate) VALUES ('Realiso Online',0,2898,2902,NOW());

INSERT INTO isms_context (pkContext,nType,nState) VALUES (2899,2814,2702);
INSERT INTO rm_best_practice_standard (fkContext,fkStandard,fkBestPractice) VALUES (2899,2403,2322);
INSERT INTO isms_context_date (sUserName, nUserId, fkContext, nAction, ddate) VALUES ('Realiso Online',0,2899,2901,NOW());
INSERT INTO isms_context_date (sUserName, nUserId, fkContext, nAction, ddate) VALUES ('Realiso Online',0,2899,2902,NOW());

INSERT INTO isms_context (pkContext,nType,nState) VALUES (2900,2814,2702);
INSERT INTO rm_best_practice_standard (fkContext,fkStandard,fkBestPractice) VALUES (2900,2403,2324);
INSERT INTO isms_context_date (sUserName, nUserId, fkContext, nAction, ddate) VALUES ('Realiso Online',0,2900,2901,NOW());
INSERT INTO isms_context_date (sUserName, nUserId, fkContext, nAction, ddate) VALUES ('Realiso Online',0,2900,2902,NOW());

INSERT INTO isms_context (pkContext,nType,nState) VALUES (2901,2814,2702);
INSERT INTO rm_best_practice_standard (fkContext,fkStandard,fkBestPractice) VALUES (2901,2403,2323);
INSERT INTO isms_context_date (sUserName, nUserId, fkContext, nAction, ddate) VALUES ('Realiso Online',0,2901,2901,NOW());
INSERT INTO isms_context_date (sUserName, nUserId, fkContext, nAction, ddate) VALUES ('Realiso Online',0,2901,2902,NOW());

INSERT INTO isms_context (pkContext,nType,nState) VALUES (2902,2814,2702);
INSERT INTO rm_best_practice_standard (fkContext,fkStandard,fkBestPractice) VALUES (2902,2403,2326);
INSERT INTO isms_context_date (sUserName, nUserId, fkContext, nAction, ddate) VALUES ('Realiso Online',0,2902,2901,NOW());
INSERT INTO isms_context_date (sUserName, nUserId, fkContext, nAction, ddate) VALUES ('Realiso Online',0,2902,2902,NOW());

INSERT INTO isms_context (pkContext,nType,nState) VALUES (2903,2814,2702);
INSERT INTO rm_best_practice_standard (fkContext,fkStandard,fkBestPractice) VALUES (2903,2403,2325);
INSERT INTO isms_context_date (sUserName, nUserId, fkContext, nAction, ddate) VALUES ('Realiso Online',0,2903,2901,NOW());
INSERT INTO isms_context_date (sUserName, nUserId, fkContext, nAction, ddate) VALUES ('Realiso Online',0,2903,2902,NOW());

INSERT INTO isms_context (pkContext,nType,nState) VALUES (2904,2814,2702);
INSERT INTO rm_best_practice_standard (fkContext,fkStandard,fkBestPractice) VALUES (2904,2403,2327);
INSERT INTO isms_context_date (sUserName, nUserId, fkContext, nAction, ddate) VALUES ('Realiso Online',0,2904,2901,NOW());
INSERT INTO isms_context_date (sUserName, nUserId, fkContext, nAction, ddate) VALUES ('Realiso Online',0,2904,2902,NOW());

INSERT INTO isms_context (pkContext,nType,nState) VALUES (2905,2814,2702);
INSERT INTO rm_best_practice_standard (fkContext,fkStandard,fkBestPractice) VALUES (2905,2403,2328);
INSERT INTO isms_context_date (sUserName, nUserId, fkContext, nAction, ddate) VALUES ('Realiso Online',0,2905,2901,NOW());
INSERT INTO isms_context_date (sUserName, nUserId, fkContext, nAction, ddate) VALUES ('Realiso Online',0,2905,2902,NOW());

INSERT INTO isms_context (pkContext,nType,nState) VALUES (2906,2814,2702);
INSERT INTO rm_best_practice_standard (fkContext,fkStandard,fkBestPractice) VALUES (2906,2403,2329);
INSERT INTO isms_context_date (sUserName, nUserId, fkContext, nAction, ddate) VALUES ('Realiso Online',0,2906,2901,NOW());
INSERT INTO isms_context_date (sUserName, nUserId, fkContext, nAction, ddate) VALUES ('Realiso Online',0,2906,2902,NOW());

INSERT INTO isms_context (pkContext,nType,nState) VALUES (2907,2814,2702);
INSERT INTO rm_best_practice_standard (fkContext,fkStandard,fkBestPractice) VALUES (2907,2403,2330);
INSERT INTO isms_context_date (sUserName, nUserId, fkContext, nAction, ddate) VALUES ('Realiso Online',0,2907,2901,NOW());
INSERT INTO isms_context_date (sUserName, nUserId, fkContext, nAction, ddate) VALUES ('Realiso Online',0,2907,2902,NOW());

INSERT INTO isms_context (pkContext,nType,nState) VALUES (2908,2814,2702);
INSERT INTO rm_best_practice_standard (fkContext,fkStandard,fkBestPractice) VALUES (2908,2403,2331);
INSERT INTO isms_context_date (sUserName, nUserId, fkContext, nAction, ddate) VALUES ('Realiso Online',0,2908,2901,NOW());
INSERT INTO isms_context_date (sUserName, nUserId, fkContext, nAction, ddate) VALUES ('Realiso Online',0,2908,2902,NOW());

INSERT INTO isms_context (pkContext,nType,nState) VALUES (2909,2814,2702);
INSERT INTO rm_best_practice_standard (fkContext,fkStandard,fkBestPractice) VALUES (2909,2403,2332);
INSERT INTO isms_context_date (sUserName, nUserId, fkContext, nAction, ddate) VALUES ('Realiso Online',0,2909,2901,NOW());
INSERT INTO isms_context_date (sUserName, nUserId, fkContext, nAction, ddate) VALUES ('Realiso Online',0,2909,2902,NOW());

INSERT INTO isms_context (pkContext,nType,nState) VALUES (2910,2814,2702);
INSERT INTO rm_best_practice_standard (fkContext,fkStandard,fkBestPractice) VALUES (2910,2403,2333);
INSERT INTO isms_context_date (sUserName, nUserId, fkContext, nAction, ddate) VALUES ('Realiso Online',0,2910,2901,NOW());
INSERT INTO isms_context_date (sUserName, nUserId, fkContext, nAction, ddate) VALUES ('Realiso Online',0,2910,2902,NOW());

INSERT INTO isms_context (pkContext,nType,nState) VALUES (2911,2814,2702);
INSERT INTO rm_best_practice_standard (fkContext,fkStandard,fkBestPractice) VALUES (2911,2403,2335);
INSERT INTO isms_context_date (sUserName, nUserId, fkContext, nAction, ddate) VALUES ('Realiso Online',0,2911,2901,NOW());
INSERT INTO isms_context_date (sUserName, nUserId, fkContext, nAction, ddate) VALUES ('Realiso Online',0,2911,2902,NOW());

INSERT INTO isms_context (pkContext,nType,nState) VALUES (2912,2814,2702);
INSERT INTO rm_best_practice_standard (fkContext,fkStandard,fkBestPractice) VALUES (2912,2403,2334);
INSERT INTO isms_context_date (sUserName, nUserId, fkContext, nAction, ddate) VALUES ('Realiso Online',0,2912,2901,NOW());
INSERT INTO isms_context_date (sUserName, nUserId, fkContext, nAction, ddate) VALUES ('Realiso Online',0,2912,2902,NOW());

INSERT INTO isms_context (pkContext,nType,nState) VALUES (2913,2814,2702);
INSERT INTO rm_best_practice_standard (fkContext,fkStandard,fkBestPractice) VALUES (2913,2403,2336);
INSERT INTO isms_context_date (sUserName, nUserId, fkContext, nAction, ddate) VALUES ('Realiso Online',0,2913,2901,NOW());
INSERT INTO isms_context_date (sUserName, nUserId, fkContext, nAction, ddate) VALUES ('Realiso Online',0,2913,2902,NOW());

INSERT INTO isms_context (pkContext,nType,nState) VALUES (2914,2814,2702);
INSERT INTO rm_best_practice_standard (fkContext,fkStandard,fkBestPractice) VALUES (2914,2403,2337);
INSERT INTO isms_context_date (sUserName, nUserId, fkContext, nAction, ddate) VALUES ('Realiso Online',0,2914,2901,NOW());
INSERT INTO isms_context_date (sUserName, nUserId, fkContext, nAction, ddate) VALUES ('Realiso Online',0,2914,2902,NOW());

INSERT INTO isms_context (pkContext,nType,nState) VALUES (2915,2814,2702);
INSERT INTO rm_best_practice_standard (fkContext,fkStandard,fkBestPractice) VALUES (2915,2403,2338);
INSERT INTO isms_context_date (sUserName, nUserId, fkContext, nAction, ddate) VALUES ('Realiso Online',0,2915,2901,NOW());
INSERT INTO isms_context_date (sUserName, nUserId, fkContext, nAction, ddate) VALUES ('Realiso Online',0,2915,2902,NOW());

INSERT INTO isms_context (pkContext,nType,nState) VALUES (2916,2814,2702);
INSERT INTO rm_best_practice_standard (fkContext,fkStandard,fkBestPractice) VALUES (2916,2403,2234);
INSERT INTO isms_context_date (sUserName, nUserId, fkContext, nAction, ddate) VALUES ('Realiso Online',0,2916,2901,NOW());
INSERT INTO isms_context_date (sUserName, nUserId, fkContext, nAction, ddate) VALUES ('Realiso Online',0,2916,2902,NOW());

INSERT INTO isms_context (pkContext,nType,nState) VALUES (2917,2814,2702);
INSERT INTO rm_best_practice_standard (fkContext,fkStandard,fkBestPractice) VALUES (2917,2403,2235);
INSERT INTO isms_context_date (sUserName, nUserId, fkContext, nAction, ddate) VALUES ('Realiso Online',0,2917,2901,NOW());
INSERT INTO isms_context_date (sUserName, nUserId, fkContext, nAction, ddate) VALUES ('Realiso Online',0,2917,2902,NOW());

INSERT INTO isms_context (pkContext,nType,nState) VALUES (2918,2814,2702);
INSERT INTO rm_best_practice_standard (fkContext,fkStandard,fkBestPractice) VALUES (2918,2403,2236);
INSERT INTO isms_context_date (sUserName, nUserId, fkContext, nAction, ddate) VALUES ('Realiso Online',0,2918,2901,NOW());
INSERT INTO isms_context_date (sUserName, nUserId, fkContext, nAction, ddate) VALUES ('Realiso Online',0,2918,2902,NOW());

INSERT INTO isms_context (pkContext,nType,nState) VALUES (2919,2814,2702);
INSERT INTO rm_best_practice_standard (fkContext,fkStandard,fkBestPractice) VALUES (2919,2403,2237);
INSERT INTO isms_context_date (sUserName, nUserId, fkContext, nAction, ddate) VALUES ('Realiso Online',0,2919,2901,NOW());
INSERT INTO isms_context_date (sUserName, nUserId, fkContext, nAction, ddate) VALUES ('Realiso Online',0,2919,2902,NOW());

INSERT INTO isms_context (pkContext,nType,nState) VALUES (2920,2814,2702);
INSERT INTO rm_best_practice_standard (fkContext,fkStandard,fkBestPractice) VALUES (2920,2403,2238);
INSERT INTO isms_context_date (sUserName, nUserId, fkContext, nAction, ddate) VALUES ('Realiso Online',0,2920,2901,NOW());
INSERT INTO isms_context_date (sUserName, nUserId, fkContext, nAction, ddate) VALUES ('Realiso Online',0,2920,2902,NOW());

INSERT INTO isms_context (pkContext,nType,nState) VALUES (2921,2814,2702);
INSERT INTO rm_best_practice_standard (fkContext,fkStandard,fkBestPractice) VALUES (2921,2403,2239);
INSERT INTO isms_context_date (sUserName, nUserId, fkContext, nAction, ddate) VALUES ('Realiso Online',0,2921,2901,NOW());
INSERT INTO isms_context_date (sUserName, nUserId, fkContext, nAction, ddate) VALUES ('Realiso Online',0,2921,2902,NOW());

INSERT INTO isms_context (pkContext,nType,nState) VALUES (2922,2814,2702);
INSERT INTO rm_best_practice_standard (fkContext,fkStandard,fkBestPractice) VALUES (2922,2403,2240);
INSERT INTO isms_context_date (sUserName, nUserId, fkContext, nAction, ddate) VALUES ('Realiso Online',0,2922,2901,NOW());
INSERT INTO isms_context_date (sUserName, nUserId, fkContext, nAction, ddate) VALUES ('Realiso Online',0,2922,2902,NOW());

INSERT INTO isms_context (pkContext,nType,nState) VALUES (2923,2814,2702);
INSERT INTO rm_best_practice_standard (fkContext,fkStandard,fkBestPractice) VALUES (2923,2403,2241);
INSERT INTO isms_context_date (sUserName, nUserId, fkContext, nAction, ddate) VALUES ('Realiso Online',0,2923,2901,NOW());
INSERT INTO isms_context_date (sUserName, nUserId, fkContext, nAction, ddate) VALUES ('Realiso Online',0,2923,2902,NOW());

INSERT INTO isms_context (pkContext,nType,nState) VALUES (2924,2814,2702);
INSERT INTO rm_best_practice_standard (fkContext,fkStandard,fkBestPractice) VALUES (2924,2403,2250);
INSERT INTO isms_context_date (sUserName, nUserId, fkContext, nAction, ddate) VALUES ('Realiso Online',0,2924,2901,NOW());
INSERT INTO isms_context_date (sUserName, nUserId, fkContext, nAction, ddate) VALUES ('Realiso Online',0,2924,2902,NOW());

INSERT INTO isms_context (pkContext,nType,nState) VALUES (2925,2814,2702);
INSERT INTO rm_best_practice_standard (fkContext,fkStandard,fkBestPractice) VALUES (2925,2403,2251);
INSERT INTO isms_context_date (sUserName, nUserId, fkContext, nAction, ddate) VALUES ('Realiso Online',0,2925,2901,NOW());
INSERT INTO isms_context_date (sUserName, nUserId, fkContext, nAction, ddate) VALUES ('Realiso Online',0,2925,2902,NOW());

INSERT INTO isms_context (pkContext,nType,nState) VALUES (2926,2814,2702);
INSERT INTO rm_best_practice_standard (fkContext,fkStandard,fkBestPractice) VALUES (2926,2403,2252);
INSERT INTO isms_context_date (sUserName, nUserId, fkContext, nAction, ddate) VALUES ('Realiso Online',0,2926,2901,NOW());
INSERT INTO isms_context_date (sUserName, nUserId, fkContext, nAction, ddate) VALUES ('Realiso Online',0,2926,2902,NOW());

INSERT INTO isms_context (pkContext,nType,nState) VALUES (2927,2814,2702);
INSERT INTO rm_best_practice_standard (fkContext,fkStandard,fkBestPractice) VALUES (2927,2403,2253);
INSERT INTO isms_context_date (sUserName, nUserId, fkContext, nAction, ddate) VALUES ('Realiso Online',0,2927,2901,NOW());
INSERT INTO isms_context_date (sUserName, nUserId, fkContext, nAction, ddate) VALUES ('Realiso Online',0,2927,2902,NOW());

INSERT INTO isms_context (pkContext,nType,nState) VALUES (2928,2814,2702);
INSERT INTO rm_best_practice_standard (fkContext,fkStandard,fkBestPractice) VALUES (2928,2403,2254);
INSERT INTO isms_context_date (sUserName, nUserId, fkContext, nAction, ddate) VALUES ('Realiso Online',0,2928,2901,NOW());
INSERT INTO isms_context_date (sUserName, nUserId, fkContext, nAction, ddate) VALUES ('Realiso Online',0,2928,2902,NOW());

INSERT INTO isms_context (pkContext,nType,nState) VALUES (2929,2814,2702);
INSERT INTO rm_best_practice_standard (fkContext,fkStandard,fkBestPractice) VALUES (2929,2403,2255);
INSERT INTO isms_context_date (sUserName, nUserId, fkContext, nAction, ddate) VALUES ('Realiso Online',0,2929,2901,NOW());
INSERT INTO isms_context_date (sUserName, nUserId, fkContext, nAction, ddate) VALUES ('Realiso Online',0,2929,2902,NOW());

INSERT INTO isms_context (pkContext,nType,nState) VALUES (2930,2814,2702);
INSERT INTO rm_best_practice_standard (fkContext,fkStandard,fkBestPractice) VALUES (2930,2403,2256);
INSERT INTO isms_context_date (sUserName, nUserId, fkContext, nAction, ddate) VALUES ('Realiso Online',0,2930,2901,NOW());
INSERT INTO isms_context_date (sUserName, nUserId, fkContext, nAction, ddate) VALUES ('Realiso Online',0,2930,2902,NOW());

INSERT INTO isms_context (pkContext,nType,nState) VALUES (2931,2814,2702);
INSERT INTO rm_best_practice_standard (fkContext,fkStandard,fkBestPractice) VALUES (2931,2403,2242);
INSERT INTO isms_context_date (sUserName, nUserId, fkContext, nAction, ddate) VALUES ('Realiso Online',0,2931,2901,NOW());
INSERT INTO isms_context_date (sUserName, nUserId, fkContext, nAction, ddate) VALUES ('Realiso Online',0,2931,2902,NOW());

INSERT INTO isms_context (pkContext,nType,nState) VALUES (2932,2814,2702);
INSERT INTO rm_best_practice_standard (fkContext,fkStandard,fkBestPractice) VALUES (2932,2403,2243);
INSERT INTO isms_context_date (sUserName, nUserId, fkContext, nAction, ddate) VALUES ('Realiso Online',0,2932,2901,NOW());
INSERT INTO isms_context_date (sUserName, nUserId, fkContext, nAction, ddate) VALUES ('Realiso Online',0,2932,2902,NOW());

INSERT INTO isms_context (pkContext,nType,nState) VALUES (2933,2814,2702);
INSERT INTO rm_best_practice_standard (fkContext,fkStandard,fkBestPractice) VALUES (2933,2403,2244);
INSERT INTO isms_context_date (sUserName, nUserId, fkContext, nAction, ddate) VALUES ('Realiso Online',0,2933,2901,NOW());
INSERT INTO isms_context_date (sUserName, nUserId, fkContext, nAction, ddate) VALUES ('Realiso Online',0,2933,2902,NOW());

INSERT INTO isms_context (pkContext,nType,nState) VALUES (2934,2814,2702);
INSERT INTO rm_best_practice_standard (fkContext,fkStandard,fkBestPractice) VALUES (2934,2403,2245);
INSERT INTO isms_context_date (sUserName, nUserId, fkContext, nAction, ddate) VALUES ('Realiso Online',0,2934,2901,NOW());
INSERT INTO isms_context_date (sUserName, nUserId, fkContext, nAction, ddate) VALUES ('Realiso Online',0,2934,2902,NOW());

INSERT INTO isms_context (pkContext,nType,nState) VALUES (2935,2814,2702);
INSERT INTO rm_best_practice_standard (fkContext,fkStandard,fkBestPractice) VALUES (2935,2403,2246);
INSERT INTO isms_context_date (sUserName, nUserId, fkContext, nAction, ddate) VALUES ('Realiso Online',0,2935,2901,NOW());
INSERT INTO isms_context_date (sUserName, nUserId, fkContext, nAction, ddate) VALUES ('Realiso Online',0,2935,2902,NOW());

INSERT INTO isms_context (pkContext,nType,nState) VALUES (2936,2814,2702);
INSERT INTO rm_best_practice_standard (fkContext,fkStandard,fkBestPractice) VALUES (2936,2403,2247);
INSERT INTO isms_context_date (sUserName, nUserId, fkContext, nAction, ddate) VALUES ('Realiso Online',0,2936,2901,NOW());
INSERT INTO isms_context_date (sUserName, nUserId, fkContext, nAction, ddate) VALUES ('Realiso Online',0,2936,2902,NOW());

INSERT INTO isms_context (pkContext,nType,nState) VALUES (2937,2814,2702);
INSERT INTO rm_best_practice_standard (fkContext,fkStandard,fkBestPractice) VALUES (2937,2403,2248);
INSERT INTO isms_context_date (sUserName, nUserId, fkContext, nAction, ddate) VALUES ('Realiso Online',0,2937,2901,NOW());
INSERT INTO isms_context_date (sUserName, nUserId, fkContext, nAction, ddate) VALUES ('Realiso Online',0,2937,2902,NOW());

INSERT INTO isms_context (pkContext,nType,nState) VALUES (2938,2814,2702);
INSERT INTO rm_best_practice_standard (fkContext,fkStandard,fkBestPractice) VALUES (2938,2403,2249);
INSERT INTO isms_context_date (sUserName, nUserId, fkContext, nAction, ddate) VALUES ('Realiso Online',0,2938,2901,NOW());
INSERT INTO isms_context_date (sUserName, nUserId, fkContext, nAction, ddate) VALUES ('Realiso Online',0,2938,2902,NOW());

INSERT INTO isms_context (pkContext,nType,nState) VALUES (2939,2814,2702);
INSERT INTO rm_best_practice_standard (fkContext,fkStandard,fkBestPractice) VALUES (2939,2403,2257);
INSERT INTO isms_context_date (sUserName, nUserId, fkContext, nAction, ddate) VALUES ('Realiso Online',0,2939,2901,NOW());
INSERT INTO isms_context_date (sUserName, nUserId, fkContext, nAction, ddate) VALUES ('Realiso Online',0,2939,2902,NOW());

INSERT INTO isms_context (pkContext,nType,nState) VALUES (2940,2814,2702);
INSERT INTO rm_best_practice_standard (fkContext,fkStandard,fkBestPractice) VALUES (2940,2403,2275);
INSERT INTO isms_context_date (sUserName, nUserId, fkContext, nAction, ddate) VALUES ('Realiso Online',0,2940,2901,NOW());
INSERT INTO isms_context_date (sUserName, nUserId, fkContext, nAction, ddate) VALUES ('Realiso Online',0,2940,2902,NOW());

INSERT INTO isms_context (pkContext,nType,nState) VALUES (2941,2814,2702);
INSERT INTO rm_best_practice_standard (fkContext,fkStandard,fkBestPractice) VALUES (2941,2403,2276);
INSERT INTO isms_context_date (sUserName, nUserId, fkContext, nAction, ddate) VALUES ('Realiso Online',0,2941,2901,NOW());
INSERT INTO isms_context_date (sUserName, nUserId, fkContext, nAction, ddate) VALUES ('Realiso Online',0,2941,2902,NOW());

INSERT INTO isms_context (pkContext,nType,nState) VALUES (2942,2814,2702);
INSERT INTO rm_best_practice_standard (fkContext,fkStandard,fkBestPractice) VALUES (2942,2403,2277);
INSERT INTO isms_context_date (sUserName, nUserId, fkContext, nAction, ddate) VALUES ('Realiso Online',0,2942,2901,NOW());
INSERT INTO isms_context_date (sUserName, nUserId, fkContext, nAction, ddate) VALUES ('Realiso Online',0,2942,2902,NOW());

INSERT INTO isms_context (pkContext,nType,nState) VALUES (2943,2814,2702);
INSERT INTO rm_best_practice_standard (fkContext,fkStandard,fkBestPractice) VALUES (2943,2403,2258);
INSERT INTO isms_context_date (sUserName, nUserId, fkContext, nAction, ddate) VALUES ('Realiso Online',0,2943,2901,NOW());
INSERT INTO isms_context_date (sUserName, nUserId, fkContext, nAction, ddate) VALUES ('Realiso Online',0,2943,2902,NOW());

INSERT INTO isms_context (pkContext,nType,nState) VALUES (2944,2814,2702);
INSERT INTO rm_best_practice_standard (fkContext,fkStandard,fkBestPractice) VALUES (2944,2403,2259);
INSERT INTO isms_context_date (sUserName, nUserId, fkContext, nAction, ddate) VALUES ('Realiso Online',0,2944,2901,NOW());
INSERT INTO isms_context_date (sUserName, nUserId, fkContext, nAction, ddate) VALUES ('Realiso Online',0,2944,2902,NOW());

INSERT INTO isms_context (pkContext,nType,nState) VALUES (2945,2814,2702);
INSERT INTO rm_best_practice_standard (fkContext,fkStandard,fkBestPractice) VALUES (2945,2403,2260);
INSERT INTO isms_context_date (sUserName, nUserId, fkContext, nAction, ddate) VALUES ('Realiso Online',0,2945,2901,NOW());
INSERT INTO isms_context_date (sUserName, nUserId, fkContext, nAction, ddate) VALUES ('Realiso Online',0,2945,2902,NOW());

INSERT INTO isms_context (pkContext,nType,nState) VALUES (2946,2814,2702);
INSERT INTO rm_best_practice_standard (fkContext,fkStandard,fkBestPractice) VALUES (2946,2403,2261);
INSERT INTO isms_context_date (sUserName, nUserId, fkContext, nAction, ddate) VALUES ('Realiso Online',0,2946,2901,NOW());
INSERT INTO isms_context_date (sUserName, nUserId, fkContext, nAction, ddate) VALUES ('Realiso Online',0,2946,2902,NOW());

INSERT INTO isms_context (pkContext,nType,nState) VALUES (2947,2814,2702);
INSERT INTO rm_best_practice_standard (fkContext,fkStandard,fkBestPractice) VALUES (2947,2403,2262);
INSERT INTO isms_context_date (sUserName, nUserId, fkContext, nAction, ddate) VALUES ('Realiso Online',0,2947,2901,NOW());
INSERT INTO isms_context_date (sUserName, nUserId, fkContext, nAction, ddate) VALUES ('Realiso Online',0,2947,2902,NOW());

INSERT INTO isms_context (pkContext,nType,nState) VALUES (2948,2814,2702);
INSERT INTO rm_best_practice_standard (fkContext,fkStandard,fkBestPractice) VALUES (2948,2403,2263);
INSERT INTO isms_context_date (sUserName, nUserId, fkContext, nAction, ddate) VALUES ('Realiso Online',0,2948,2901,NOW());
INSERT INTO isms_context_date (sUserName, nUserId, fkContext, nAction, ddate) VALUES ('Realiso Online',0,2948,2902,NOW());

INSERT INTO isms_context (pkContext,nType,nState) VALUES (2949,2814,2702);
INSERT INTO rm_best_practice_standard (fkContext,fkStandard,fkBestPractice) VALUES (2949,2403,2264);
INSERT INTO isms_context_date (sUserName, nUserId, fkContext, nAction, ddate) VALUES ('Realiso Online',0,2949,2901,NOW());
INSERT INTO isms_context_date (sUserName, nUserId, fkContext, nAction, ddate) VALUES ('Realiso Online',0,2949,2902,NOW());

INSERT INTO isms_context (pkContext,nType,nState) VALUES (2950,2814,2702);
INSERT INTO rm_best_practice_standard (fkContext,fkStandard,fkBestPractice) VALUES (2950,2403,2265);
INSERT INTO isms_context_date (sUserName, nUserId, fkContext, nAction, ddate) VALUES ('Realiso Online',0,2950,2901,NOW());
INSERT INTO isms_context_date (sUserName, nUserId, fkContext, nAction, ddate) VALUES ('Realiso Online',0,2950,2902,NOW());

INSERT INTO isms_context (pkContext,nType,nState) VALUES (2951,2814,2702);
INSERT INTO rm_best_practice_standard (fkContext,fkStandard,fkBestPractice) VALUES (2951,2403,2266);
INSERT INTO isms_context_date (sUserName, nUserId, fkContext, nAction, ddate) VALUES ('Realiso Online',0,2951,2901,NOW());
INSERT INTO isms_context_date (sUserName, nUserId, fkContext, nAction, ddate) VALUES ('Realiso Online',0,2951,2902,NOW());

INSERT INTO isms_context (pkContext,nType,nState) VALUES (2952,2814,2702);
INSERT INTO rm_best_practice_standard (fkContext,fkStandard,fkBestPractice) VALUES (2952,2403,2267);
INSERT INTO isms_context_date (sUserName, nUserId, fkContext, nAction, ddate) VALUES ('Realiso Online',0,2952,2901,NOW());
INSERT INTO isms_context_date (sUserName, nUserId, fkContext, nAction, ddate) VALUES ('Realiso Online',0,2952,2902,NOW());

INSERT INTO isms_context (pkContext,nType,nState) VALUES (2953,2814,2702);
INSERT INTO rm_best_practice_standard (fkContext,fkStandard,fkBestPractice) VALUES (2953,2403,2268);
INSERT INTO isms_context_date (sUserName, nUserId, fkContext, nAction, ddate) VALUES ('Realiso Online',0,2953,2901,NOW());
INSERT INTO isms_context_date (sUserName, nUserId, fkContext, nAction, ddate) VALUES ('Realiso Online',0,2953,2902,NOW());

INSERT INTO isms_context (pkContext,nType,nState) VALUES (2954,2814,2702);
INSERT INTO rm_best_practice_standard (fkContext,fkStandard,fkBestPractice) VALUES (2954,2403,2269);
INSERT INTO isms_context_date (sUserName, nUserId, fkContext, nAction, ddate) VALUES ('Realiso Online',0,2954,2901,NOW());
INSERT INTO isms_context_date (sUserName, nUserId, fkContext, nAction, ddate) VALUES ('Realiso Online',0,2954,2902,NOW());

INSERT INTO isms_context (pkContext,nType,nState) VALUES (2955,2814,2702);
INSERT INTO rm_best_practice_standard (fkContext,fkStandard,fkBestPractice) VALUES (2955,2403,2270);
INSERT INTO isms_context_date (sUserName, nUserId, fkContext, nAction, ddate) VALUES ('Realiso Online',0,2955,2901,NOW());
INSERT INTO isms_context_date (sUserName, nUserId, fkContext, nAction, ddate) VALUES ('Realiso Online',0,2955,2902,NOW());

INSERT INTO isms_context (pkContext,nType,nState) VALUES (2956,2814,2702);
INSERT INTO rm_best_practice_standard (fkContext,fkStandard,fkBestPractice) VALUES (2956,2403,2271);
INSERT INTO isms_context_date (sUserName, nUserId, fkContext, nAction, ddate) VALUES ('Realiso Online',0,2956,2901,NOW());
INSERT INTO isms_context_date (sUserName, nUserId, fkContext, nAction, ddate) VALUES ('Realiso Online',0,2956,2902,NOW());

INSERT INTO isms_context (pkContext,nType,nState) VALUES (2957,2814,2702);
INSERT INTO rm_best_practice_standard (fkContext,fkStandard,fkBestPractice) VALUES (2957,2403,2272);
INSERT INTO isms_context_date (sUserName, nUserId, fkContext, nAction, ddate) VALUES ('Realiso Online',0,2957,2901,NOW());
INSERT INTO isms_context_date (sUserName, nUserId, fkContext, nAction, ddate) VALUES ('Realiso Online',0,2957,2902,NOW());

INSERT INTO isms_context (pkContext,nType,nState) VALUES (2958,2814,2702);
INSERT INTO rm_best_practice_standard (fkContext,fkStandard,fkBestPractice) VALUES (2958,2403,2273);
INSERT INTO isms_context_date (sUserName, nUserId, fkContext, nAction, ddate) VALUES ('Realiso Online',0,2958,2901,NOW());
INSERT INTO isms_context_date (sUserName, nUserId, fkContext, nAction, ddate) VALUES ('Realiso Online',0,2958,2902,NOW());

INSERT INTO isms_context (pkContext,nType,nState) VALUES (2959,2814,2702);
INSERT INTO rm_best_practice_standard (fkContext,fkStandard,fkBestPractice) VALUES (2959,2403,2274);
INSERT INTO isms_context_date (sUserName, nUserId, fkContext, nAction, ddate) VALUES ('Realiso Online',0,2959,2901,NOW());
INSERT INTO isms_context_date (sUserName, nUserId, fkContext, nAction, ddate) VALUES ('Realiso Online',0,2959,2902,NOW());

INSERT INTO isms_context (pkContext,nType,nState) VALUES (2960,2814,2702);
INSERT INTO rm_best_practice_standard (fkContext,fkStandard,fkBestPractice) VALUES (2960,2403,2204);
INSERT INTO isms_context_date (sUserName, nUserId, fkContext, nAction, ddate) VALUES ('Realiso Online',0,2960,2901,NOW());
INSERT INTO isms_context_date (sUserName, nUserId, fkContext, nAction, ddate) VALUES ('Realiso Online',0,2960,2902,NOW());

INSERT INTO isms_context (pkContext,nType,nState) VALUES (2961,2814,2702);
INSERT INTO rm_best_practice_standard (fkContext,fkStandard,fkBestPractice) VALUES (2961,2403,2205);
INSERT INTO isms_context_date (sUserName, nUserId, fkContext, nAction, ddate) VALUES ('Realiso Online',0,2961,2901,NOW());
INSERT INTO isms_context_date (sUserName, nUserId, fkContext, nAction, ddate) VALUES ('Realiso Online',0,2961,2902,NOW());

INSERT INTO isms_context (pkContext,nType,nState) VALUES (2962,2814,2702);
INSERT INTO rm_best_practice_standard (fkContext,fkStandard,fkBestPractice) VALUES (2962,2403,2206);
INSERT INTO isms_context_date (sUserName, nUserId, fkContext, nAction, ddate) VALUES ('Realiso Online',0,2962,2901,NOW());
INSERT INTO isms_context_date (sUserName, nUserId, fkContext, nAction, ddate) VALUES ('Realiso Online',0,2962,2902,NOW());

INSERT INTO isms_context (pkContext,nType,nState) VALUES (2963,2814,2702);
INSERT INTO rm_best_practice_standard (fkContext,fkStandard,fkBestPractice) VALUES (2963,2403,2207);
INSERT INTO isms_context_date (sUserName, nUserId, fkContext, nAction, ddate) VALUES ('Realiso Online',0,2963,2901,NOW());
INSERT INTO isms_context_date (sUserName, nUserId, fkContext, nAction, ddate) VALUES ('Realiso Online',0,2963,2902,NOW());

INSERT INTO isms_context (pkContext,nType,nState) VALUES (2964,2814,2702);
INSERT INTO rm_best_practice_standard (fkContext,fkStandard,fkBestPractice) VALUES (2964,2403,2208);
INSERT INTO isms_context_date (sUserName, nUserId, fkContext, nAction, ddate) VALUES ('Realiso Online',0,2964,2901,NOW());
INSERT INTO isms_context_date (sUserName, nUserId, fkContext, nAction, ddate) VALUES ('Realiso Online',0,2964,2902,NOW());

INSERT INTO isms_context (pkContext,nType,nState) VALUES (2965,2814,2702);
INSERT INTO rm_best_practice_standard (fkContext,fkStandard,fkBestPractice) VALUES (2965,2403,2209);
INSERT INTO isms_context_date (sUserName, nUserId, fkContext, nAction, ddate) VALUES ('Realiso Online',0,2965,2901,NOW());
INSERT INTO isms_context_date (sUserName, nUserId, fkContext, nAction, ddate) VALUES ('Realiso Online',0,2965,2902,NOW());

INSERT INTO isms_context (pkContext,nType,nState) VALUES (2966,2814,2702);
INSERT INTO rm_best_practice_standard (fkContext,fkStandard,fkBestPractice) VALUES (2966,2403,2210);
INSERT INTO isms_context_date (sUserName, nUserId, fkContext, nAction, ddate) VALUES ('Realiso Online',0,2966,2901,NOW());
INSERT INTO isms_context_date (sUserName, nUserId, fkContext, nAction, ddate) VALUES ('Realiso Online',0,2966,2902,NOW());

INSERT INTO isms_context (pkContext,nType,nState) VALUES (2967,2814,2702);
INSERT INTO rm_best_practice_standard (fkContext,fkStandard,fkBestPractice) VALUES (2967,2403,2211);
INSERT INTO isms_context_date (sUserName, nUserId, fkContext, nAction, ddate) VALUES ('Realiso Online',0,2967,2901,NOW());
INSERT INTO isms_context_date (sUserName, nUserId, fkContext, nAction, ddate) VALUES ('Realiso Online',0,2967,2902,NOW());

INSERT INTO isms_context (pkContext,nType,nState) VALUES (2968,2814,2702);
INSERT INTO rm_best_practice_standard (fkContext,fkStandard,fkBestPractice) VALUES (2968,2403,2212);
INSERT INTO isms_context_date (sUserName, nUserId, fkContext, nAction, ddate) VALUES ('Realiso Online',0,2968,2901,NOW());
INSERT INTO isms_context_date (sUserName, nUserId, fkContext, nAction, ddate) VALUES ('Realiso Online',0,2968,2902,NOW());

INSERT INTO isms_context (pkContext,nType,nState) VALUES (2969,2814,2702);
INSERT INTO rm_best_practice_standard (fkContext,fkStandard,fkBestPractice) VALUES (2969,2403,2213);
INSERT INTO isms_context_date (sUserName, nUserId, fkContext, nAction, ddate) VALUES ('Realiso Online',0,2969,2901,NOW());
INSERT INTO isms_context_date (sUserName, nUserId, fkContext, nAction, ddate) VALUES ('Realiso Online',0,2969,2902,NOW());

INSERT INTO isms_context (pkContext,nType,nState) VALUES (2970,2814,2702);
INSERT INTO rm_best_practice_standard (fkContext,fkStandard,fkBestPractice) VALUES (2970,2403,2214);
INSERT INTO isms_context_date (sUserName, nUserId, fkContext, nAction, ddate) VALUES ('Realiso Online',0,2970,2901,NOW());
INSERT INTO isms_context_date (sUserName, nUserId, fkContext, nAction, ddate) VALUES ('Realiso Online',0,2970,2902,NOW());

INSERT INTO isms_context (pkContext,nType,nState) VALUES (2971,2814,2702);
INSERT INTO rm_best_practice_standard (fkContext,fkStandard,fkBestPractice) VALUES (2971,2403,2215);
INSERT INTO isms_context_date (sUserName, nUserId, fkContext, nAction, ddate) VALUES ('Realiso Online',0,2971,2901,NOW());
INSERT INTO isms_context_date (sUserName, nUserId, fkContext, nAction, ddate) VALUES ('Realiso Online',0,2971,2902,NOW());

INSERT INTO isms_context (pkContext,nType,nState) VALUES (2972,2814,2702);
INSERT INTO rm_best_practice_standard (fkContext,fkStandard,fkBestPractice) VALUES (2972,2403,2216);
INSERT INTO isms_context_date (sUserName, nUserId, fkContext, nAction, ddate) VALUES ('Realiso Online',0,2972,2901,NOW());
INSERT INTO isms_context_date (sUserName, nUserId, fkContext, nAction, ddate) VALUES ('Realiso Online',0,2972,2902,NOW());

INSERT INTO isms_context (pkContext,nType,nState) VALUES (2973,2814,2702);
INSERT INTO rm_best_practice_standard (fkContext,fkStandard,fkBestPractice) VALUES (2973,2403,2217);
INSERT INTO isms_context_date (sUserName, nUserId, fkContext, nAction, ddate) VALUES ('Realiso Online',0,2973,2901,NOW());
INSERT INTO isms_context_date (sUserName, nUserId, fkContext, nAction, ddate) VALUES ('Realiso Online',0,2973,2902,NOW());

INSERT INTO isms_context (pkContext,nType,nState) VALUES (2974,2814,2702);
INSERT INTO rm_best_practice_standard (fkContext,fkStandard,fkBestPractice) VALUES (2974,2403,2218);
INSERT INTO isms_context_date (sUserName, nUserId, fkContext, nAction, ddate) VALUES ('Realiso Online',0,2974,2901,NOW());
INSERT INTO isms_context_date (sUserName, nUserId, fkContext, nAction, ddate) VALUES ('Realiso Online',0,2974,2902,NOW());

INSERT INTO isms_context (pkContext,nType,nState) VALUES (2975,2814,2702);
INSERT INTO rm_best_practice_standard (fkContext,fkStandard,fkBestPractice) VALUES (2975,2403,2219);
INSERT INTO isms_context_date (sUserName, nUserId, fkContext, nAction, ddate) VALUES ('Realiso Online',0,2975,2901,NOW());
INSERT INTO isms_context_date (sUserName, nUserId, fkContext, nAction, ddate) VALUES ('Realiso Online',0,2975,2902,NOW());

INSERT INTO isms_context (pkContext,nType,nState) VALUES (2976,2814,2702);
INSERT INTO rm_best_practice_standard (fkContext,fkStandard,fkBestPractice) VALUES (2976,2403,2220);
INSERT INTO isms_context_date (sUserName, nUserId, fkContext, nAction, ddate) VALUES ('Realiso Online',0,2976,2901,NOW());
INSERT INTO isms_context_date (sUserName, nUserId, fkContext, nAction, ddate) VALUES ('Realiso Online',0,2976,2902,NOW());

INSERT INTO isms_context (pkContext,nType,nState) VALUES (2977,2814,2702);
INSERT INTO rm_best_practice_standard (fkContext,fkStandard,fkBestPractice) VALUES (2977,2403,2221);
INSERT INTO isms_context_date (sUserName, nUserId, fkContext, nAction, ddate) VALUES ('Realiso Online',0,2977,2901,NOW());
INSERT INTO isms_context_date (sUserName, nUserId, fkContext, nAction, ddate) VALUES ('Realiso Online',0,2977,2902,NOW());

INSERT INTO isms_context (pkContext,nType,nState) VALUES (2978,2814,2702);
INSERT INTO rm_best_practice_standard (fkContext,fkStandard,fkBestPractice) VALUES (2978,2403,2222);
INSERT INTO isms_context_date (sUserName, nUserId, fkContext, nAction, ddate) VALUES ('Realiso Online',0,2978,2901,NOW());
INSERT INTO isms_context_date (sUserName, nUserId, fkContext, nAction, ddate) VALUES ('Realiso Online',0,2978,2902,NOW());

INSERT INTO isms_context (pkContext,nType,nState) VALUES (2979,2814,2702);
INSERT INTO rm_best_practice_standard (fkContext,fkStandard,fkBestPractice) VALUES (2979,2403,2223);
INSERT INTO isms_context_date (sUserName, nUserId, fkContext, nAction, ddate) VALUES ('Realiso Online',0,2979,2901,NOW());
INSERT INTO isms_context_date (sUserName, nUserId, fkContext, nAction, ddate) VALUES ('Realiso Online',0,2979,2902,NOW());

INSERT INTO isms_context (pkContext,nType,nState) VALUES (2980,2814,2702);
INSERT INTO rm_best_practice_standard (fkContext,fkStandard,fkBestPractice) VALUES (2980,2403,2232);
INSERT INTO isms_context_date (sUserName, nUserId, fkContext, nAction, ddate) VALUES ('Realiso Online',0,2980,2901,NOW());
INSERT INTO isms_context_date (sUserName, nUserId, fkContext, nAction, ddate) VALUES ('Realiso Online',0,2980,2902,NOW());

INSERT INTO isms_context (pkContext,nType,nState) VALUES (2981,2814,2702);
INSERT INTO rm_best_practice_standard (fkContext,fkStandard,fkBestPractice) VALUES (2981,2403,2224);
INSERT INTO isms_context_date (sUserName, nUserId, fkContext, nAction, ddate) VALUES ('Realiso Online',0,2981,2901,NOW());
INSERT INTO isms_context_date (sUserName, nUserId, fkContext, nAction, ddate) VALUES ('Realiso Online',0,2981,2902,NOW());

INSERT INTO isms_context (pkContext,nType,nState) VALUES (2982,2814,2702);
INSERT INTO rm_best_practice_standard (fkContext,fkStandard,fkBestPractice) VALUES (2982,2403,2225);
INSERT INTO isms_context_date (sUserName, nUserId, fkContext, nAction, ddate) VALUES ('Realiso Online',0,2982,2901,NOW());
INSERT INTO isms_context_date (sUserName, nUserId, fkContext, nAction, ddate) VALUES ('Realiso Online',0,2982,2902,NOW());

INSERT INTO isms_context (pkContext,nType,nState) VALUES (2983,2814,2702);
INSERT INTO rm_best_practice_standard (fkContext,fkStandard,fkBestPractice) VALUES (2983,2403,2226);
INSERT INTO isms_context_date (sUserName, nUserId, fkContext, nAction, ddate) VALUES ('Realiso Online',0,2983,2901,NOW());
INSERT INTO isms_context_date (sUserName, nUserId, fkContext, nAction, ddate) VALUES ('Realiso Online',0,2983,2902,NOW());

INSERT INTO isms_context (pkContext,nType,nState) VALUES (2984,2814,2702);
INSERT INTO rm_best_practice_standard (fkContext,fkStandard,fkBestPractice) VALUES (2984,2403,2227);
INSERT INTO isms_context_date (sUserName, nUserId, fkContext, nAction, ddate) VALUES ('Realiso Online',0,2984,2901,NOW());
INSERT INTO isms_context_date (sUserName, nUserId, fkContext, nAction, ddate) VALUES ('Realiso Online',0,2984,2902,NOW());

INSERT INTO isms_context (pkContext,nType,nState) VALUES (2985,2814,2702);
INSERT INTO rm_best_practice_standard (fkContext,fkStandard,fkBestPractice) VALUES (2985,2403,2228);
INSERT INTO isms_context_date (sUserName, nUserId, fkContext, nAction, ddate) VALUES ('Realiso Online',0,2985,2901,NOW());
INSERT INTO isms_context_date (sUserName, nUserId, fkContext, nAction, ddate) VALUES ('Realiso Online',0,2985,2902,NOW());

INSERT INTO isms_context (pkContext,nType,nState) VALUES (2986,2814,2702);
INSERT INTO rm_best_practice_standard (fkContext,fkStandard,fkBestPractice) VALUES (2986,2403,2229);
INSERT INTO isms_context_date (sUserName, nUserId, fkContext, nAction, ddate) VALUES ('Realiso Online',0,2986,2901,NOW());
INSERT INTO isms_context_date (sUserName, nUserId, fkContext, nAction, ddate) VALUES ('Realiso Online',0,2986,2902,NOW());

INSERT INTO isms_context (pkContext,nType,nState) VALUES (2987,2814,2702);
INSERT INTO rm_best_practice_standard (fkContext,fkStandard,fkBestPractice) VALUES (2987,2403,2230);
INSERT INTO isms_context_date (sUserName, nUserId, fkContext, nAction, ddate) VALUES ('Realiso Online',0,2987,2901,NOW());
INSERT INTO isms_context_date (sUserName, nUserId, fkContext, nAction, ddate) VALUES ('Realiso Online',0,2987,2902,NOW());

INSERT INTO isms_context (pkContext,nType,nState) VALUES (2988,2814,2702);
INSERT INTO rm_best_practice_standard (fkContext,fkStandard,fkBestPractice) VALUES (2988,2403,2231);
INSERT INTO isms_context_date (sUserName, nUserId, fkContext, nAction, ddate) VALUES ('Realiso Online',0,2988,2901,NOW());
INSERT INTO isms_context_date (sUserName, nUserId, fkContext, nAction, ddate) VALUES ('Realiso Online',0,2988,2902,NOW());

INSERT INTO isms_context (pkContext,nType,nState) VALUES (2989,2814,2702);
INSERT INTO rm_best_practice_standard (fkContext,fkStandard,fkBestPractice) VALUES (2989,2403,2233);
INSERT INTO isms_context_date (sUserName, nUserId, fkContext, nAction, ddate) VALUES ('Realiso Online',0,2989,2901,NOW());
INSERT INTO isms_context_date (sUserName, nUserId, fkContext, nAction, ddate) VALUES ('Realiso Online',0,2989,2902,NOW());

INSERT INTO isms_context (pkContext,nType,nState) VALUES (2990,2814,2702);
INSERT INTO rm_best_practice_standard (fkContext,fkStandard,fkBestPractice) VALUES (2990,2403,2179);
INSERT INTO isms_context_date (sUserName, nUserId, fkContext, nAction, ddate) VALUES ('Realiso Online',0,2990,2901,NOW());
INSERT INTO isms_context_date (sUserName, nUserId, fkContext, nAction, ddate) VALUES ('Realiso Online',0,2990,2902,NOW());

INSERT INTO isms_context (pkContext,nType,nState) VALUES (2991,2814,2702);
INSERT INTO rm_best_practice_standard (fkContext,fkStandard,fkBestPractice) VALUES (2991,2403,2180);
INSERT INTO isms_context_date (sUserName, nUserId, fkContext, nAction, ddate) VALUES ('Realiso Online',0,2991,2901,NOW());
INSERT INTO isms_context_date (sUserName, nUserId, fkContext, nAction, ddate) VALUES ('Realiso Online',0,2991,2902,NOW());

INSERT INTO isms_context (pkContext,nType,nState) VALUES (2992,2814,2702);
INSERT INTO rm_best_practice_standard (fkContext,fkStandard,fkBestPractice) VALUES (2992,2403,2181);
INSERT INTO isms_context_date (sUserName, nUserId, fkContext, nAction, ddate) VALUES ('Realiso Online',0,2992,2901,NOW());
INSERT INTO isms_context_date (sUserName, nUserId, fkContext, nAction, ddate) VALUES ('Realiso Online',0,2992,2902,NOW());

INSERT INTO isms_context (pkContext,nType,nState) VALUES (2993,2814,2702);
INSERT INTO rm_best_practice_standard (fkContext,fkStandard,fkBestPractice) VALUES (2993,2403,2182);
INSERT INTO isms_context_date (sUserName, nUserId, fkContext, nAction, ddate) VALUES ('Realiso Online',0,2993,2901,NOW());
INSERT INTO isms_context_date (sUserName, nUserId, fkContext, nAction, ddate) VALUES ('Realiso Online',0,2993,2902,NOW());

INSERT INTO isms_context (pkContext,nType,nState) VALUES (2994,2814,2702);
INSERT INTO rm_best_practice_standard (fkContext,fkStandard,fkBestPractice) VALUES (2994,2403,2183);
INSERT INTO isms_context_date (sUserName, nUserId, fkContext, nAction, ddate) VALUES ('Realiso Online',0,2994,2901,NOW());
INSERT INTO isms_context_date (sUserName, nUserId, fkContext, nAction, ddate) VALUES ('Realiso Online',0,2994,2902,NOW());

INSERT INTO isms_context (pkContext,nType,nState) VALUES (2995,2814,2702);
INSERT INTO rm_best_practice_standard (fkContext,fkStandard,fkBestPractice) VALUES (2995,2403,2184);
INSERT INTO isms_context_date (sUserName, nUserId, fkContext, nAction, ddate) VALUES ('Realiso Online',0,2995,2901,NOW());
INSERT INTO isms_context_date (sUserName, nUserId, fkContext, nAction, ddate) VALUES ('Realiso Online',0,2995,2902,NOW());

INSERT INTO isms_context (pkContext,nType,nState) VALUES (2996,2814,2702);
INSERT INTO rm_best_practice_standard (fkContext,fkStandard,fkBestPractice) VALUES (2996,2403,2185);
INSERT INTO isms_context_date (sUserName, nUserId, fkContext, nAction, ddate) VALUES ('Realiso Online',0,2996,2901,NOW());
INSERT INTO isms_context_date (sUserName, nUserId, fkContext, nAction, ddate) VALUES ('Realiso Online',0,2996,2902,NOW());

INSERT INTO isms_context (pkContext,nType,nState) VALUES (2997,2814,2702);
INSERT INTO rm_best_practice_standard (fkContext,fkStandard,fkBestPractice) VALUES (2997,2403,2186);
INSERT INTO isms_context_date (sUserName, nUserId, fkContext, nAction, ddate) VALUES ('Realiso Online',0,2997,2901,NOW());
INSERT INTO isms_context_date (sUserName, nUserId, fkContext, nAction, ddate) VALUES ('Realiso Online',0,2997,2902,NOW());

INSERT INTO isms_context (pkContext,nType,nState) VALUES (2998,2814,2702);
INSERT INTO rm_best_practice_standard (fkContext,fkStandard,fkBestPractice) VALUES (2998,2403,2187);
INSERT INTO isms_context_date (sUserName, nUserId, fkContext, nAction, ddate) VALUES ('Realiso Online',0,2998,2901,NOW());
INSERT INTO isms_context_date (sUserName, nUserId, fkContext, nAction, ddate) VALUES ('Realiso Online',0,2998,2902,NOW());

INSERT INTO isms_context (pkContext,nType,nState) VALUES (2999,2814,2702);
INSERT INTO rm_best_practice_standard (fkContext,fkStandard,fkBestPractice) VALUES (2999,2403,2188);
INSERT INTO isms_context_date (sUserName, nUserId, fkContext, nAction, ddate) VALUES ('Realiso Online',0,2999,2901,NOW());
INSERT INTO isms_context_date (sUserName, nUserId, fkContext, nAction, ddate) VALUES ('Realiso Online',0,2999,2902,NOW());

INSERT INTO isms_context (pkContext,nType,nState) VALUES (3000,2814,2702);
INSERT INTO rm_best_practice_standard (fkContext,fkStandard,fkBestPractice) VALUES (3000,2403,2189);
INSERT INTO isms_context_date (sUserName, nUserId, fkContext, nAction, ddate) VALUES ('Realiso Online',0,3000,2901,NOW());
INSERT INTO isms_context_date (sUserName, nUserId, fkContext, nAction, ddate) VALUES ('Realiso Online',0,3000,2902,NOW());

INSERT INTO isms_context (pkContext,nType,nState) VALUES (3001,2814,2702);
INSERT INTO rm_best_practice_standard (fkContext,fkStandard,fkBestPractice) VALUES (3001,2403,2190);
INSERT INTO isms_context_date (sUserName, nUserId, fkContext, nAction, ddate) VALUES ('Realiso Online',0,3001,2901,NOW());
INSERT INTO isms_context_date (sUserName, nUserId, fkContext, nAction, ddate) VALUES ('Realiso Online',0,3001,2902,NOW());

INSERT INTO isms_context (pkContext,nType,nState) VALUES (3002,2814,2702);
INSERT INTO rm_best_practice_standard (fkContext,fkStandard,fkBestPractice) VALUES (3002,2403,2200);
INSERT INTO isms_context_date (sUserName, nUserId, fkContext, nAction, ddate) VALUES ('Realiso Online',0,3002,2901,NOW());
INSERT INTO isms_context_date (sUserName, nUserId, fkContext, nAction, ddate) VALUES ('Realiso Online',0,3002,2902,NOW());

INSERT INTO isms_context (pkContext,nType,nState) VALUES (3003,2814,2702);
INSERT INTO rm_best_practice_standard (fkContext,fkStandard,fkBestPractice) VALUES (3003,2403,2191);
INSERT INTO isms_context_date (sUserName, nUserId, fkContext, nAction, ddate) VALUES ('Realiso Online',0,3003,2901,NOW());
INSERT INTO isms_context_date (sUserName, nUserId, fkContext, nAction, ddate) VALUES ('Realiso Online',0,3003,2902,NOW());

INSERT INTO isms_context (pkContext,nType,nState) VALUES (3004,2814,2702);
INSERT INTO rm_best_practice_standard (fkContext,fkStandard,fkBestPractice) VALUES (3004,2403,2192);
INSERT INTO isms_context_date (sUserName, nUserId, fkContext, nAction, ddate) VALUES ('Realiso Online',0,3004,2901,NOW());
INSERT INTO isms_context_date (sUserName, nUserId, fkContext, nAction, ddate) VALUES ('Realiso Online',0,3004,2902,NOW());

INSERT INTO isms_context (pkContext,nType,nState) VALUES (3005,2814,2702);
INSERT INTO rm_best_practice_standard (fkContext,fkStandard,fkBestPractice) VALUES (3005,2403,2193);
INSERT INTO isms_context_date (sUserName, nUserId, fkContext, nAction, ddate) VALUES ('Realiso Online',0,3005,2901,NOW());
INSERT INTO isms_context_date (sUserName, nUserId, fkContext, nAction, ddate) VALUES ('Realiso Online',0,3005,2902,NOW());

INSERT INTO isms_context (pkContext,nType,nState) VALUES (3006,2814,2702);
INSERT INTO rm_best_practice_standard (fkContext,fkStandard,fkBestPractice) VALUES (3006,2403,2194);
INSERT INTO isms_context_date (sUserName, nUserId, fkContext, nAction, ddate) VALUES ('Realiso Online',0,3006,2901,NOW());
INSERT INTO isms_context_date (sUserName, nUserId, fkContext, nAction, ddate) VALUES ('Realiso Online',0,3006,2902,NOW());

INSERT INTO isms_context (pkContext,nType,nState) VALUES (3007,2814,2702);
INSERT INTO rm_best_practice_standard (fkContext,fkStandard,fkBestPractice) VALUES (3007,2403,2195);
INSERT INTO isms_context_date (sUserName, nUserId, fkContext, nAction, ddate) VALUES ('Realiso Online',0,3007,2901,NOW());
INSERT INTO isms_context_date (sUserName, nUserId, fkContext, nAction, ddate) VALUES ('Realiso Online',0,3007,2902,NOW());

INSERT INTO isms_context (pkContext,nType,nState) VALUES (3008,2814,2702);
INSERT INTO rm_best_practice_standard (fkContext,fkStandard,fkBestPractice) VALUES (3008,2403,2196);
INSERT INTO isms_context_date (sUserName, nUserId, fkContext, nAction, ddate) VALUES ('Realiso Online',0,3008,2901,NOW());
INSERT INTO isms_context_date (sUserName, nUserId, fkContext, nAction, ddate) VALUES ('Realiso Online',0,3008,2902,NOW());

INSERT INTO isms_context (pkContext,nType,nState) VALUES (3009,2814,2702);
INSERT INTO rm_best_practice_standard (fkContext,fkStandard,fkBestPractice) VALUES (3009,2403,2197);
INSERT INTO isms_context_date (sUserName, nUserId, fkContext, nAction, ddate) VALUES ('Realiso Online',0,3009,2901,NOW());
INSERT INTO isms_context_date (sUserName, nUserId, fkContext, nAction, ddate) VALUES ('Realiso Online',0,3009,2902,NOW());

INSERT INTO isms_context (pkContext,nType,nState) VALUES (3010,2814,2702);
INSERT INTO rm_best_practice_standard (fkContext,fkStandard,fkBestPractice) VALUES (3010,2403,2198);
INSERT INTO isms_context_date (sUserName, nUserId, fkContext, nAction, ddate) VALUES ('Realiso Online',0,3010,2901,NOW());
INSERT INTO isms_context_date (sUserName, nUserId, fkContext, nAction, ddate) VALUES ('Realiso Online',0,3010,2902,NOW());

INSERT INTO isms_context (pkContext,nType,nState) VALUES (3011,2814,2702);
INSERT INTO rm_best_practice_standard (fkContext,fkStandard,fkBestPractice) VALUES (3011,2403,2199);
INSERT INTO isms_context_date (sUserName, nUserId, fkContext, nAction, ddate) VALUES ('Realiso Online',0,3011,2901,NOW());
INSERT INTO isms_context_date (sUserName, nUserId, fkContext, nAction, ddate) VALUES ('Realiso Online',0,3011,2902,NOW());

INSERT INTO isms_context (pkContext,nType,nState) VALUES (3012,2814,2702);
INSERT INTO rm_best_practice_standard (fkContext,fkStandard,fkBestPractice) VALUES (3012,2403,2201);
INSERT INTO isms_context_date (sUserName, nUserId, fkContext, nAction, ddate) VALUES ('Realiso Online',0,3012,2901,NOW());
INSERT INTO isms_context_date (sUserName, nUserId, fkContext, nAction, ddate) VALUES ('Realiso Online',0,3012,2902,NOW());

INSERT INTO isms_context (pkContext,nType,nState) VALUES (3013,2814,2702);
INSERT INTO rm_best_practice_standard (fkContext,fkStandard,fkBestPractice) VALUES (3013,2403,2202);
INSERT INTO isms_context_date (sUserName, nUserId, fkContext, nAction, ddate) VALUES ('Realiso Online',0,3013,2901,NOW());
INSERT INTO isms_context_date (sUserName, nUserId, fkContext, nAction, ddate) VALUES ('Realiso Online',0,3013,2902,NOW());

INSERT INTO isms_context (pkContext,nType,nState) VALUES (3014,2814,2702);
INSERT INTO rm_best_practice_standard (fkContext,fkStandard,fkBestPractice) VALUES (3014,2403,2203);
INSERT INTO isms_context_date (sUserName, nUserId, fkContext, nAction, ddate) VALUES ('Realiso Online',0,3014,2901,NOW());
INSERT INTO isms_context_date (sUserName, nUserId, fkContext, nAction, ddate) VALUES ('Realiso Online',0,3014,2902,NOW());

INSERT INTO isms_context (pkContext,nType,nState) VALUES (3015,2814,2702);
INSERT INTO rm_best_practice_standard (fkContext,fkStandard,fkBestPractice) VALUES (3015,2403,2278);
INSERT INTO isms_context_date (sUserName, nUserId, fkContext, nAction, ddate) VALUES ('Realiso Online',0,3015,2901,NOW());
INSERT INTO isms_context_date (sUserName, nUserId, fkContext, nAction, ddate) VALUES ('Realiso Online',0,3015,2902,NOW());

INSERT INTO isms_context (pkContext,nType,nState) VALUES (3016,2814,2702);
INSERT INTO rm_best_practice_standard (fkContext,fkStandard,fkBestPractice) VALUES (3016,2403,2279);
INSERT INTO isms_context_date (sUserName, nUserId, fkContext, nAction, ddate) VALUES ('Realiso Online',0,3016,2901,NOW());
INSERT INTO isms_context_date (sUserName, nUserId, fkContext, nAction, ddate) VALUES ('Realiso Online',0,3016,2902,NOW());

INSERT INTO isms_context (pkContext,nType,nState) VALUES (3017,2814,2702);
INSERT INTO rm_best_practice_standard (fkContext,fkStandard,fkBestPractice) VALUES (3017,2403,2280);
INSERT INTO isms_context_date (sUserName, nUserId, fkContext, nAction, ddate) VALUES ('Realiso Online',0,3017,2901,NOW());
INSERT INTO isms_context_date (sUserName, nUserId, fkContext, nAction, ddate) VALUES ('Realiso Online',0,3017,2902,NOW());

INSERT INTO isms_context (pkContext,nType,nState) VALUES (3018,2814,2702);
INSERT INTO rm_best_practice_standard (fkContext,fkStandard,fkBestPractice) VALUES (3018,2403,2281);
INSERT INTO isms_context_date (sUserName, nUserId, fkContext, nAction, ddate) VALUES ('Realiso Online',0,3018,2901,NOW());
INSERT INTO isms_context_date (sUserName, nUserId, fkContext, nAction, ddate) VALUES ('Realiso Online',0,3018,2902,NOW());

INSERT INTO isms_context (pkContext,nType,nState) VALUES (3019,2814,2702);
INSERT INTO rm_best_practice_standard (fkContext,fkStandard,fkBestPractice) VALUES (3019,2403,2282);
INSERT INTO isms_context_date (sUserName, nUserId, fkContext, nAction, ddate) VALUES ('Realiso Online',0,3019,2901,NOW());
INSERT INTO isms_context_date (sUserName, nUserId, fkContext, nAction, ddate) VALUES ('Realiso Online',0,3019,2902,NOW());

INSERT INTO isms_context (pkContext,nType,nState) VALUES (3020,2814,2702);
INSERT INTO rm_best_practice_standard (fkContext,fkStandard,fkBestPractice) VALUES (3020,2403,2283);
INSERT INTO isms_context_date (sUserName, nUserId, fkContext, nAction, ddate) VALUES ('Realiso Online',0,3020,2901,NOW());
INSERT INTO isms_context_date (sUserName, nUserId, fkContext, nAction, ddate) VALUES ('Realiso Online',0,3020,2902,NOW());

INSERT INTO isms_context (pkContext,nType,nState) VALUES (3021,2814,2702);
INSERT INTO rm_best_practice_standard (fkContext,fkStandard,fkBestPractice) VALUES (3021,2403,2284);
INSERT INTO isms_context_date (sUserName, nUserId, fkContext, nAction, ddate) VALUES ('Realiso Online',0,3021,2901,NOW());
INSERT INTO isms_context_date (sUserName, nUserId, fkContext, nAction, ddate) VALUES ('Realiso Online',0,3021,2902,NOW());

INSERT INTO isms_context (pkContext,nType,nState) VALUES (3022,2814,2702);
INSERT INTO rm_best_practice_standard (fkContext,fkStandard,fkBestPractice) VALUES (3022,2403,2285);
INSERT INTO isms_context_date (sUserName, nUserId, fkContext, nAction, ddate) VALUES ('Realiso Online',0,3022,2901,NOW());
INSERT INTO isms_context_date (sUserName, nUserId, fkContext, nAction, ddate) VALUES ('Realiso Online',0,3022,2902,NOW());

INSERT INTO isms_context (pkContext,nType,nState) VALUES (3023,2814,2702);
INSERT INTO rm_best_practice_standard (fkContext,fkStandard,fkBestPractice) VALUES (3023,2403,2286);
INSERT INTO isms_context_date (sUserName, nUserId, fkContext, nAction, ddate) VALUES ('Realiso Online',0,3023,2901,NOW());
INSERT INTO isms_context_date (sUserName, nUserId, fkContext, nAction, ddate) VALUES ('Realiso Online',0,3023,2902,NOW());

INSERT INTO isms_context (pkContext,nType,nState) VALUES (3024,2814,2702);
INSERT INTO rm_best_practice_standard (fkContext,fkStandard,fkBestPractice) VALUES (3024,2403,2287);
INSERT INTO isms_context_date (sUserName, nUserId, fkContext, nAction, ddate) VALUES ('Realiso Online',0,3024,2901,NOW());
INSERT INTO isms_context_date (sUserName, nUserId, fkContext, nAction, ddate) VALUES ('Realiso Online',0,3024,2902,NOW());

INSERT INTO isms_context (pkContext,nType,nState) VALUES (3025,2814,2702);
INSERT INTO rm_best_practice_standard (fkContext,fkStandard,fkBestPractice) VALUES (3025,2403,2288);
INSERT INTO isms_context_date (sUserName, nUserId, fkContext, nAction, ddate) VALUES ('Realiso Online',0,3025,2901,NOW());
INSERT INTO isms_context_date (sUserName, nUserId, fkContext, nAction, ddate) VALUES ('Realiso Online',0,3025,2902,NOW());

INSERT INTO isms_context (pkContext,nType,nState) VALUES (3026,2814,2702);
INSERT INTO rm_best_practice_standard (fkContext,fkStandard,fkBestPractice) VALUES (3026,2403,2289);
INSERT INTO isms_context_date (sUserName, nUserId, fkContext, nAction, ddate) VALUES ('Realiso Online',0,3026,2901,NOW());
INSERT INTO isms_context_date (sUserName, nUserId, fkContext, nAction, ddate) VALUES ('Realiso Online',0,3026,2902,NOW());

INSERT INTO isms_context (pkContext,nType,nState) VALUES (3027,2814,2702);
INSERT INTO rm_best_practice_standard (fkContext,fkStandard,fkBestPractice) VALUES (3027,2403,2344);
INSERT INTO isms_context_date (sUserName, nUserId, fkContext, nAction, ddate) VALUES ('Realiso Online',0,3027,2901,NOW());
INSERT INTO isms_context_date (sUserName, nUserId, fkContext, nAction, ddate) VALUES ('Realiso Online',0,3027,2902,NOW());

INSERT INTO isms_context (pkContext,nType,nState) VALUES (3028,2814,2702);
INSERT INTO rm_best_practice_standard (fkContext,fkStandard,fkBestPractice) VALUES (3028,2403,2345);
INSERT INTO isms_context_date (sUserName, nUserId, fkContext, nAction, ddate) VALUES ('Realiso Online',0,3028,2901,NOW());
INSERT INTO isms_context_date (sUserName, nUserId, fkContext, nAction, ddate) VALUES ('Realiso Online',0,3028,2902,NOW());

INSERT INTO isms_context (pkContext,nType,nState) VALUES (3029,2814,2702);
INSERT INTO rm_best_practice_standard (fkContext,fkStandard,fkBestPractice) VALUES (3029,2403,2346);
INSERT INTO isms_context_date (sUserName, nUserId, fkContext, nAction, ddate) VALUES ('Realiso Online',0,3029,2901,NOW());
INSERT INTO isms_context_date (sUserName, nUserId, fkContext, nAction, ddate) VALUES ('Realiso Online',0,3029,2902,NOW());

INSERT INTO isms_context (pkContext,nType,nState) VALUES (3030,2814,2702);
INSERT INTO rm_best_practice_standard (fkContext,fkStandard,fkBestPractice) VALUES (3030,2403,2347);
INSERT INTO isms_context_date (sUserName, nUserId, fkContext, nAction, ddate) VALUES ('Realiso Online',0,3030,2901,NOW());
INSERT INTO isms_context_date (sUserName, nUserId, fkContext, nAction, ddate) VALUES ('Realiso Online',0,3030,2902,NOW());

INSERT INTO isms_context (pkContext,nType,nState) VALUES (3031,2814,2702);
INSERT INTO rm_best_practice_standard (fkContext,fkStandard,fkBestPractice) VALUES (3031,2403,2348);
INSERT INTO isms_context_date (sUserName, nUserId, fkContext, nAction, ddate) VALUES ('Realiso Online',0,3031,2901,NOW());
INSERT INTO isms_context_date (sUserName, nUserId, fkContext, nAction, ddate) VALUES ('Realiso Online',0,3031,2902,NOW());

INSERT INTO isms_context (pkContext,nType,nState) VALUES (3032,2814,2702);
INSERT INTO rm_best_practice_standard (fkContext,fkStandard,fkBestPractice) VALUES (3032,2403,2349);
INSERT INTO isms_context_date (sUserName, nUserId, fkContext, nAction, ddate) VALUES ('Realiso Online',0,3032,2901,NOW());
INSERT INTO isms_context_date (sUserName, nUserId, fkContext, nAction, ddate) VALUES ('Realiso Online',0,3032,2902,NOW());

INSERT INTO isms_context (pkContext,nType,nState) VALUES (3033,2814,2702);
INSERT INTO rm_best_practice_standard (fkContext,fkStandard,fkBestPractice) VALUES (3033,2403,2350);
INSERT INTO isms_context_date (sUserName, nUserId, fkContext, nAction, ddate) VALUES ('Realiso Online',0,3033,2901,NOW());
INSERT INTO isms_context_date (sUserName, nUserId, fkContext, nAction, ddate) VALUES ('Realiso Online',0,3033,2902,NOW());

INSERT INTO isms_context (pkContext,nType,nState) VALUES (3034,2814,2702);
INSERT INTO rm_best_practice_standard (fkContext,fkStandard,fkBestPractice) VALUES (3034,2403,2351);
INSERT INTO isms_context_date (sUserName, nUserId, fkContext, nAction, ddate) VALUES ('Realiso Online',0,3034,2901,NOW());
INSERT INTO isms_context_date (sUserName, nUserId, fkContext, nAction, ddate) VALUES ('Realiso Online',0,3034,2902,NOW());

INSERT INTO isms_context (pkContext,nType,nState) VALUES (3035,2814,2702);
INSERT INTO rm_best_practice_standard (fkContext,fkStandard,fkBestPractice) VALUES (3035,2403,2290);
INSERT INTO isms_context_date (sUserName, nUserId, fkContext, nAction, ddate) VALUES ('Realiso Online',0,3035,2901,NOW());
INSERT INTO isms_context_date (sUserName, nUserId, fkContext, nAction, ddate) VALUES ('Realiso Online',0,3035,2902,NOW());

INSERT INTO isms_context (pkContext,nType,nState) VALUES (3036,2814,2702);
INSERT INTO rm_best_practice_standard (fkContext,fkStandard,fkBestPractice) VALUES (3036,2403,2291);
INSERT INTO isms_context_date (sUserName, nUserId, fkContext, nAction, ddate) VALUES ('Realiso Online',0,3036,2901,NOW());
INSERT INTO isms_context_date (sUserName, nUserId, fkContext, nAction, ddate) VALUES ('Realiso Online',0,3036,2902,NOW());

INSERT INTO isms_context (pkContext,nType,nState) VALUES (3037,2814,2702);
INSERT INTO rm_best_practice_standard (fkContext,fkStandard,fkBestPractice) VALUES (3037,2403,2292);
INSERT INTO isms_context_date (sUserName, nUserId, fkContext, nAction, ddate) VALUES ('Realiso Online',0,3037,2901,NOW());
INSERT INTO isms_context_date (sUserName, nUserId, fkContext, nAction, ddate) VALUES ('Realiso Online',0,3037,2902,NOW());

INSERT INTO isms_context (pkContext,nType,nState) VALUES (3038,2814,2702);
INSERT INTO rm_best_practice_standard (fkContext,fkStandard,fkBestPractice) VALUES (3038,2403,2293);
INSERT INTO isms_context_date (sUserName, nUserId, fkContext, nAction, ddate) VALUES ('Realiso Online',0,3038,2901,NOW());
INSERT INTO isms_context_date (sUserName, nUserId, fkContext, nAction, ddate) VALUES ('Realiso Online',0,3038,2902,NOW());

INSERT INTO isms_context (pkContext,nType,nState) VALUES (3039,2814,2702);
INSERT INTO rm_best_practice_standard (fkContext,fkStandard,fkBestPractice) VALUES (3039,2403,2294);
INSERT INTO isms_context_date (sUserName, nUserId, fkContext, nAction, ddate) VALUES ('Realiso Online',0,3039,2901,NOW());
INSERT INTO isms_context_date (sUserName, nUserId, fkContext, nAction, ddate) VALUES ('Realiso Online',0,3039,2902,NOW());

INSERT INTO isms_context (pkContext,nType,nState) VALUES (3040,2814,2702);
INSERT INTO rm_best_practice_standard (fkContext,fkStandard,fkBestPractice) VALUES (3040,2403,2295);
INSERT INTO isms_context_date (sUserName, nUserId, fkContext, nAction, ddate) VALUES ('Realiso Online',0,3040,2901,NOW());
INSERT INTO isms_context_date (sUserName, nUserId, fkContext, nAction, ddate) VALUES ('Realiso Online',0,3040,2902,NOW());

INSERT INTO isms_context (pkContext,nType,nState) VALUES (3041,2814,2702);
INSERT INTO rm_best_practice_standard (fkContext,fkStandard,fkBestPractice) VALUES (3041,2403,2296);
INSERT INTO isms_context_date (sUserName, nUserId, fkContext, nAction, ddate) VALUES ('Realiso Online',0,3041,2901,NOW());
INSERT INTO isms_context_date (sUserName, nUserId, fkContext, nAction, ddate) VALUES ('Realiso Online',0,3041,2902,NOW());

INSERT INTO isms_context (pkContext,nType,nState) VALUES (3042,2814,2702);
INSERT INTO rm_best_practice_standard (fkContext,fkStandard,fkBestPractice) VALUES (3042,2403,2297);
INSERT INTO isms_context_date (sUserName, nUserId, fkContext, nAction, ddate) VALUES ('Realiso Online',0,3042,2901,NOW());
INSERT INTO isms_context_date (sUserName, nUserId, fkContext, nAction, ddate) VALUES ('Realiso Online',0,3042,2902,NOW());

INSERT INTO isms_context (pkContext,nType,nState) VALUES (3043,2814,2702);
INSERT INTO rm_best_practice_standard (fkContext,fkStandard,fkBestPractice) VALUES (3043,2403,2298);
INSERT INTO isms_context_date (sUserName, nUserId, fkContext, nAction, ddate) VALUES ('Realiso Online',0,3043,2901,NOW());
INSERT INTO isms_context_date (sUserName, nUserId, fkContext, nAction, ddate) VALUES ('Realiso Online',0,3043,2902,NOW());

INSERT INTO isms_context (pkContext,nType,nState) VALUES (3044,2814,2702);
INSERT INTO rm_best_practice_standard (fkContext,fkStandard,fkBestPractice) VALUES (3044,2403,2299);
INSERT INTO isms_context_date (sUserName, nUserId, fkContext, nAction, ddate) VALUES ('Realiso Online',0,3044,2901,NOW());
INSERT INTO isms_context_date (sUserName, nUserId, fkContext, nAction, ddate) VALUES ('Realiso Online',0,3044,2902,NOW());

INSERT INTO isms_context (pkContext,nType,nState) VALUES (3045,2814,2702);
INSERT INTO rm_best_practice_standard (fkContext,fkStandard,fkBestPractice) VALUES (3045,2403,2300);
INSERT INTO isms_context_date (sUserName, nUserId, fkContext, nAction, ddate) VALUES ('Realiso Online',0,3045,2901,NOW());
INSERT INTO isms_context_date (sUserName, nUserId, fkContext, nAction, ddate) VALUES ('Realiso Online',0,3045,2902,NOW());

INSERT INTO isms_context (pkContext,nType,nState) VALUES (3046,2814,2702);
INSERT INTO rm_best_practice_standard (fkContext,fkStandard,fkBestPractice) VALUES (3046,2403,2301);
INSERT INTO isms_context_date (sUserName, nUserId, fkContext, nAction, ddate) VALUES ('Realiso Online',0,3046,2901,NOW());
INSERT INTO isms_context_date (sUserName, nUserId, fkContext, nAction, ddate) VALUES ('Realiso Online',0,3046,2902,NOW());

INSERT INTO isms_context (pkContext,nType,nState) VALUES (3047,2814,2702);
INSERT INTO rm_best_practice_standard (fkContext,fkStandard,fkBestPractice) VALUES (3047,2403,2306);
INSERT INTO isms_context_date (sUserName, nUserId, fkContext, nAction, ddate) VALUES ('Realiso Online',0,3047,2901,NOW());
INSERT INTO isms_context_date (sUserName, nUserId, fkContext, nAction, ddate) VALUES ('Realiso Online',0,3047,2902,NOW());

INSERT INTO isms_context (pkContext,nType,nState) VALUES (3048,2814,2702);
INSERT INTO rm_best_practice_standard (fkContext,fkStandard,fkBestPractice) VALUES (3048,2403,2305);
INSERT INTO isms_context_date (sUserName, nUserId, fkContext, nAction, ddate) VALUES ('Realiso Online',0,3048,2901,NOW());
INSERT INTO isms_context_date (sUserName, nUserId, fkContext, nAction, ddate) VALUES ('Realiso Online',0,3048,2902,NOW());

INSERT INTO isms_context (pkContext,nType,nState) VALUES (3049,2814,2702);
INSERT INTO rm_best_practice_standard (fkContext,fkStandard,fkBestPractice) VALUES (3049,2400,1836);
INSERT INTO isms_context_date (sUserName, nUserId, fkContext, nAction, ddate) VALUES ('Realiso Online',0,3049,2901,NOW());
INSERT INTO isms_context_date (sUserName, nUserId, fkContext, nAction, ddate) VALUES ('Realiso Online',0,3049,2902,NOW());

