INSERT INTO isms_context (pkContext,nType,nState) VALUES (10889,2814,2702);
INSERT INTO rm_best_practice_standard (fkContext,fkStandard,fkBestPractice) VALUES (10889,10754,10562);
INSERT INTO isms_context_date (sUserName, nUserId, fkContext, nAction, ddate) VALUES ('Realiso Online',0,10889,2901,NOW());
INSERT INTO isms_context_date (sUserName, nUserId, fkContext, nAction, ddate) VALUES ('Realiso Online',0,10889,2902,NOW());

INSERT INTO isms_context (pkContext,nType,nState) VALUES (10890,2814,2702);
INSERT INTO rm_best_practice_standard (fkContext,fkStandard,fkBestPractice) VALUES (10890,10754,10563);
INSERT INTO isms_context_date (sUserName, nUserId, fkContext, nAction, ddate) VALUES ('Realiso Online',0,10890,2901,NOW());
INSERT INTO isms_context_date (sUserName, nUserId, fkContext, nAction, ddate) VALUES ('Realiso Online',0,10890,2902,NOW());

INSERT INTO isms_context (pkContext,nType,nState) VALUES (10891,2814,2702);
INSERT INTO rm_best_practice_standard (fkContext,fkStandard,fkBestPractice) VALUES (10891,10754,10564);
INSERT INTO isms_context_date (sUserName, nUserId, fkContext, nAction, ddate) VALUES ('Realiso Online',0,10891,2901,NOW());
INSERT INTO isms_context_date (sUserName, nUserId, fkContext, nAction, ddate) VALUES ('Realiso Online',0,10891,2902,NOW());

INSERT INTO isms_context (pkContext,nType,nState) VALUES (10892,2814,2702);
INSERT INTO rm_best_practice_standard (fkContext,fkStandard,fkBestPractice) VALUES (10892,10754,10565);
INSERT INTO isms_context_date (sUserName, nUserId, fkContext, nAction, ddate) VALUES ('Realiso Online',0,10892,2901,NOW());
INSERT INTO isms_context_date (sUserName, nUserId, fkContext, nAction, ddate) VALUES ('Realiso Online',0,10892,2902,NOW());

INSERT INTO isms_context (pkContext,nType,nState) VALUES (10893,2814,2702);
INSERT INTO rm_best_practice_standard (fkContext,fkStandard,fkBestPractice) VALUES (10893,10754,10566);
INSERT INTO isms_context_date (sUserName, nUserId, fkContext, nAction, ddate) VALUES ('Realiso Online',0,10893,2901,NOW());
INSERT INTO isms_context_date (sUserName, nUserId, fkContext, nAction, ddate) VALUES ('Realiso Online',0,10893,2902,NOW());

INSERT INTO isms_context (pkContext,nType,nState) VALUES (10894,2814,2702);
INSERT INTO rm_best_practice_standard (fkContext,fkStandard,fkBestPractice) VALUES (10894,10754,10567);
INSERT INTO isms_context_date (sUserName, nUserId, fkContext, nAction, ddate) VALUES ('Realiso Online',0,10894,2901,NOW());
INSERT INTO isms_context_date (sUserName, nUserId, fkContext, nAction, ddate) VALUES ('Realiso Online',0,10894,2902,NOW());

INSERT INTO isms_context (pkContext,nType,nState) VALUES (10895,2814,2702);
INSERT INTO rm_best_practice_standard (fkContext,fkStandard,fkBestPractice) VALUES (10895,10754,10557);
INSERT INTO isms_context_date (sUserName, nUserId, fkContext, nAction, ddate) VALUES ('Realiso Online',0,10895,2901,NOW());
INSERT INTO isms_context_date (sUserName, nUserId, fkContext, nAction, ddate) VALUES ('Realiso Online',0,10895,2902,NOW());

INSERT INTO isms_context (pkContext,nType,nState) VALUES (10896,2814,2702);
INSERT INTO rm_best_practice_standard (fkContext,fkStandard,fkBestPractice) VALUES (10896,10754,10558);
INSERT INTO isms_context_date (sUserName, nUserId, fkContext, nAction, ddate) VALUES ('Realiso Online',0,10896,2901,NOW());
INSERT INTO isms_context_date (sUserName, nUserId, fkContext, nAction, ddate) VALUES ('Realiso Online',0,10896,2902,NOW());

INSERT INTO isms_context (pkContext,nType,nState) VALUES (10897,2814,2702);
INSERT INTO rm_best_practice_standard (fkContext,fkStandard,fkBestPractice) VALUES (10897,10754,10559);
INSERT INTO isms_context_date (sUserName, nUserId, fkContext, nAction, ddate) VALUES ('Realiso Online',0,10897,2901,NOW());
INSERT INTO isms_context_date (sUserName, nUserId, fkContext, nAction, ddate) VALUES ('Realiso Online',0,10897,2902,NOW());

INSERT INTO isms_context (pkContext,nType,nState) VALUES (10898,2814,2702);
INSERT INTO rm_best_practice_standard (fkContext,fkStandard,fkBestPractice) VALUES (10898,10754,10560);
INSERT INTO isms_context_date (sUserName, nUserId, fkContext, nAction, ddate) VALUES ('Realiso Online',0,10898,2901,NOW());
INSERT INTO isms_context_date (sUserName, nUserId, fkContext, nAction, ddate) VALUES ('Realiso Online',0,10898,2902,NOW());

INSERT INTO isms_context (pkContext,nType,nState) VALUES (10899,2814,2702);
INSERT INTO rm_best_practice_standard (fkContext,fkStandard,fkBestPractice) VALUES (10899,10754,10569);
INSERT INTO isms_context_date (sUserName, nUserId, fkContext, nAction, ddate) VALUES ('Realiso Online',0,10899,2901,NOW());
INSERT INTO isms_context_date (sUserName, nUserId, fkContext, nAction, ddate) VALUES ('Realiso Online',0,10899,2902,NOW());

INSERT INTO isms_context (pkContext,nType,nState) VALUES (10900,2814,2702);
INSERT INTO rm_best_practice_standard (fkContext,fkStandard,fkBestPractice) VALUES (10900,10754,10570);
INSERT INTO isms_context_date (sUserName, nUserId, fkContext, nAction, ddate) VALUES ('Realiso Online',0,10900,2901,NOW());
INSERT INTO isms_context_date (sUserName, nUserId, fkContext, nAction, ddate) VALUES ('Realiso Online',0,10900,2902,NOW());

INSERT INTO isms_context (pkContext,nType,nState) VALUES (10901,2814,2702);
INSERT INTO rm_best_practice_standard (fkContext,fkStandard,fkBestPractice) VALUES (10901,10754,10571);
INSERT INTO isms_context_date (sUserName, nUserId, fkContext, nAction, ddate) VALUES ('Realiso Online',0,10901,2901,NOW());
INSERT INTO isms_context_date (sUserName, nUserId, fkContext, nAction, ddate) VALUES ('Realiso Online',0,10901,2902,NOW());

INSERT INTO isms_context (pkContext,nType,nState) VALUES (10902,2814,2702);
INSERT INTO rm_best_practice_standard (fkContext,fkStandard,fkBestPractice) VALUES (10902,10754,10572);
INSERT INTO isms_context_date (sUserName, nUserId, fkContext, nAction, ddate) VALUES ('Realiso Online',0,10902,2901,NOW());
INSERT INTO isms_context_date (sUserName, nUserId, fkContext, nAction, ddate) VALUES ('Realiso Online',0,10902,2902,NOW());

INSERT INTO isms_context (pkContext,nType,nState) VALUES (10903,2814,2702);
INSERT INTO rm_best_practice_standard (fkContext,fkStandard,fkBestPractice) VALUES (10903,10754,10573);
INSERT INTO isms_context_date (sUserName, nUserId, fkContext, nAction, ddate) VALUES ('Realiso Online',0,10903,2901,NOW());
INSERT INTO isms_context_date (sUserName, nUserId, fkContext, nAction, ddate) VALUES ('Realiso Online',0,10903,2902,NOW());

INSERT INTO isms_context (pkContext,nType,nState) VALUES (10904,2814,2702);
INSERT INTO rm_best_practice_standard (fkContext,fkStandard,fkBestPractice) VALUES (10904,10754,10575);
INSERT INTO isms_context_date (sUserName, nUserId, fkContext, nAction, ddate) VALUES ('Realiso Online',0,10904,2901,NOW());
INSERT INTO isms_context_date (sUserName, nUserId, fkContext, nAction, ddate) VALUES ('Realiso Online',0,10904,2902,NOW());

INSERT INTO isms_context (pkContext,nType,nState) VALUES (10905,2814,2702);
INSERT INTO rm_best_practice_standard (fkContext,fkStandard,fkBestPractice) VALUES (10905,10754,10576);
INSERT INTO isms_context_date (sUserName, nUserId, fkContext, nAction, ddate) VALUES ('Realiso Online',0,10905,2901,NOW());
INSERT INTO isms_context_date (sUserName, nUserId, fkContext, nAction, ddate) VALUES ('Realiso Online',0,10905,2902,NOW());

INSERT INTO isms_context (pkContext,nType,nState) VALUES (10906,2814,2702);
INSERT INTO rm_best_practice_standard (fkContext,fkStandard,fkBestPractice) VALUES (10906,10754,10577);
INSERT INTO isms_context_date (sUserName, nUserId, fkContext, nAction, ddate) VALUES ('Realiso Online',0,10906,2901,NOW());
INSERT INTO isms_context_date (sUserName, nUserId, fkContext, nAction, ddate) VALUES ('Realiso Online',0,10906,2902,NOW());

INSERT INTO isms_context (pkContext,nType,nState) VALUES (10907,2814,2702);
INSERT INTO rm_best_practice_standard (fkContext,fkStandard,fkBestPractice) VALUES (10907,10754,10578);
INSERT INTO isms_context_date (sUserName, nUserId, fkContext, nAction, ddate) VALUES ('Realiso Online',0,10907,2901,NOW());
INSERT INTO isms_context_date (sUserName, nUserId, fkContext, nAction, ddate) VALUES ('Realiso Online',0,10907,2902,NOW());

INSERT INTO isms_context (pkContext,nType,nState) VALUES (10908,2814,2702);
INSERT INTO rm_best_practice_standard (fkContext,fkStandard,fkBestPractice) VALUES (10908,10754,10579);
INSERT INTO isms_context_date (sUserName, nUserId, fkContext, nAction, ddate) VALUES ('Realiso Online',0,10908,2901,NOW());
INSERT INTO isms_context_date (sUserName, nUserId, fkContext, nAction, ddate) VALUES ('Realiso Online',0,10908,2902,NOW());

INSERT INTO isms_context (pkContext,nType,nState) VALUES (10909,2814,2702);
INSERT INTO rm_best_practice_standard (fkContext,fkStandard,fkBestPractice) VALUES (10909,10754,10497);
INSERT INTO isms_context_date (sUserName, nUserId, fkContext, nAction, ddate) VALUES ('Realiso Online',0,10909,2901,NOW());
INSERT INTO isms_context_date (sUserName, nUserId, fkContext, nAction, ddate) VALUES ('Realiso Online',0,10909,2902,NOW());

INSERT INTO isms_context (pkContext,nType,nState) VALUES (10910,2814,2702);
INSERT INTO rm_best_practice_standard (fkContext,fkStandard,fkBestPractice) VALUES (10910,10754,10498);
INSERT INTO isms_context_date (sUserName, nUserId, fkContext, nAction, ddate) VALUES ('Realiso Online',0,10910,2901,NOW());
INSERT INTO isms_context_date (sUserName, nUserId, fkContext, nAction, ddate) VALUES ('Realiso Online',0,10910,2902,NOW());

INSERT INTO isms_context (pkContext,nType,nState) VALUES (10911,2814,2702);
INSERT INTO rm_best_practice_standard (fkContext,fkStandard,fkBestPractice) VALUES (10911,10754,10499);
INSERT INTO isms_context_date (sUserName, nUserId, fkContext, nAction, ddate) VALUES ('Realiso Online',0,10911,2901,NOW());
INSERT INTO isms_context_date (sUserName, nUserId, fkContext, nAction, ddate) VALUES ('Realiso Online',0,10911,2902,NOW());

INSERT INTO isms_context (pkContext,nType,nState) VALUES (10912,2814,2702);
INSERT INTO rm_best_practice_standard (fkContext,fkStandard,fkBestPractice) VALUES (10912,10754,10500);
INSERT INTO isms_context_date (sUserName, nUserId, fkContext, nAction, ddate) VALUES ('Realiso Online',0,10912,2901,NOW());
INSERT INTO isms_context_date (sUserName, nUserId, fkContext, nAction, ddate) VALUES ('Realiso Online',0,10912,2902,NOW());

INSERT INTO isms_context (pkContext,nType,nState) VALUES (10913,2814,2702);
INSERT INTO rm_best_practice_standard (fkContext,fkStandard,fkBestPractice) VALUES (10913,10754,10501);
INSERT INTO isms_context_date (sUserName, nUserId, fkContext, nAction, ddate) VALUES ('Realiso Online',0,10913,2901,NOW());
INSERT INTO isms_context_date (sUserName, nUserId, fkContext, nAction, ddate) VALUES ('Realiso Online',0,10913,2902,NOW());

INSERT INTO isms_context (pkContext,nType,nState) VALUES (10914,2814,2702);
INSERT INTO rm_best_practice_standard (fkContext,fkStandard,fkBestPractice) VALUES (10914,10754,10502);
INSERT INTO isms_context_date (sUserName, nUserId, fkContext, nAction, ddate) VALUES ('Realiso Online',0,10914,2901,NOW());
INSERT INTO isms_context_date (sUserName, nUserId, fkContext, nAction, ddate) VALUES ('Realiso Online',0,10914,2902,NOW());

INSERT INTO isms_context (pkContext,nType,nState) VALUES (10915,2814,2702);
INSERT INTO rm_best_practice_standard (fkContext,fkStandard,fkBestPractice) VALUES (10915,10754,10504);
INSERT INTO isms_context_date (sUserName, nUserId, fkContext, nAction, ddate) VALUES ('Realiso Online',0,10915,2901,NOW());
INSERT INTO isms_context_date (sUserName, nUserId, fkContext, nAction, ddate) VALUES ('Realiso Online',0,10915,2902,NOW());

INSERT INTO isms_context (pkContext,nType,nState) VALUES (10916,2814,2702);
INSERT INTO rm_best_practice_standard (fkContext,fkStandard,fkBestPractice) VALUES (10916,10754,10505);
INSERT INTO isms_context_date (sUserName, nUserId, fkContext, nAction, ddate) VALUES ('Realiso Online',0,10916,2901,NOW());
INSERT INTO isms_context_date (sUserName, nUserId, fkContext, nAction, ddate) VALUES ('Realiso Online',0,10916,2902,NOW());

INSERT INTO isms_context (pkContext,nType,nState) VALUES (10917,2814,2702);
INSERT INTO rm_best_practice_standard (fkContext,fkStandard,fkBestPractice) VALUES (10917,10754,10506);
INSERT INTO isms_context_date (sUserName, nUserId, fkContext, nAction, ddate) VALUES ('Realiso Online',0,10917,2901,NOW());
INSERT INTO isms_context_date (sUserName, nUserId, fkContext, nAction, ddate) VALUES ('Realiso Online',0,10917,2902,NOW());

INSERT INTO isms_context (pkContext,nType,nState) VALUES (10918,2814,2702);
INSERT INTO rm_best_practice_standard (fkContext,fkStandard,fkBestPractice) VALUES (10918,10754,10507);
INSERT INTO isms_context_date (sUserName, nUserId, fkContext, nAction, ddate) VALUES ('Realiso Online',0,10918,2901,NOW());
INSERT INTO isms_context_date (sUserName, nUserId, fkContext, nAction, ddate) VALUES ('Realiso Online',0,10918,2902,NOW());

INSERT INTO isms_context (pkContext,nType,nState) VALUES (10919,2814,2702);
INSERT INTO rm_best_practice_standard (fkContext,fkStandard,fkBestPractice) VALUES (10919,10754,10509);
INSERT INTO isms_context_date (sUserName, nUserId, fkContext, nAction, ddate) VALUES ('Realiso Online',0,10919,2901,NOW());
INSERT INTO isms_context_date (sUserName, nUserId, fkContext, nAction, ddate) VALUES ('Realiso Online',0,10919,2902,NOW());

INSERT INTO isms_context (pkContext,nType,nState) VALUES (10920,2814,2702);
INSERT INTO rm_best_practice_standard (fkContext,fkStandard,fkBestPractice) VALUES (10920,10754,10510);
INSERT INTO isms_context_date (sUserName, nUserId, fkContext, nAction, ddate) VALUES ('Realiso Online',0,10920,2901,NOW());
INSERT INTO isms_context_date (sUserName, nUserId, fkContext, nAction, ddate) VALUES ('Realiso Online',0,10920,2902,NOW());

INSERT INTO isms_context (pkContext,nType,nState) VALUES (10921,2814,2702);
INSERT INTO rm_best_practice_standard (fkContext,fkStandard,fkBestPractice) VALUES (10921,10754,10511);
INSERT INTO isms_context_date (sUserName, nUserId, fkContext, nAction, ddate) VALUES ('Realiso Online',0,10921,2901,NOW());
INSERT INTO isms_context_date (sUserName, nUserId, fkContext, nAction, ddate) VALUES ('Realiso Online',0,10921,2902,NOW());

INSERT INTO isms_context (pkContext,nType,nState) VALUES (10922,2814,2702);
INSERT INTO rm_best_practice_standard (fkContext,fkStandard,fkBestPractice) VALUES (10922,10754,10512);
INSERT INTO isms_context_date (sUserName, nUserId, fkContext, nAction, ddate) VALUES ('Realiso Online',0,10922,2901,NOW());
INSERT INTO isms_context_date (sUserName, nUserId, fkContext, nAction, ddate) VALUES ('Realiso Online',0,10922,2902,NOW());

INSERT INTO isms_context (pkContext,nType,nState) VALUES (10923,2814,2702);
INSERT INTO rm_best_practice_standard (fkContext,fkStandard,fkBestPractice) VALUES (10923,10754,10513);
INSERT INTO isms_context_date (sUserName, nUserId, fkContext, nAction, ddate) VALUES ('Realiso Online',0,10923,2901,NOW());
INSERT INTO isms_context_date (sUserName, nUserId, fkContext, nAction, ddate) VALUES ('Realiso Online',0,10923,2902,NOW());

INSERT INTO isms_context (pkContext,nType,nState) VALUES (10924,2814,2702);
INSERT INTO rm_best_practice_standard (fkContext,fkStandard,fkBestPractice) VALUES (10924,10754,10524);
INSERT INTO isms_context_date (sUserName, nUserId, fkContext, nAction, ddate) VALUES ('Realiso Online',0,10924,2901,NOW());
INSERT INTO isms_context_date (sUserName, nUserId, fkContext, nAction, ddate) VALUES ('Realiso Online',0,10924,2902,NOW());

INSERT INTO isms_context (pkContext,nType,nState) VALUES (10925,2814,2702);
INSERT INTO rm_best_practice_standard (fkContext,fkStandard,fkBestPractice) VALUES (10925,10754,10515);
INSERT INTO isms_context_date (sUserName, nUserId, fkContext, nAction, ddate) VALUES ('Realiso Online',0,10925,2901,NOW());
INSERT INTO isms_context_date (sUserName, nUserId, fkContext, nAction, ddate) VALUES ('Realiso Online',0,10925,2902,NOW());

INSERT INTO isms_context (pkContext,nType,nState) VALUES (10926,2814,2702);
INSERT INTO rm_best_practice_standard (fkContext,fkStandard,fkBestPractice) VALUES (10926,10754,10516);
INSERT INTO isms_context_date (sUserName, nUserId, fkContext, nAction, ddate) VALUES ('Realiso Online',0,10926,2901,NOW());
INSERT INTO isms_context_date (sUserName, nUserId, fkContext, nAction, ddate) VALUES ('Realiso Online',0,10926,2902,NOW());

INSERT INTO isms_context (pkContext,nType,nState) VALUES (10927,2814,2702);
INSERT INTO rm_best_practice_standard (fkContext,fkStandard,fkBestPractice) VALUES (10927,10754,10517);
INSERT INTO isms_context_date (sUserName, nUserId, fkContext, nAction, ddate) VALUES ('Realiso Online',0,10927,2901,NOW());
INSERT INTO isms_context_date (sUserName, nUserId, fkContext, nAction, ddate) VALUES ('Realiso Online',0,10927,2902,NOW());

INSERT INTO isms_context (pkContext,nType,nState) VALUES (10928,2814,2702);
INSERT INTO rm_best_practice_standard (fkContext,fkStandard,fkBestPractice) VALUES (10928,10754,10518);
INSERT INTO isms_context_date (sUserName, nUserId, fkContext, nAction, ddate) VALUES ('Realiso Online',0,10928,2901,NOW());
INSERT INTO isms_context_date (sUserName, nUserId, fkContext, nAction, ddate) VALUES ('Realiso Online',0,10928,2902,NOW());

INSERT INTO isms_context (pkContext,nType,nState) VALUES (10929,2814,2702);
INSERT INTO rm_best_practice_standard (fkContext,fkStandard,fkBestPractice) VALUES (10929,10754,10519);
INSERT INTO isms_context_date (sUserName, nUserId, fkContext, nAction, ddate) VALUES ('Realiso Online',0,10929,2901,NOW());
INSERT INTO isms_context_date (sUserName, nUserId, fkContext, nAction, ddate) VALUES ('Realiso Online',0,10929,2902,NOW());

INSERT INTO isms_context (pkContext,nType,nState) VALUES (10930,2814,2702);
INSERT INTO rm_best_practice_standard (fkContext,fkStandard,fkBestPractice) VALUES (10930,10754,10520);
INSERT INTO isms_context_date (sUserName, nUserId, fkContext, nAction, ddate) VALUES ('Realiso Online',0,10930,2901,NOW());
INSERT INTO isms_context_date (sUserName, nUserId, fkContext, nAction, ddate) VALUES ('Realiso Online',0,10930,2902,NOW());

INSERT INTO isms_context (pkContext,nType,nState) VALUES (10931,2814,2702);
INSERT INTO rm_best_practice_standard (fkContext,fkStandard,fkBestPractice) VALUES (10931,10754,10521);
INSERT INTO isms_context_date (sUserName, nUserId, fkContext, nAction, ddate) VALUES ('Realiso Online',0,10931,2901,NOW());
INSERT INTO isms_context_date (sUserName, nUserId, fkContext, nAction, ddate) VALUES ('Realiso Online',0,10931,2902,NOW());

INSERT INTO isms_context (pkContext,nType,nState) VALUES (10932,2814,2702);
INSERT INTO rm_best_practice_standard (fkContext,fkStandard,fkBestPractice) VALUES (10932,10754,10522);
INSERT INTO isms_context_date (sUserName, nUserId, fkContext, nAction, ddate) VALUES ('Realiso Online',0,10932,2901,NOW());
INSERT INTO isms_context_date (sUserName, nUserId, fkContext, nAction, ddate) VALUES ('Realiso Online',0,10932,2902,NOW());

INSERT INTO isms_context (pkContext,nType,nState) VALUES (10933,2814,2702);
INSERT INTO rm_best_practice_standard (fkContext,fkStandard,fkBestPractice) VALUES (10933,10754,10523);
INSERT INTO isms_context_date (sUserName, nUserId, fkContext, nAction, ddate) VALUES ('Realiso Online',0,10933,2901,NOW());
INSERT INTO isms_context_date (sUserName, nUserId, fkContext, nAction, ddate) VALUES ('Realiso Online',0,10933,2902,NOW());

INSERT INTO isms_context (pkContext,nType,nState) VALUES (10934,2814,2702);
INSERT INTO rm_best_practice_standard (fkContext,fkStandard,fkBestPractice) VALUES (10934,10754,10535);
INSERT INTO isms_context_date (sUserName, nUserId, fkContext, nAction, ddate) VALUES ('Realiso Online',0,10934,2901,NOW());
INSERT INTO isms_context_date (sUserName, nUserId, fkContext, nAction, ddate) VALUES ('Realiso Online',0,10934,2902,NOW());

INSERT INTO isms_context (pkContext,nType,nState) VALUES (10935,2814,2702);
INSERT INTO rm_best_practice_standard (fkContext,fkStandard,fkBestPractice) VALUES (10935,10754,10536);
INSERT INTO isms_context_date (sUserName, nUserId, fkContext, nAction, ddate) VALUES ('Realiso Online',0,10935,2901,NOW());
INSERT INTO isms_context_date (sUserName, nUserId, fkContext, nAction, ddate) VALUES ('Realiso Online',0,10935,2902,NOW());

INSERT INTO isms_context (pkContext,nType,nState) VALUES (10936,2814,2702);
INSERT INTO rm_best_practice_standard (fkContext,fkStandard,fkBestPractice) VALUES (10936,10754,10526);
INSERT INTO isms_context_date (sUserName, nUserId, fkContext, nAction, ddate) VALUES ('Realiso Online',0,10936,2901,NOW());
INSERT INTO isms_context_date (sUserName, nUserId, fkContext, nAction, ddate) VALUES ('Realiso Online',0,10936,2902,NOW());

INSERT INTO isms_context (pkContext,nType,nState) VALUES (10937,2814,2702);
INSERT INTO rm_best_practice_standard (fkContext,fkStandard,fkBestPractice) VALUES (10937,10754,10527);
INSERT INTO isms_context_date (sUserName, nUserId, fkContext, nAction, ddate) VALUES ('Realiso Online',0,10937,2901,NOW());
INSERT INTO isms_context_date (sUserName, nUserId, fkContext, nAction, ddate) VALUES ('Realiso Online',0,10937,2902,NOW());

INSERT INTO isms_context (pkContext,nType,nState) VALUES (10938,2814,2702);
INSERT INTO rm_best_practice_standard (fkContext,fkStandard,fkBestPractice) VALUES (10938,10754,10528);
INSERT INTO isms_context_date (sUserName, nUserId, fkContext, nAction, ddate) VALUES ('Realiso Online',0,10938,2901,NOW());
INSERT INTO isms_context_date (sUserName, nUserId, fkContext, nAction, ddate) VALUES ('Realiso Online',0,10938,2902,NOW());

INSERT INTO isms_context (pkContext,nType,nState) VALUES (10939,2814,2702);
INSERT INTO rm_best_practice_standard (fkContext,fkStandard,fkBestPractice) VALUES (10939,10754,10529);
INSERT INTO isms_context_date (sUserName, nUserId, fkContext, nAction, ddate) VALUES ('Realiso Online',0,10939,2901,NOW());
INSERT INTO isms_context_date (sUserName, nUserId, fkContext, nAction, ddate) VALUES ('Realiso Online',0,10939,2902,NOW());

INSERT INTO isms_context (pkContext,nType,nState) VALUES (10940,2814,2702);
INSERT INTO rm_best_practice_standard (fkContext,fkStandard,fkBestPractice) VALUES (10940,10754,10530);
INSERT INTO isms_context_date (sUserName, nUserId, fkContext, nAction, ddate) VALUES ('Realiso Online',0,10940,2901,NOW());
INSERT INTO isms_context_date (sUserName, nUserId, fkContext, nAction, ddate) VALUES ('Realiso Online',0,10940,2902,NOW());

INSERT INTO isms_context (pkContext,nType,nState) VALUES (10941,2814,2702);
INSERT INTO rm_best_practice_standard (fkContext,fkStandard,fkBestPractice) VALUES (10941,10754,10531);
INSERT INTO isms_context_date (sUserName, nUserId, fkContext, nAction, ddate) VALUES ('Realiso Online',0,10941,2901,NOW());
INSERT INTO isms_context_date (sUserName, nUserId, fkContext, nAction, ddate) VALUES ('Realiso Online',0,10941,2902,NOW());

INSERT INTO isms_context (pkContext,nType,nState) VALUES (10942,2814,2702);
INSERT INTO rm_best_practice_standard (fkContext,fkStandard,fkBestPractice) VALUES (10942,10754,10532);
INSERT INTO isms_context_date (sUserName, nUserId, fkContext, nAction, ddate) VALUES ('Realiso Online',0,10942,2901,NOW());
INSERT INTO isms_context_date (sUserName, nUserId, fkContext, nAction, ddate) VALUES ('Realiso Online',0,10942,2902,NOW());

INSERT INTO isms_context (pkContext,nType,nState) VALUES (10943,2814,2702);
INSERT INTO rm_best_practice_standard (fkContext,fkStandard,fkBestPractice) VALUES (10943,10754,10533);
INSERT INTO isms_context_date (sUserName, nUserId, fkContext, nAction, ddate) VALUES ('Realiso Online',0,10943,2901,NOW());
INSERT INTO isms_context_date (sUserName, nUserId, fkContext, nAction, ddate) VALUES ('Realiso Online',0,10943,2902,NOW());

INSERT INTO isms_context (pkContext,nType,nState) VALUES (10944,2814,2702);
INSERT INTO rm_best_practice_standard (fkContext,fkStandard,fkBestPractice) VALUES (10944,10754,10534);
INSERT INTO isms_context_date (sUserName, nUserId, fkContext, nAction, ddate) VALUES ('Realiso Online',0,10944,2901,NOW());
INSERT INTO isms_context_date (sUserName, nUserId, fkContext, nAction, ddate) VALUES ('Realiso Online',0,10944,2902,NOW());

INSERT INTO isms_context (pkContext,nType,nState) VALUES (10945,2814,2702);
INSERT INTO rm_best_practice_standard (fkContext,fkStandard,fkBestPractice) VALUES (10945,10754,10538);
INSERT INTO isms_context_date (sUserName, nUserId, fkContext, nAction, ddate) VALUES ('Realiso Online',0,10945,2901,NOW());
INSERT INTO isms_context_date (sUserName, nUserId, fkContext, nAction, ddate) VALUES ('Realiso Online',0,10945,2902,NOW());

INSERT INTO isms_context (pkContext,nType,nState) VALUES (10946,2814,2702);
INSERT INTO rm_best_practice_standard (fkContext,fkStandard,fkBestPractice) VALUES (10946,10754,10539);
INSERT INTO isms_context_date (sUserName, nUserId, fkContext, nAction, ddate) VALUES ('Realiso Online',0,10946,2901,NOW());
INSERT INTO isms_context_date (sUserName, nUserId, fkContext, nAction, ddate) VALUES ('Realiso Online',0,10946,2902,NOW());

INSERT INTO isms_context (pkContext,nType,nState) VALUES (10947,2814,2702);
INSERT INTO rm_best_practice_standard (fkContext,fkStandard,fkBestPractice) VALUES (10947,10754,10540);
INSERT INTO isms_context_date (sUserName, nUserId, fkContext, nAction, ddate) VALUES ('Realiso Online',0,10947,2901,NOW());
INSERT INTO isms_context_date (sUserName, nUserId, fkContext, nAction, ddate) VALUES ('Realiso Online',0,10947,2902,NOW());

INSERT INTO isms_context (pkContext,nType,nState) VALUES (10948,2814,2702);
INSERT INTO rm_best_practice_standard (fkContext,fkStandard,fkBestPractice) VALUES (10948,10754,10541);
INSERT INTO isms_context_date (sUserName, nUserId, fkContext, nAction, ddate) VALUES ('Realiso Online',0,10948,2901,NOW());
INSERT INTO isms_context_date (sUserName, nUserId, fkContext, nAction, ddate) VALUES ('Realiso Online',0,10948,2902,NOW());

INSERT INTO isms_context (pkContext,nType,nState) VALUES (10949,2814,2702);
INSERT INTO rm_best_practice_standard (fkContext,fkStandard,fkBestPractice) VALUES (10949,10754,10543);
INSERT INTO isms_context_date (sUserName, nUserId, fkContext, nAction, ddate) VALUES ('Realiso Online',0,10949,2901,NOW());
INSERT INTO isms_context_date (sUserName, nUserId, fkContext, nAction, ddate) VALUES ('Realiso Online',0,10949,2902,NOW());

INSERT INTO isms_context (pkContext,nType,nState) VALUES (10950,2814,2702);
INSERT INTO rm_best_practice_standard (fkContext,fkStandard,fkBestPractice) VALUES (10950,10754,10544);
INSERT INTO isms_context_date (sUserName, nUserId, fkContext, nAction, ddate) VALUES ('Realiso Online',0,10950,2901,NOW());
INSERT INTO isms_context_date (sUserName, nUserId, fkContext, nAction, ddate) VALUES ('Realiso Online',0,10950,2902,NOW());

INSERT INTO isms_context (pkContext,nType,nState) VALUES (10951,2814,2702);
INSERT INTO rm_best_practice_standard (fkContext,fkStandard,fkBestPractice) VALUES (10951,10754,10545);
INSERT INTO isms_context_date (sUserName, nUserId, fkContext, nAction, ddate) VALUES ('Realiso Online',0,10951,2901,NOW());
INSERT INTO isms_context_date (sUserName, nUserId, fkContext, nAction, ddate) VALUES ('Realiso Online',0,10951,2902,NOW());

INSERT INTO isms_context (pkContext,nType,nState) VALUES (10952,2814,2702);
INSERT INTO rm_best_practice_standard (fkContext,fkStandard,fkBestPractice) VALUES (10952,10754,10547);
INSERT INTO isms_context_date (sUserName, nUserId, fkContext, nAction, ddate) VALUES ('Realiso Online',0,10952,2901,NOW());
INSERT INTO isms_context_date (sUserName, nUserId, fkContext, nAction, ddate) VALUES ('Realiso Online',0,10952,2902,NOW());

INSERT INTO isms_context (pkContext,nType,nState) VALUES (10953,2814,2702);
INSERT INTO rm_best_practice_standard (fkContext,fkStandard,fkBestPractice) VALUES (10953,10754,10548);
INSERT INTO isms_context_date (sUserName, nUserId, fkContext, nAction, ddate) VALUES ('Realiso Online',0,10953,2901,NOW());
INSERT INTO isms_context_date (sUserName, nUserId, fkContext, nAction, ddate) VALUES ('Realiso Online',0,10953,2902,NOW());

INSERT INTO isms_context (pkContext,nType,nState) VALUES (10954,2814,2702);
INSERT INTO rm_best_practice_standard (fkContext,fkStandard,fkBestPractice) VALUES (10954,10754,10549);
INSERT INTO isms_context_date (sUserName, nUserId, fkContext, nAction, ddate) VALUES ('Realiso Online',0,10954,2901,NOW());
INSERT INTO isms_context_date (sUserName, nUserId, fkContext, nAction, ddate) VALUES ('Realiso Online',0,10954,2902,NOW());

INSERT INTO isms_context (pkContext,nType,nState) VALUES (10955,2814,2702);
INSERT INTO rm_best_practice_standard (fkContext,fkStandard,fkBestPractice) VALUES (10955,10754,10550);
INSERT INTO isms_context_date (sUserName, nUserId, fkContext, nAction, ddate) VALUES ('Realiso Online',0,10955,2901,NOW());
INSERT INTO isms_context_date (sUserName, nUserId, fkContext, nAction, ddate) VALUES ('Realiso Online',0,10955,2902,NOW());

INSERT INTO isms_context (pkContext,nType,nState) VALUES (10956,2814,2702);
INSERT INTO rm_best_practice_standard (fkContext,fkStandard,fkBestPractice) VALUES (10956,10754,10551);
INSERT INTO isms_context_date (sUserName, nUserId, fkContext, nAction, ddate) VALUES ('Realiso Online',0,10956,2901,NOW());
INSERT INTO isms_context_date (sUserName, nUserId, fkContext, nAction, ddate) VALUES ('Realiso Online',0,10956,2902,NOW());

INSERT INTO isms_context (pkContext,nType,nState) VALUES (10957,2814,2702);
INSERT INTO rm_best_practice_standard (fkContext,fkStandard,fkBestPractice) VALUES (10957,10754,10553);
INSERT INTO isms_context_date (sUserName, nUserId, fkContext, nAction, ddate) VALUES ('Realiso Online',0,10957,2901,NOW());
INSERT INTO isms_context_date (sUserName, nUserId, fkContext, nAction, ddate) VALUES ('Realiso Online',0,10957,2902,NOW());

INSERT INTO isms_context (pkContext,nType,nState) VALUES (10958,2814,2702);
INSERT INTO rm_best_practice_standard (fkContext,fkStandard,fkBestPractice) VALUES (10958,10754,10554);
INSERT INTO isms_context_date (sUserName, nUserId, fkContext, nAction, ddate) VALUES ('Realiso Online',0,10958,2901,NOW());
INSERT INTO isms_context_date (sUserName, nUserId, fkContext, nAction, ddate) VALUES ('Realiso Online',0,10958,2902,NOW());

INSERT INTO isms_context (pkContext,nType,nState) VALUES (10959,2814,2702);
INSERT INTO rm_best_practice_standard (fkContext,fkStandard,fkBestPractice) VALUES (10959,10754,10555);
INSERT INTO isms_context_date (sUserName, nUserId, fkContext, nAction, ddate) VALUES ('Realiso Online',0,10959,2901,NOW());
INSERT INTO isms_context_date (sUserName, nUserId, fkContext, nAction, ddate) VALUES ('Realiso Online',0,10959,2902,NOW());

INSERT INTO isms_context (pkContext,nType,nState) VALUES (10960,2814,2702);
INSERT INTO rm_best_practice_standard (fkContext,fkStandard,fkBestPractice) VALUES (10960,10754,10449);
INSERT INTO isms_context_date (sUserName, nUserId, fkContext, nAction, ddate) VALUES ('Realiso Online',0,10960,2901,NOW());
INSERT INTO isms_context_date (sUserName, nUserId, fkContext, nAction, ddate) VALUES ('Realiso Online',0,10960,2902,NOW());

INSERT INTO isms_context (pkContext,nType,nState) VALUES (10961,2814,2702);
INSERT INTO rm_best_practice_standard (fkContext,fkStandard,fkBestPractice) VALUES (10961,10754,10450);
INSERT INTO isms_context_date (sUserName, nUserId, fkContext, nAction, ddate) VALUES ('Realiso Online',0,10961,2901,NOW());
INSERT INTO isms_context_date (sUserName, nUserId, fkContext, nAction, ddate) VALUES ('Realiso Online',0,10961,2902,NOW());

INSERT INTO isms_context (pkContext,nType,nState) VALUES (10962,2814,2702);
INSERT INTO rm_best_practice_standard (fkContext,fkStandard,fkBestPractice) VALUES (10962,10754,10451);
INSERT INTO isms_context_date (sUserName, nUserId, fkContext, nAction, ddate) VALUES ('Realiso Online',0,10962,2901,NOW());
INSERT INTO isms_context_date (sUserName, nUserId, fkContext, nAction, ddate) VALUES ('Realiso Online',0,10962,2902,NOW());

INSERT INTO isms_context (pkContext,nType,nState) VALUES (10963,2814,2702);
INSERT INTO rm_best_practice_standard (fkContext,fkStandard,fkBestPractice) VALUES (10963,10754,10452);
INSERT INTO isms_context_date (sUserName, nUserId, fkContext, nAction, ddate) VALUES ('Realiso Online',0,10963,2901,NOW());
INSERT INTO isms_context_date (sUserName, nUserId, fkContext, nAction, ddate) VALUES ('Realiso Online',0,10963,2902,NOW());

INSERT INTO isms_context (pkContext,nType,nState) VALUES (10964,2814,2702);
INSERT INTO rm_best_practice_standard (fkContext,fkStandard,fkBestPractice) VALUES (10964,10754,10463);
INSERT INTO isms_context_date (sUserName, nUserId, fkContext, nAction, ddate) VALUES ('Realiso Online',0,10964,2901,NOW());
INSERT INTO isms_context_date (sUserName, nUserId, fkContext, nAction, ddate) VALUES ('Realiso Online',0,10964,2902,NOW());

INSERT INTO isms_context (pkContext,nType,nState) VALUES (10965,2814,2702);
INSERT INTO rm_best_practice_standard (fkContext,fkStandard,fkBestPractice) VALUES (10965,10754,10454);
INSERT INTO isms_context_date (sUserName, nUserId, fkContext, nAction, ddate) VALUES ('Realiso Online',0,10965,2901,NOW());
INSERT INTO isms_context_date (sUserName, nUserId, fkContext, nAction, ddate) VALUES ('Realiso Online',0,10965,2902,NOW());

INSERT INTO isms_context (pkContext,nType,nState) VALUES (10966,2814,2702);
INSERT INTO rm_best_practice_standard (fkContext,fkStandard,fkBestPractice) VALUES (10966,10754,10455);
INSERT INTO isms_context_date (sUserName, nUserId, fkContext, nAction, ddate) VALUES ('Realiso Online',0,10966,2901,NOW());
INSERT INTO isms_context_date (sUserName, nUserId, fkContext, nAction, ddate) VALUES ('Realiso Online',0,10966,2902,NOW());

INSERT INTO isms_context (pkContext,nType,nState) VALUES (10967,2814,2702);
INSERT INTO rm_best_practice_standard (fkContext,fkStandard,fkBestPractice) VALUES (10967,10754,10457);
INSERT INTO isms_context_date (sUserName, nUserId, fkContext, nAction, ddate) VALUES ('Realiso Online',0,10967,2901,NOW());
INSERT INTO isms_context_date (sUserName, nUserId, fkContext, nAction, ddate) VALUES ('Realiso Online',0,10967,2902,NOW());

INSERT INTO isms_context (pkContext,nType,nState) VALUES (10968,2814,2702);
INSERT INTO rm_best_practice_standard (fkContext,fkStandard,fkBestPractice) VALUES (10968,10754,10456);
INSERT INTO isms_context_date (sUserName, nUserId, fkContext, nAction, ddate) VALUES ('Realiso Online',0,10968,2901,NOW());
INSERT INTO isms_context_date (sUserName, nUserId, fkContext, nAction, ddate) VALUES ('Realiso Online',0,10968,2902,NOW());

INSERT INTO isms_context (pkContext,nType,nState) VALUES (10969,2814,2702);
INSERT INTO rm_best_practice_standard (fkContext,fkStandard,fkBestPractice) VALUES (10969,10754,10458);
INSERT INTO isms_context_date (sUserName, nUserId, fkContext, nAction, ddate) VALUES ('Realiso Online',0,10969,2901,NOW());
INSERT INTO isms_context_date (sUserName, nUserId, fkContext, nAction, ddate) VALUES ('Realiso Online',0,10969,2902,NOW());

INSERT INTO isms_context (pkContext,nType,nState) VALUES (10970,2814,2702);
INSERT INTO rm_best_practice_standard (fkContext,fkStandard,fkBestPractice) VALUES (10970,10754,10459);
INSERT INTO isms_context_date (sUserName, nUserId, fkContext, nAction, ddate) VALUES ('Realiso Online',0,10970,2901,NOW());
INSERT INTO isms_context_date (sUserName, nUserId, fkContext, nAction, ddate) VALUES ('Realiso Online',0,10970,2902,NOW());

INSERT INTO isms_context (pkContext,nType,nState) VALUES (10971,2814,2702);
INSERT INTO rm_best_practice_standard (fkContext,fkStandard,fkBestPractice) VALUES (10971,10754,10460);
INSERT INTO isms_context_date (sUserName, nUserId, fkContext, nAction, ddate) VALUES ('Realiso Online',0,10971,2901,NOW());
INSERT INTO isms_context_date (sUserName, nUserId, fkContext, nAction, ddate) VALUES ('Realiso Online',0,10971,2902,NOW());

INSERT INTO isms_context (pkContext,nType,nState) VALUES (10972,2814,2702);
INSERT INTO rm_best_practice_standard (fkContext,fkStandard,fkBestPractice) VALUES (10972,10754,10461);
INSERT INTO isms_context_date (sUserName, nUserId, fkContext, nAction, ddate) VALUES ('Realiso Online',0,10972,2901,NOW());
INSERT INTO isms_context_date (sUserName, nUserId, fkContext, nAction, ddate) VALUES ('Realiso Online',0,10972,2902,NOW());

INSERT INTO isms_context (pkContext,nType,nState) VALUES (10973,2814,2702);
INSERT INTO rm_best_practice_standard (fkContext,fkStandard,fkBestPractice) VALUES (10973,10754,10462);
INSERT INTO isms_context_date (sUserName, nUserId, fkContext, nAction, ddate) VALUES ('Realiso Online',0,10973,2901,NOW());
INSERT INTO isms_context_date (sUserName, nUserId, fkContext, nAction, ddate) VALUES ('Realiso Online',0,10973,2902,NOW());

INSERT INTO isms_context (pkContext,nType,nState) VALUES (10974,2814,2702);
INSERT INTO rm_best_practice_standard (fkContext,fkStandard,fkBestPractice) VALUES (10974,10754,10465);
INSERT INTO isms_context_date (sUserName, nUserId, fkContext, nAction, ddate) VALUES ('Realiso Online',0,10974,2901,NOW());
INSERT INTO isms_context_date (sUserName, nUserId, fkContext, nAction, ddate) VALUES ('Realiso Online',0,10974,2902,NOW());

INSERT INTO isms_context (pkContext,nType,nState) VALUES (10975,2814,2702);
INSERT INTO rm_best_practice_standard (fkContext,fkStandard,fkBestPractice) VALUES (10975,10754,10466);
INSERT INTO isms_context_date (sUserName, nUserId, fkContext, nAction, ddate) VALUES ('Realiso Online',0,10975,2901,NOW());
INSERT INTO isms_context_date (sUserName, nUserId, fkContext, nAction, ddate) VALUES ('Realiso Online',0,10975,2902,NOW());

INSERT INTO isms_context (pkContext,nType,nState) VALUES (10976,2814,2702);
INSERT INTO rm_best_practice_standard (fkContext,fkStandard,fkBestPractice) VALUES (10976,10754,10467);
INSERT INTO isms_context_date (sUserName, nUserId, fkContext, nAction, ddate) VALUES ('Realiso Online',0,10976,2901,NOW());
INSERT INTO isms_context_date (sUserName, nUserId, fkContext, nAction, ddate) VALUES ('Realiso Online',0,10976,2902,NOW());

INSERT INTO isms_context (pkContext,nType,nState) VALUES (10977,2814,2702);
INSERT INTO rm_best_practice_standard (fkContext,fkStandard,fkBestPractice) VALUES (10977,10754,10468);
INSERT INTO isms_context_date (sUserName, nUserId, fkContext, nAction, ddate) VALUES ('Realiso Online',0,10977,2901,NOW());
INSERT INTO isms_context_date (sUserName, nUserId, fkContext, nAction, ddate) VALUES ('Realiso Online',0,10977,2902,NOW());

INSERT INTO isms_context (pkContext,nType,nState) VALUES (10978,2814,2702);
INSERT INTO rm_best_practice_standard (fkContext,fkStandard,fkBestPractice) VALUES (10978,10754,10470);
INSERT INTO isms_context_date (sUserName, nUserId, fkContext, nAction, ddate) VALUES ('Realiso Online',0,10978,2901,NOW());
INSERT INTO isms_context_date (sUserName, nUserId, fkContext, nAction, ddate) VALUES ('Realiso Online',0,10978,2902,NOW());

INSERT INTO isms_context (pkContext,nType,nState) VALUES (10979,2814,2702);
INSERT INTO rm_best_practice_standard (fkContext,fkStandard,fkBestPractice) VALUES (10979,10754,10471);
INSERT INTO isms_context_date (sUserName, nUserId, fkContext, nAction, ddate) VALUES ('Realiso Online',0,10979,2901,NOW());
INSERT INTO isms_context_date (sUserName, nUserId, fkContext, nAction, ddate) VALUES ('Realiso Online',0,10979,2902,NOW());

INSERT INTO isms_context (pkContext,nType,nState) VALUES (10980,2814,2702);
INSERT INTO rm_best_practice_standard (fkContext,fkStandard,fkBestPractice) VALUES (10980,10754,10472);
INSERT INTO isms_context_date (sUserName, nUserId, fkContext, nAction, ddate) VALUES ('Realiso Online',0,10980,2901,NOW());
INSERT INTO isms_context_date (sUserName, nUserId, fkContext, nAction, ddate) VALUES ('Realiso Online',0,10980,2902,NOW());

INSERT INTO isms_context (pkContext,nType,nState) VALUES (10981,2814,2702);
INSERT INTO rm_best_practice_standard (fkContext,fkStandard,fkBestPractice) VALUES (10981,10754,10473);
INSERT INTO isms_context_date (sUserName, nUserId, fkContext, nAction, ddate) VALUES ('Realiso Online',0,10981,2901,NOW());
INSERT INTO isms_context_date (sUserName, nUserId, fkContext, nAction, ddate) VALUES ('Realiso Online',0,10981,2902,NOW());

INSERT INTO isms_context (pkContext,nType,nState) VALUES (10982,2814,2702);
INSERT INTO rm_best_practice_standard (fkContext,fkStandard,fkBestPractice) VALUES (10982,10754,10475);
INSERT INTO isms_context_date (sUserName, nUserId, fkContext, nAction, ddate) VALUES ('Realiso Online',0,10982,2901,NOW());
INSERT INTO isms_context_date (sUserName, nUserId, fkContext, nAction, ddate) VALUES ('Realiso Online',0,10982,2902,NOW());

INSERT INTO isms_context (pkContext,nType,nState) VALUES (10983,2814,2702);
INSERT INTO rm_best_practice_standard (fkContext,fkStandard,fkBestPractice) VALUES (10983,10754,10476);
INSERT INTO isms_context_date (sUserName, nUserId, fkContext, nAction, ddate) VALUES ('Realiso Online',0,10983,2901,NOW());
INSERT INTO isms_context_date (sUserName, nUserId, fkContext, nAction, ddate) VALUES ('Realiso Online',0,10983,2902,NOW());

INSERT INTO isms_context (pkContext,nType,nState) VALUES (10984,2814,2702);
INSERT INTO rm_best_practice_standard (fkContext,fkStandard,fkBestPractice) VALUES (10984,10754,10477);
INSERT INTO isms_context_date (sUserName, nUserId, fkContext, nAction, ddate) VALUES ('Realiso Online',0,10984,2901,NOW());
INSERT INTO isms_context_date (sUserName, nUserId, fkContext, nAction, ddate) VALUES ('Realiso Online',0,10984,2902,NOW());

INSERT INTO isms_context (pkContext,nType,nState) VALUES (10985,2814,2702);
INSERT INTO rm_best_practice_standard (fkContext,fkStandard,fkBestPractice) VALUES (10985,10754,10478);
INSERT INTO isms_context_date (sUserName, nUserId, fkContext, nAction, ddate) VALUES ('Realiso Online',0,10985,2901,NOW());
INSERT INTO isms_context_date (sUserName, nUserId, fkContext, nAction, ddate) VALUES ('Realiso Online',0,10985,2902,NOW());

INSERT INTO isms_context (pkContext,nType,nState) VALUES (10986,2814,2702);
INSERT INTO rm_best_practice_standard (fkContext,fkStandard,fkBestPractice) VALUES (10986,10754,10480);
INSERT INTO isms_context_date (sUserName, nUserId, fkContext, nAction, ddate) VALUES ('Realiso Online',0,10986,2901,NOW());
INSERT INTO isms_context_date (sUserName, nUserId, fkContext, nAction, ddate) VALUES ('Realiso Online',0,10986,2902,NOW());

INSERT INTO isms_context (pkContext,nType,nState) VALUES (10987,2814,2702);
INSERT INTO rm_best_practice_standard (fkContext,fkStandard,fkBestPractice) VALUES (10987,10754,10481);
INSERT INTO isms_context_date (sUserName, nUserId, fkContext, nAction, ddate) VALUES ('Realiso Online',0,10987,2901,NOW());
INSERT INTO isms_context_date (sUserName, nUserId, fkContext, nAction, ddate) VALUES ('Realiso Online',0,10987,2902,NOW());

INSERT INTO isms_context (pkContext,nType,nState) VALUES (10988,2814,2702);
INSERT INTO rm_best_practice_standard (fkContext,fkStandard,fkBestPractice) VALUES (10988,10754,10482);
INSERT INTO isms_context_date (sUserName, nUserId, fkContext, nAction, ddate) VALUES ('Realiso Online',0,10988,2901,NOW());
INSERT INTO isms_context_date (sUserName, nUserId, fkContext, nAction, ddate) VALUES ('Realiso Online',0,10988,2902,NOW());

INSERT INTO isms_context (pkContext,nType,nState) VALUES (10989,2814,2702);
INSERT INTO rm_best_practice_standard (fkContext,fkStandard,fkBestPractice) VALUES (10989,10754,10483);
INSERT INTO isms_context_date (sUserName, nUserId, fkContext, nAction, ddate) VALUES ('Realiso Online',0,10989,2901,NOW());
INSERT INTO isms_context_date (sUserName, nUserId, fkContext, nAction, ddate) VALUES ('Realiso Online',0,10989,2902,NOW());

INSERT INTO isms_context (pkContext,nType,nState) VALUES (10990,2814,2702);
INSERT INTO rm_best_practice_standard (fkContext,fkStandard,fkBestPractice) VALUES (10990,10754,10484);
INSERT INTO isms_context_date (sUserName, nUserId, fkContext, nAction, ddate) VALUES ('Realiso Online',0,10990,2901,NOW());
INSERT INTO isms_context_date (sUserName, nUserId, fkContext, nAction, ddate) VALUES ('Realiso Online',0,10990,2902,NOW());

INSERT INTO isms_context (pkContext,nType,nState) VALUES (10991,2814,2702);
INSERT INTO rm_best_practice_standard (fkContext,fkStandard,fkBestPractice) VALUES (10991,10754,10486);
INSERT INTO isms_context_date (sUserName, nUserId, fkContext, nAction, ddate) VALUES ('Realiso Online',0,10991,2901,NOW());
INSERT INTO isms_context_date (sUserName, nUserId, fkContext, nAction, ddate) VALUES ('Realiso Online',0,10991,2902,NOW());

INSERT INTO isms_context (pkContext,nType,nState) VALUES (10992,2814,2702);
INSERT INTO rm_best_practice_standard (fkContext,fkStandard,fkBestPractice) VALUES (10992,10754,10487);
INSERT INTO isms_context_date (sUserName, nUserId, fkContext, nAction, ddate) VALUES ('Realiso Online',0,10992,2901,NOW());
INSERT INTO isms_context_date (sUserName, nUserId, fkContext, nAction, ddate) VALUES ('Realiso Online',0,10992,2902,NOW());

INSERT INTO isms_context (pkContext,nType,nState) VALUES (10993,2814,2702);
INSERT INTO rm_best_practice_standard (fkContext,fkStandard,fkBestPractice) VALUES (10993,10754,10488);
INSERT INTO isms_context_date (sUserName, nUserId, fkContext, nAction, ddate) VALUES ('Realiso Online',0,10993,2901,NOW());
INSERT INTO isms_context_date (sUserName, nUserId, fkContext, nAction, ddate) VALUES ('Realiso Online',0,10993,2902,NOW());

INSERT INTO isms_context (pkContext,nType,nState) VALUES (10994,2814,2702);
INSERT INTO rm_best_practice_standard (fkContext,fkStandard,fkBestPractice) VALUES (10994,10754,10489);
INSERT INTO isms_context_date (sUserName, nUserId, fkContext, nAction, ddate) VALUES ('Realiso Online',0,10994,2901,NOW());
INSERT INTO isms_context_date (sUserName, nUserId, fkContext, nAction, ddate) VALUES ('Realiso Online',0,10994,2902,NOW());

INSERT INTO isms_context (pkContext,nType,nState) VALUES (10995,2814,2702);
INSERT INTO rm_best_practice_standard (fkContext,fkStandard,fkBestPractice) VALUES (10995,10754,10490);
INSERT INTO isms_context_date (sUserName, nUserId, fkContext, nAction, ddate) VALUES ('Realiso Online',0,10995,2901,NOW());
INSERT INTO isms_context_date (sUserName, nUserId, fkContext, nAction, ddate) VALUES ('Realiso Online',0,10995,2902,NOW());

INSERT INTO isms_context (pkContext,nType,nState) VALUES (10996,2814,2702);
INSERT INTO rm_best_practice_standard (fkContext,fkStandard,fkBestPractice) VALUES (10996,10754,10491);
INSERT INTO isms_context_date (sUserName, nUserId, fkContext, nAction, ddate) VALUES ('Realiso Online',0,10996,2901,NOW());
INSERT INTO isms_context_date (sUserName, nUserId, fkContext, nAction, ddate) VALUES ('Realiso Online',0,10996,2902,NOW());

INSERT INTO isms_context (pkContext,nType,nState) VALUES (10997,2814,2702);
INSERT INTO rm_best_practice_standard (fkContext,fkStandard,fkBestPractice) VALUES (10997,10754,10492);
INSERT INTO isms_context_date (sUserName, nUserId, fkContext, nAction, ddate) VALUES ('Realiso Online',0,10997,2901,NOW());
INSERT INTO isms_context_date (sUserName, nUserId, fkContext, nAction, ddate) VALUES ('Realiso Online',0,10997,2902,NOW());

INSERT INTO isms_context (pkContext,nType,nState) VALUES (10998,2814,2702);
INSERT INTO rm_best_practice_standard (fkContext,fkStandard,fkBestPractice) VALUES (10998,10754,10493);
INSERT INTO isms_context_date (sUserName, nUserId, fkContext, nAction, ddate) VALUES ('Realiso Online',0,10998,2901,NOW());
INSERT INTO isms_context_date (sUserName, nUserId, fkContext, nAction, ddate) VALUES ('Realiso Online',0,10998,2902,NOW());

INSERT INTO isms_context (pkContext,nType,nState) VALUES (10999,2814,2702);
INSERT INTO rm_best_practice_standard (fkContext,fkStandard,fkBestPractice) VALUES (10999,10754,10494);
INSERT INTO isms_context_date (sUserName, nUserId, fkContext, nAction, ddate) VALUES ('Realiso Online',0,10999,2901,NOW());
INSERT INTO isms_context_date (sUserName, nUserId, fkContext, nAction, ddate) VALUES ('Realiso Online',0,10999,2902,NOW());

INSERT INTO isms_context (pkContext,nType,nState) VALUES (11000,2814,2702);
INSERT INTO rm_best_practice_standard (fkContext,fkStandard,fkBestPractice) VALUES (11000,10754,10582);
INSERT INTO isms_context_date (sUserName, nUserId, fkContext, nAction, ddate) VALUES ('Realiso Online',0,11000,2901,NOW());
INSERT INTO isms_context_date (sUserName, nUserId, fkContext, nAction, ddate) VALUES ('Realiso Online',0,11000,2902,NOW());

INSERT INTO isms_context (pkContext,nType,nState) VALUES (11001,2814,2702);
INSERT INTO rm_best_practice_standard (fkContext,fkStandard,fkBestPractice) VALUES (11001,10754,10583);
INSERT INTO isms_context_date (sUserName, nUserId, fkContext, nAction, ddate) VALUES ('Realiso Online',0,11001,2901,NOW());
INSERT INTO isms_context_date (sUserName, nUserId, fkContext, nAction, ddate) VALUES ('Realiso Online',0,11001,2902,NOW());

INSERT INTO isms_context (pkContext,nType,nState) VALUES (11002,2814,2702);
INSERT INTO rm_best_practice_standard (fkContext,fkStandard,fkBestPractice) VALUES (11002,10754,10584);
INSERT INTO isms_context_date (sUserName, nUserId, fkContext, nAction, ddate) VALUES ('Realiso Online',0,11002,2901,NOW());
INSERT INTO isms_context_date (sUserName, nUserId, fkContext, nAction, ddate) VALUES ('Realiso Online',0,11002,2902,NOW());

INSERT INTO isms_context (pkContext,nType,nState) VALUES (11003,2814,2702);
INSERT INTO rm_best_practice_standard (fkContext,fkStandard,fkBestPractice) VALUES (11003,10754,10585);
INSERT INTO isms_context_date (sUserName, nUserId, fkContext, nAction, ddate) VALUES ('Realiso Online',0,11003,2901,NOW());
INSERT INTO isms_context_date (sUserName, nUserId, fkContext, nAction, ddate) VALUES ('Realiso Online',0,11003,2902,NOW());

INSERT INTO isms_context (pkContext,nType,nState) VALUES (11004,2814,2702);
INSERT INTO rm_best_practice_standard (fkContext,fkStandard,fkBestPractice) VALUES (11004,10754,10586);
INSERT INTO isms_context_date (sUserName, nUserId, fkContext, nAction, ddate) VALUES ('Realiso Online',0,11004,2901,NOW());
INSERT INTO isms_context_date (sUserName, nUserId, fkContext, nAction, ddate) VALUES ('Realiso Online',0,11004,2902,NOW());

INSERT INTO isms_context (pkContext,nType,nState) VALUES (11005,2814,2702);
INSERT INTO rm_best_practice_standard (fkContext,fkStandard,fkBestPractice) VALUES (11005,10754,10587);
INSERT INTO isms_context_date (sUserName, nUserId, fkContext, nAction, ddate) VALUES ('Realiso Online',0,11005,2901,NOW());
INSERT INTO isms_context_date (sUserName, nUserId, fkContext, nAction, ddate) VALUES ('Realiso Online',0,11005,2902,NOW());

INSERT INTO isms_context (pkContext,nType,nState) VALUES (11006,2814,2702);
INSERT INTO rm_best_practice_standard (fkContext,fkStandard,fkBestPractice) VALUES (11006,10754,10589);
INSERT INTO isms_context_date (sUserName, nUserId, fkContext, nAction, ddate) VALUES ('Realiso Online',0,11006,2901,NOW());
INSERT INTO isms_context_date (sUserName, nUserId, fkContext, nAction, ddate) VALUES ('Realiso Online',0,11006,2902,NOW());

INSERT INTO isms_context (pkContext,nType,nState) VALUES (11007,2814,2702);
INSERT INTO rm_best_practice_standard (fkContext,fkStandard,fkBestPractice) VALUES (11007,10754,10590);
INSERT INTO isms_context_date (sUserName, nUserId, fkContext, nAction, ddate) VALUES ('Realiso Online',0,11007,2901,NOW());
INSERT INTO isms_context_date (sUserName, nUserId, fkContext, nAction, ddate) VALUES ('Realiso Online',0,11007,2902,NOW());

INSERT INTO isms_context (pkContext,nType,nState) VALUES (11008,2814,2702);
INSERT INTO rm_best_practice_standard (fkContext,fkStandard,fkBestPractice) VALUES (11008,10754,10592);
INSERT INTO isms_context_date (sUserName, nUserId, fkContext, nAction, ddate) VALUES ('Realiso Online',0,11008,2901,NOW());
INSERT INTO isms_context_date (sUserName, nUserId, fkContext, nAction, ddate) VALUES ('Realiso Online',0,11008,2902,NOW());

INSERT INTO isms_context (pkContext,nType,nState) VALUES (11009,2814,2702);
INSERT INTO rm_best_practice_standard (fkContext,fkStandard,fkBestPractice) VALUES (11009,10754,10591);
INSERT INTO isms_context_date (sUserName, nUserId, fkContext, nAction, ddate) VALUES ('Realiso Online',0,11009,2901,NOW());
INSERT INTO isms_context_date (sUserName, nUserId, fkContext, nAction, ddate) VALUES ('Realiso Online',0,11009,2902,NOW());

INSERT INTO isms_context (pkContext,nType,nState) VALUES (11010,2814,2702);
INSERT INTO rm_best_practice_standard (fkContext,fkStandard,fkBestPractice) VALUES (11010,10754,10593);
INSERT INTO isms_context_date (sUserName, nUserId, fkContext, nAction, ddate) VALUES ('Realiso Online',0,11010,2901,NOW());
INSERT INTO isms_context_date (sUserName, nUserId, fkContext, nAction, ddate) VALUES ('Realiso Online',0,11010,2902,NOW());

INSERT INTO isms_context (pkContext,nType,nState) VALUES (11011,2814,2702);
INSERT INTO rm_best_practice_standard (fkContext,fkStandard,fkBestPractice) VALUES (11011,10754,10594);
INSERT INTO isms_context_date (sUserName, nUserId, fkContext, nAction, ddate) VALUES ('Realiso Online',0,11011,2901,NOW());
INSERT INTO isms_context_date (sUserName, nUserId, fkContext, nAction, ddate) VALUES ('Realiso Online',0,11011,2902,NOW());

INSERT INTO isms_context (pkContext,nType,nState) VALUES (11012,2814,2702);
INSERT INTO rm_best_practice_standard (fkContext,fkStandard,fkBestPractice) VALUES (11012,10754,10595);
INSERT INTO isms_context_date (sUserName, nUserId, fkContext, nAction, ddate) VALUES ('Realiso Online',0,11012,2901,NOW());
INSERT INTO isms_context_date (sUserName, nUserId, fkContext, nAction, ddate) VALUES ('Realiso Online',0,11012,2902,NOW());

INSERT INTO isms_context (pkContext,nType,nState) VALUES (11013,2814,2702);
INSERT INTO rm_best_practice_standard (fkContext,fkStandard,fkBestPractice) VALUES (11013,10754,10597);
INSERT INTO isms_context_date (sUserName, nUserId, fkContext, nAction, ddate) VALUES ('Realiso Online',0,11013,2901,NOW());
INSERT INTO isms_context_date (sUserName, nUserId, fkContext, nAction, ddate) VALUES ('Realiso Online',0,11013,2902,NOW());

INSERT INTO isms_context (pkContext,nType,nState) VALUES (11014,2814,2702);
INSERT INTO rm_best_practice_standard (fkContext,fkStandard,fkBestPractice) VALUES (11014,10754,10598);
INSERT INTO isms_context_date (sUserName, nUserId, fkContext, nAction, ddate) VALUES ('Realiso Online',0,11014,2901,NOW());
INSERT INTO isms_context_date (sUserName, nUserId, fkContext, nAction, ddate) VALUES ('Realiso Online',0,11014,2902,NOW());

INSERT INTO isms_context (pkContext,nType,nState) VALUES (11015,2814,2702);
INSERT INTO rm_best_practice_standard (fkContext,fkStandard,fkBestPractice) VALUES (11015,10754,10599);
INSERT INTO isms_context_date (sUserName, nUserId, fkContext, nAction, ddate) VALUES ('Realiso Online',0,11015,2901,NOW());
INSERT INTO isms_context_date (sUserName, nUserId, fkContext, nAction, ddate) VALUES ('Realiso Online',0,11015,2902,NOW());

INSERT INTO isms_context (pkContext,nType,nState) VALUES (11016,2814,2702);
INSERT INTO rm_best_practice_standard (fkContext,fkStandard,fkBestPractice) VALUES (11016,10754,10600);
INSERT INTO isms_context_date (sUserName, nUserId, fkContext, nAction, ddate) VALUES ('Realiso Online',0,11016,2901,NOW());
INSERT INTO isms_context_date (sUserName, nUserId, fkContext, nAction, ddate) VALUES ('Realiso Online',0,11016,2902,NOW());

INSERT INTO isms_context (pkContext,nType,nState) VALUES (11017,2814,2702);
INSERT INTO rm_best_practice_standard (fkContext,fkStandard,fkBestPractice) VALUES (11017,10754,10601);
INSERT INTO isms_context_date (sUserName, nUserId, fkContext, nAction, ddate) VALUES ('Realiso Online',0,11017,2901,NOW());
INSERT INTO isms_context_date (sUserName, nUserId, fkContext, nAction, ddate) VALUES ('Realiso Online',0,11017,2902,NOW());

INSERT INTO isms_context (pkContext,nType,nState) VALUES (11018,2814,2702);
INSERT INTO rm_best_practice_standard (fkContext,fkStandard,fkBestPractice) VALUES (11018,10754,10603);
INSERT INTO isms_context_date (sUserName, nUserId, fkContext, nAction, ddate) VALUES ('Realiso Online',0,11018,2901,NOW());
INSERT INTO isms_context_date (sUserName, nUserId, fkContext, nAction, ddate) VALUES ('Realiso Online',0,11018,2902,NOW());

INSERT INTO isms_context (pkContext,nType,nState) VALUES (11019,2814,2702);
INSERT INTO rm_best_practice_standard (fkContext,fkStandard,fkBestPractice) VALUES (11019,10754,10604);
INSERT INTO isms_context_date (sUserName, nUserId, fkContext, nAction, ddate) VALUES ('Realiso Online',0,11019,2901,NOW());
INSERT INTO isms_context_date (sUserName, nUserId, fkContext, nAction, ddate) VALUES ('Realiso Online',0,11019,2902,NOW());

INSERT INTO isms_context (pkContext,nType,nState) VALUES (11020,2814,2702);
INSERT INTO rm_best_practice_standard (fkContext,fkStandard,fkBestPractice) VALUES (11020,10754,10605);
INSERT INTO isms_context_date (sUserName, nUserId, fkContext, nAction, ddate) VALUES ('Realiso Online',0,11020,2901,NOW());
INSERT INTO isms_context_date (sUserName, nUserId, fkContext, nAction, ddate) VALUES ('Realiso Online',0,11020,2902,NOW());

INSERT INTO isms_context (pkContext,nType,nState) VALUES (11021,2814,2702);
INSERT INTO rm_best_practice_standard (fkContext,fkStandard,fkBestPractice) VALUES (11021,10754,10606);
INSERT INTO isms_context_date (sUserName, nUserId, fkContext, nAction, ddate) VALUES ('Realiso Online',0,11021,2901,NOW());
INSERT INTO isms_context_date (sUserName, nUserId, fkContext, nAction, ddate) VALUES ('Realiso Online',0,11021,2902,NOW());

INSERT INTO isms_context (pkContext,nType,nState) VALUES (11022,2814,2702);
INSERT INTO rm_best_practice_standard (fkContext,fkStandard,fkBestPractice) VALUES (11022,10754,10607);
INSERT INTO isms_context_date (sUserName, nUserId, fkContext, nAction, ddate) VALUES ('Realiso Online',0,11022,2901,NOW());
INSERT INTO isms_context_date (sUserName, nUserId, fkContext, nAction, ddate) VALUES ('Realiso Online',0,11022,2902,NOW());

INSERT INTO isms_context (pkContext,nType,nState) VALUES (11023,2814,2702);
INSERT INTO rm_best_practice_standard (fkContext,fkStandard,fkBestPractice) VALUES (11023,10754,10608);
INSERT INTO isms_context_date (sUserName, nUserId, fkContext, nAction, ddate) VALUES ('Realiso Online',0,11023,2901,NOW());
INSERT INTO isms_context_date (sUserName, nUserId, fkContext, nAction, ddate) VALUES ('Realiso Online',0,11023,2902,NOW());

INSERT INTO isms_context (pkContext,nType,nState) VALUES (11024,2814,2702);
INSERT INTO rm_best_practice_standard (fkContext,fkStandard,fkBestPractice) VALUES (11024,10754,10609);
INSERT INTO isms_context_date (sUserName, nUserId, fkContext, nAction, ddate) VALUES ('Realiso Online',0,11024,2901,NOW());
INSERT INTO isms_context_date (sUserName, nUserId, fkContext, nAction, ddate) VALUES ('Realiso Online',0,11024,2902,NOW());

INSERT INTO isms_context (pkContext,nType,nState) VALUES (11025,2814,2702);
INSERT INTO rm_best_practice_standard (fkContext,fkStandard,fkBestPractice) VALUES (11025,10754,10442);
INSERT INTO isms_context_date (sUserName, nUserId, fkContext, nAction, ddate) VALUES ('Realiso Online',0,11025,2901,NOW());
INSERT INTO isms_context_date (sUserName, nUserId, fkContext, nAction, ddate) VALUES ('Realiso Online',0,11025,2902,NOW());

INSERT INTO isms_context (pkContext,nType,nState) VALUES (11026,2814,2702);
INSERT INTO rm_best_practice_standard (fkContext,fkStandard,fkBestPractice) VALUES (11026,10754,10443);
INSERT INTO isms_context_date (sUserName, nUserId, fkContext, nAction, ddate) VALUES ('Realiso Online',0,11026,2901,NOW());
INSERT INTO isms_context_date (sUserName, nUserId, fkContext, nAction, ddate) VALUES ('Realiso Online',0,11026,2902,NOW());

INSERT INTO isms_context (pkContext,nType,nState) VALUES (11027,2814,2702);
INSERT INTO rm_best_practice_standard (fkContext,fkStandard,fkBestPractice) VALUES (11027,10754,10444);
INSERT INTO isms_context_date (sUserName, nUserId, fkContext, nAction, ddate) VALUES ('Realiso Online',0,11027,2901,NOW());
INSERT INTO isms_context_date (sUserName, nUserId, fkContext, nAction, ddate) VALUES ('Realiso Online',0,11027,2902,NOW());

INSERT INTO isms_context (pkContext,nType,nState) VALUES (11028,2814,2702);
INSERT INTO rm_best_practice_standard (fkContext,fkStandard,fkBestPractice) VALUES (11028,10754,10445);
INSERT INTO isms_context_date (sUserName, nUserId, fkContext, nAction, ddate) VALUES ('Realiso Online',0,11028,2901,NOW());
INSERT INTO isms_context_date (sUserName, nUserId, fkContext, nAction, ddate) VALUES ('Realiso Online',0,11028,2902,NOW());

INSERT INTO isms_context (pkContext,nType,nState) VALUES (11029,2814,2702);
INSERT INTO rm_best_practice_standard (fkContext,fkStandard,fkBestPractice) VALUES (11029,10754,10446);
INSERT INTO isms_context_date (sUserName, nUserId, fkContext, nAction, ddate) VALUES ('Realiso Online',0,11029,2901,NOW());
INSERT INTO isms_context_date (sUserName, nUserId, fkContext, nAction, ddate) VALUES ('Realiso Online',0,11029,2902,NOW());

INSERT INTO isms_context (pkContext,nType,nState) VALUES (11030,2814,2702);
INSERT INTO rm_best_practice_standard (fkContext,fkStandard,fkBestPractice) VALUES (11030,10754,10433);
INSERT INTO isms_context_date (sUserName, nUserId, fkContext, nAction, ddate) VALUES ('Realiso Online',0,11030,2901,NOW());
INSERT INTO isms_context_date (sUserName, nUserId, fkContext, nAction, ddate) VALUES ('Realiso Online',0,11030,2902,NOW());

INSERT INTO isms_context (pkContext,nType,nState) VALUES (11031,2814,2702);
INSERT INTO rm_best_practice_standard (fkContext,fkStandard,fkBestPractice) VALUES (11031,10754,10434);
INSERT INTO isms_context_date (sUserName, nUserId, fkContext, nAction, ddate) VALUES ('Realiso Online',0,11031,2901,NOW());
INSERT INTO isms_context_date (sUserName, nUserId, fkContext, nAction, ddate) VALUES ('Realiso Online',0,11031,2902,NOW());

INSERT INTO isms_context (pkContext,nType,nState) VALUES (11032,2814,2702);
INSERT INTO rm_best_practice_standard (fkContext,fkStandard,fkBestPractice) VALUES (11032,10754,10435);
INSERT INTO isms_context_date (sUserName, nUserId, fkContext, nAction, ddate) VALUES ('Realiso Online',0,11032,2901,NOW());
INSERT INTO isms_context_date (sUserName, nUserId, fkContext, nAction, ddate) VALUES ('Realiso Online',0,11032,2902,NOW());

INSERT INTO isms_context (pkContext,nType,nState) VALUES (11033,2814,2702);
INSERT INTO rm_best_practice_standard (fkContext,fkStandard,fkBestPractice) VALUES (11033,10754,10436);
INSERT INTO isms_context_date (sUserName, nUserId, fkContext, nAction, ddate) VALUES ('Realiso Online',0,11033,2901,NOW());
INSERT INTO isms_context_date (sUserName, nUserId, fkContext, nAction, ddate) VALUES ('Realiso Online',0,11033,2902,NOW());

INSERT INTO isms_context (pkContext,nType,nState) VALUES (11034,2814,2702);
INSERT INTO rm_best_practice_standard (fkContext,fkStandard,fkBestPractice) VALUES (11034,10754,10437);
INSERT INTO isms_context_date (sUserName, nUserId, fkContext, nAction, ddate) VALUES ('Realiso Online',0,11034,2901,NOW());
INSERT INTO isms_context_date (sUserName, nUserId, fkContext, nAction, ddate) VALUES ('Realiso Online',0,11034,2902,NOW());

INSERT INTO isms_context (pkContext,nType,nState) VALUES (11035,2814,2702);
INSERT INTO rm_best_practice_standard (fkContext,fkStandard,fkBestPractice) VALUES (11035,10754,10438);
INSERT INTO isms_context_date (sUserName, nUserId, fkContext, nAction, ddate) VALUES ('Realiso Online',0,11035,2901,NOW());
INSERT INTO isms_context_date (sUserName, nUserId, fkContext, nAction, ddate) VALUES ('Realiso Online',0,11035,2902,NOW());

INSERT INTO isms_context (pkContext,nType,nState) VALUES (11036,2814,2702);
INSERT INTO rm_best_practice_standard (fkContext,fkStandard,fkBestPractice) VALUES (11036,10754,10439);
INSERT INTO isms_context_date (sUserName, nUserId, fkContext, nAction, ddate) VALUES ('Realiso Online',0,11036,2901,NOW());
INSERT INTO isms_context_date (sUserName, nUserId, fkContext, nAction, ddate) VALUES ('Realiso Online',0,11036,2902,NOW());

INSERT INTO isms_context (pkContext,nType,nState) VALUES (11037,2814,2702);
INSERT INTO rm_best_practice_standard (fkContext,fkStandard,fkBestPractice) VALUES (11037,10754,10440);
INSERT INTO isms_context_date (sUserName, nUserId, fkContext, nAction, ddate) VALUES ('Realiso Online',0,11037,2901,NOW());
INSERT INTO isms_context_date (sUserName, nUserId, fkContext, nAction, ddate) VALUES ('Realiso Online',0,11037,2902,NOW());

INSERT INTO isms_context (pkContext,nType,nState) VALUES (11038,2814,2702);
INSERT INTO rm_best_practice_standard (fkContext,fkStandard,fkBestPractice) VALUES (11038,10754,10441);
INSERT INTO isms_context_date (sUserName, nUserId, fkContext, nAction, ddate) VALUES ('Realiso Online',0,11038,2901,NOW());
INSERT INTO isms_context_date (sUserName, nUserId, fkContext, nAction, ddate) VALUES ('Realiso Online',0,11038,2902,NOW());

INSERT INTO isms_context (pkContext,nType,nState) VALUES (11039,2814,2702);
INSERT INTO rm_best_practice_standard (fkContext,fkStandard,fkBestPractice) VALUES (11039,10754,10364);
INSERT INTO isms_context_date (sUserName, nUserId, fkContext, nAction, ddate) VALUES ('Realiso Online',0,11039,2901,NOW());
INSERT INTO isms_context_date (sUserName, nUserId, fkContext, nAction, ddate) VALUES ('Realiso Online',0,11039,2902,NOW());

INSERT INTO isms_context (pkContext,nType,nState) VALUES (11040,2814,2702);
INSERT INTO rm_best_practice_standard (fkContext,fkStandard,fkBestPractice) VALUES (11040,10754,10365);
INSERT INTO isms_context_date (sUserName, nUserId, fkContext, nAction, ddate) VALUES ('Realiso Online',0,11040,2901,NOW());
INSERT INTO isms_context_date (sUserName, nUserId, fkContext, nAction, ddate) VALUES ('Realiso Online',0,11040,2902,NOW());

INSERT INTO isms_context (pkContext,nType,nState) VALUES (11041,2814,2702);
INSERT INTO rm_best_practice_standard (fkContext,fkStandard,fkBestPractice) VALUES (11041,10754,10366);
INSERT INTO isms_context_date (sUserName, nUserId, fkContext, nAction, ddate) VALUES ('Realiso Online',0,11041,2901,NOW());
INSERT INTO isms_context_date (sUserName, nUserId, fkContext, nAction, ddate) VALUES ('Realiso Online',0,11041,2902,NOW());

INSERT INTO isms_context (pkContext,nType,nState) VALUES (11042,2814,2702);
INSERT INTO rm_best_practice_standard (fkContext,fkStandard,fkBestPractice) VALUES (11042,10754,10367);
INSERT INTO isms_context_date (sUserName, nUserId, fkContext, nAction, ddate) VALUES ('Realiso Online',0,11042,2901,NOW());
INSERT INTO isms_context_date (sUserName, nUserId, fkContext, nAction, ddate) VALUES ('Realiso Online',0,11042,2902,NOW());

INSERT INTO isms_context (pkContext,nType,nState) VALUES (11043,2814,2702);
INSERT INTO rm_best_practice_standard (fkContext,fkStandard,fkBestPractice) VALUES (11043,10754,10368);
INSERT INTO isms_context_date (sUserName, nUserId, fkContext, nAction, ddate) VALUES ('Realiso Online',0,11043,2901,NOW());
INSERT INTO isms_context_date (sUserName, nUserId, fkContext, nAction, ddate) VALUES ('Realiso Online',0,11043,2902,NOW());

INSERT INTO isms_context (pkContext,nType,nState) VALUES (11044,2814,2702);
INSERT INTO rm_best_practice_standard (fkContext,fkStandard,fkBestPractice) VALUES (11044,10754,10369);
INSERT INTO isms_context_date (sUserName, nUserId, fkContext, nAction, ddate) VALUES ('Realiso Online',0,11044,2901,NOW());
INSERT INTO isms_context_date (sUserName, nUserId, fkContext, nAction, ddate) VALUES ('Realiso Online',0,11044,2902,NOW());

INSERT INTO isms_context (pkContext,nType,nState) VALUES (11045,2814,2702);
INSERT INTO rm_best_practice_standard (fkContext,fkStandard,fkBestPractice) VALUES (11045,10754,10371);
INSERT INTO isms_context_date (sUserName, nUserId, fkContext, nAction, ddate) VALUES ('Realiso Online',0,11045,2901,NOW());
INSERT INTO isms_context_date (sUserName, nUserId, fkContext, nAction, ddate) VALUES ('Realiso Online',0,11045,2902,NOW());

INSERT INTO isms_context (pkContext,nType,nState) VALUES (11046,2814,2702);
INSERT INTO rm_best_practice_standard (fkContext,fkStandard,fkBestPractice) VALUES (11046,10754,10372);
INSERT INTO isms_context_date (sUserName, nUserId, fkContext, nAction, ddate) VALUES ('Realiso Online',0,11046,2901,NOW());
INSERT INTO isms_context_date (sUserName, nUserId, fkContext, nAction, ddate) VALUES ('Realiso Online',0,11046,2902,NOW());

INSERT INTO isms_context (pkContext,nType,nState) VALUES (11047,2814,2702);
INSERT INTO rm_best_practice_standard (fkContext,fkStandard,fkBestPractice) VALUES (11047,10754,10373);
INSERT INTO isms_context_date (sUserName, nUserId, fkContext, nAction, ddate) VALUES ('Realiso Online',0,11047,2901,NOW());
INSERT INTO isms_context_date (sUserName, nUserId, fkContext, nAction, ddate) VALUES ('Realiso Online',0,11047,2902,NOW());

INSERT INTO isms_context (pkContext,nType,nState) VALUES (11048,2814,2702);
INSERT INTO rm_best_practice_standard (fkContext,fkStandard,fkBestPractice) VALUES (11048,10754,10374);
INSERT INTO isms_context_date (sUserName, nUserId, fkContext, nAction, ddate) VALUES ('Realiso Online',0,11048,2901,NOW());
INSERT INTO isms_context_date (sUserName, nUserId, fkContext, nAction, ddate) VALUES ('Realiso Online',0,11048,2902,NOW());

INSERT INTO isms_context (pkContext,nType,nState) VALUES (11049,2814,2702);
INSERT INTO rm_best_practice_standard (fkContext,fkStandard,fkBestPractice) VALUES (11049,10754,10376);
INSERT INTO isms_context_date (sUserName, nUserId, fkContext, nAction, ddate) VALUES ('Realiso Online',0,11049,2901,NOW());
INSERT INTO isms_context_date (sUserName, nUserId, fkContext, nAction, ddate) VALUES ('Realiso Online',0,11049,2902,NOW());

INSERT INTO isms_context (pkContext,nType,nState) VALUES (11050,2814,2702);
INSERT INTO rm_best_practice_standard (fkContext,fkStandard,fkBestPractice) VALUES (11050,10754,10377);
INSERT INTO isms_context_date (sUserName, nUserId, fkContext, nAction, ddate) VALUES ('Realiso Online',0,11050,2901,NOW());
INSERT INTO isms_context_date (sUserName, nUserId, fkContext, nAction, ddate) VALUES ('Realiso Online',0,11050,2902,NOW());

INSERT INTO isms_context (pkContext,nType,nState) VALUES (11051,2814,2702);
INSERT INTO rm_best_practice_standard (fkContext,fkStandard,fkBestPractice) VALUES (11051,10754,10378);
INSERT INTO isms_context_date (sUserName, nUserId, fkContext, nAction, ddate) VALUES ('Realiso Online',0,11051,2901,NOW());
INSERT INTO isms_context_date (sUserName, nUserId, fkContext, nAction, ddate) VALUES ('Realiso Online',0,11051,2902,NOW());

INSERT INTO isms_context (pkContext,nType,nState) VALUES (11052,2814,2702);
INSERT INTO rm_best_practice_standard (fkContext,fkStandard,fkBestPractice) VALUES (11052,10754,10379);
INSERT INTO isms_context_date (sUserName, nUserId, fkContext, nAction, ddate) VALUES ('Realiso Online',0,11052,2901,NOW());
INSERT INTO isms_context_date (sUserName, nUserId, fkContext, nAction, ddate) VALUES ('Realiso Online',0,11052,2902,NOW());

INSERT INTO isms_context (pkContext,nType,nState) VALUES (11053,2814,2702);
INSERT INTO rm_best_practice_standard (fkContext,fkStandard,fkBestPractice) VALUES (11053,10754,10380);
INSERT INTO isms_context_date (sUserName, nUserId, fkContext, nAction, ddate) VALUES ('Realiso Online',0,11053,2901,NOW());
INSERT INTO isms_context_date (sUserName, nUserId, fkContext, nAction, ddate) VALUES ('Realiso Online',0,11053,2902,NOW());

INSERT INTO isms_context (pkContext,nType,nState) VALUES (11054,2814,2702);
INSERT INTO rm_best_practice_standard (fkContext,fkStandard,fkBestPractice) VALUES (11054,10754,10391);
INSERT INTO isms_context_date (sUserName, nUserId, fkContext, nAction, ddate) VALUES ('Realiso Online',0,11054,2901,NOW());
INSERT INTO isms_context_date (sUserName, nUserId, fkContext, nAction, ddate) VALUES ('Realiso Online',0,11054,2902,NOW());

INSERT INTO isms_context (pkContext,nType,nState) VALUES (11055,2814,2702);
INSERT INTO rm_best_practice_standard (fkContext,fkStandard,fkBestPractice) VALUES (11055,10754,10392);
INSERT INTO isms_context_date (sUserName, nUserId, fkContext, nAction, ddate) VALUES ('Realiso Online',0,11055,2901,NOW());
INSERT INTO isms_context_date (sUserName, nUserId, fkContext, nAction, ddate) VALUES ('Realiso Online',0,11055,2902,NOW());

INSERT INTO isms_context (pkContext,nType,nState) VALUES (11056,2814,2702);
INSERT INTO rm_best_practice_standard (fkContext,fkStandard,fkBestPractice) VALUES (11056,10754,10393);
INSERT INTO isms_context_date (sUserName, nUserId, fkContext, nAction, ddate) VALUES ('Realiso Online',0,11056,2901,NOW());
INSERT INTO isms_context_date (sUserName, nUserId, fkContext, nAction, ddate) VALUES ('Realiso Online',0,11056,2902,NOW());

INSERT INTO isms_context (pkContext,nType,nState) VALUES (11057,2814,2702);
INSERT INTO rm_best_practice_standard (fkContext,fkStandard,fkBestPractice) VALUES (11057,10754,10394);
INSERT INTO isms_context_date (sUserName, nUserId, fkContext, nAction, ddate) VALUES ('Realiso Online',0,11057,2901,NOW());
INSERT INTO isms_context_date (sUserName, nUserId, fkContext, nAction, ddate) VALUES ('Realiso Online',0,11057,2902,NOW());

INSERT INTO isms_context (pkContext,nType,nState) VALUES (11058,2814,2702);
INSERT INTO rm_best_practice_standard (fkContext,fkStandard,fkBestPractice) VALUES (11058,10754,10395);
INSERT INTO isms_context_date (sUserName, nUserId, fkContext, nAction, ddate) VALUES ('Realiso Online',0,11058,2901,NOW());
INSERT INTO isms_context_date (sUserName, nUserId, fkContext, nAction, ddate) VALUES ('Realiso Online',0,11058,2902,NOW());

INSERT INTO isms_context (pkContext,nType,nState) VALUES (11059,2814,2702);
INSERT INTO rm_best_practice_standard (fkContext,fkStandard,fkBestPractice) VALUES (11059,10754,10396);
INSERT INTO isms_context_date (sUserName, nUserId, fkContext, nAction, ddate) VALUES ('Realiso Online',0,11059,2901,NOW());
INSERT INTO isms_context_date (sUserName, nUserId, fkContext, nAction, ddate) VALUES ('Realiso Online',0,11059,2902,NOW());

INSERT INTO isms_context (pkContext,nType,nState) VALUES (11060,2814,2702);
INSERT INTO rm_best_practice_standard (fkContext,fkStandard,fkBestPractice) VALUES (11060,10754,10382);
INSERT INTO isms_context_date (sUserName, nUserId, fkContext, nAction, ddate) VALUES ('Realiso Online',0,11060,2901,NOW());
INSERT INTO isms_context_date (sUserName, nUserId, fkContext, nAction, ddate) VALUES ('Realiso Online',0,11060,2902,NOW());

INSERT INTO isms_context (pkContext,nType,nState) VALUES (11061,2814,2702);
INSERT INTO rm_best_practice_standard (fkContext,fkStandard,fkBestPractice) VALUES (11061,10754,10383);
INSERT INTO isms_context_date (sUserName, nUserId, fkContext, nAction, ddate) VALUES ('Realiso Online',0,11061,2901,NOW());
INSERT INTO isms_context_date (sUserName, nUserId, fkContext, nAction, ddate) VALUES ('Realiso Online',0,11061,2902,NOW());

INSERT INTO isms_context (pkContext,nType,nState) VALUES (11062,2814,2702);
INSERT INTO rm_best_practice_standard (fkContext,fkStandard,fkBestPractice) VALUES (11062,10754,10384);
INSERT INTO isms_context_date (sUserName, nUserId, fkContext, nAction, ddate) VALUES ('Realiso Online',0,11062,2901,NOW());
INSERT INTO isms_context_date (sUserName, nUserId, fkContext, nAction, ddate) VALUES ('Realiso Online',0,11062,2902,NOW());

INSERT INTO isms_context (pkContext,nType,nState) VALUES (11063,2814,2702);
INSERT INTO rm_best_practice_standard (fkContext,fkStandard,fkBestPractice) VALUES (11063,10754,10385);
INSERT INTO isms_context_date (sUserName, nUserId, fkContext, nAction, ddate) VALUES ('Realiso Online',0,11063,2901,NOW());
INSERT INTO isms_context_date (sUserName, nUserId, fkContext, nAction, ddate) VALUES ('Realiso Online',0,11063,2902,NOW());

INSERT INTO isms_context (pkContext,nType,nState) VALUES (11064,2814,2702);
INSERT INTO rm_best_practice_standard (fkContext,fkStandard,fkBestPractice) VALUES (11064,10754,10386);
INSERT INTO isms_context_date (sUserName, nUserId, fkContext, nAction, ddate) VALUES ('Realiso Online',0,11064,2901,NOW());
INSERT INTO isms_context_date (sUserName, nUserId, fkContext, nAction, ddate) VALUES ('Realiso Online',0,11064,2902,NOW());

INSERT INTO isms_context (pkContext,nType,nState) VALUES (11065,2814,2702);
INSERT INTO rm_best_practice_standard (fkContext,fkStandard,fkBestPractice) VALUES (11065,10754,10387);
INSERT INTO isms_context_date (sUserName, nUserId, fkContext, nAction, ddate) VALUES ('Realiso Online',0,11065,2901,NOW());
INSERT INTO isms_context_date (sUserName, nUserId, fkContext, nAction, ddate) VALUES ('Realiso Online',0,11065,2902,NOW());

INSERT INTO isms_context (pkContext,nType,nState) VALUES (11066,2814,2702);
INSERT INTO rm_best_practice_standard (fkContext,fkStandard,fkBestPractice) VALUES (11066,10754,10388);
INSERT INTO isms_context_date (sUserName, nUserId, fkContext, nAction, ddate) VALUES ('Realiso Online',0,11066,2901,NOW());
INSERT INTO isms_context_date (sUserName, nUserId, fkContext, nAction, ddate) VALUES ('Realiso Online',0,11066,2902,NOW());

INSERT INTO isms_context (pkContext,nType,nState) VALUES (11067,2814,2702);
INSERT INTO rm_best_practice_standard (fkContext,fkStandard,fkBestPractice) VALUES (11067,10754,10389);
INSERT INTO isms_context_date (sUserName, nUserId, fkContext, nAction, ddate) VALUES ('Realiso Online',0,11067,2901,NOW());
INSERT INTO isms_context_date (sUserName, nUserId, fkContext, nAction, ddate) VALUES ('Realiso Online',0,11067,2902,NOW());

INSERT INTO isms_context (pkContext,nType,nState) VALUES (11068,2814,2702);
INSERT INTO rm_best_practice_standard (fkContext,fkStandard,fkBestPractice) VALUES (11068,10754,10390);
INSERT INTO isms_context_date (sUserName, nUserId, fkContext, nAction, ddate) VALUES ('Realiso Online',0,11068,2901,NOW());
INSERT INTO isms_context_date (sUserName, nUserId, fkContext, nAction, ddate) VALUES ('Realiso Online',0,11068,2902,NOW());

INSERT INTO isms_context (pkContext,nType,nState) VALUES (11069,2814,2702);
INSERT INTO rm_best_practice_standard (fkContext,fkStandard,fkBestPractice) VALUES (11069,10754,10398);
INSERT INTO isms_context_date (sUserName, nUserId, fkContext, nAction, ddate) VALUES ('Realiso Online',0,11069,2901,NOW());
INSERT INTO isms_context_date (sUserName, nUserId, fkContext, nAction, ddate) VALUES ('Realiso Online',0,11069,2902,NOW());

INSERT INTO isms_context (pkContext,nType,nState) VALUES (11070,2814,2702);
INSERT INTO rm_best_practice_standard (fkContext,fkStandard,fkBestPractice) VALUES (11070,10754,10399);
INSERT INTO isms_context_date (sUserName, nUserId, fkContext, nAction, ddate) VALUES ('Realiso Online',0,11070,2901,NOW());
INSERT INTO isms_context_date (sUserName, nUserId, fkContext, nAction, ddate) VALUES ('Realiso Online',0,11070,2902,NOW());

INSERT INTO isms_context (pkContext,nType,nState) VALUES (11071,2814,2702);
INSERT INTO rm_best_practice_standard (fkContext,fkStandard,fkBestPractice) VALUES (11071,10754,10400);
INSERT INTO isms_context_date (sUserName, nUserId, fkContext, nAction, ddate) VALUES ('Realiso Online',0,11071,2901,NOW());
INSERT INTO isms_context_date (sUserName, nUserId, fkContext, nAction, ddate) VALUES ('Realiso Online',0,11071,2902,NOW());

INSERT INTO isms_context (pkContext,nType,nState) VALUES (11072,2814,2702);
INSERT INTO rm_best_practice_standard (fkContext,fkStandard,fkBestPractice) VALUES (11072,10754,10401);
INSERT INTO isms_context_date (sUserName, nUserId, fkContext, nAction, ddate) VALUES ('Realiso Online',0,11072,2901,NOW());
INSERT INTO isms_context_date (sUserName, nUserId, fkContext, nAction, ddate) VALUES ('Realiso Online',0,11072,2902,NOW());

INSERT INTO isms_context (pkContext,nType,nState) VALUES (11073,2814,2702);
INSERT INTO rm_best_practice_standard (fkContext,fkStandard,fkBestPractice) VALUES (11073,10754,10402);
INSERT INTO isms_context_date (sUserName, nUserId, fkContext, nAction, ddate) VALUES ('Realiso Online',0,11073,2901,NOW());
INSERT INTO isms_context_date (sUserName, nUserId, fkContext, nAction, ddate) VALUES ('Realiso Online',0,11073,2902,NOW());

INSERT INTO isms_context (pkContext,nType,nState) VALUES (11074,2814,2702);
INSERT INTO rm_best_practice_standard (fkContext,fkStandard,fkBestPractice) VALUES (11074,10754,10404);
INSERT INTO isms_context_date (sUserName, nUserId, fkContext, nAction, ddate) VALUES ('Realiso Online',0,11074,2901,NOW());
INSERT INTO isms_context_date (sUserName, nUserId, fkContext, nAction, ddate) VALUES ('Realiso Online',0,11074,2902,NOW());

INSERT INTO isms_context (pkContext,nType,nState) VALUES (11075,2814,2702);
INSERT INTO rm_best_practice_standard (fkContext,fkStandard,fkBestPractice) VALUES (11075,10754,10405);
INSERT INTO isms_context_date (sUserName, nUserId, fkContext, nAction, ddate) VALUES ('Realiso Online',0,11075,2901,NOW());
INSERT INTO isms_context_date (sUserName, nUserId, fkContext, nAction, ddate) VALUES ('Realiso Online',0,11075,2902,NOW());

INSERT INTO isms_context (pkContext,nType,nState) VALUES (11076,2814,2702);
INSERT INTO rm_best_practice_standard (fkContext,fkStandard,fkBestPractice) VALUES (11076,10754,10406);
INSERT INTO isms_context_date (sUserName, nUserId, fkContext, nAction, ddate) VALUES ('Realiso Online',0,11076,2901,NOW());
INSERT INTO isms_context_date (sUserName, nUserId, fkContext, nAction, ddate) VALUES ('Realiso Online',0,11076,2902,NOW());

INSERT INTO isms_context (pkContext,nType,nState) VALUES (11077,2814,2702);
INSERT INTO rm_best_practice_standard (fkContext,fkStandard,fkBestPractice) VALUES (11077,10754,10407);
INSERT INTO isms_context_date (sUserName, nUserId, fkContext, nAction, ddate) VALUES ('Realiso Online',0,11077,2901,NOW());
INSERT INTO isms_context_date (sUserName, nUserId, fkContext, nAction, ddate) VALUES ('Realiso Online',0,11077,2902,NOW());

INSERT INTO isms_context (pkContext,nType,nState) VALUES (11078,2814,2702);
INSERT INTO rm_best_practice_standard (fkContext,fkStandard,fkBestPractice) VALUES (11078,10754,10408);
INSERT INTO isms_context_date (sUserName, nUserId, fkContext, nAction, ddate) VALUES ('Realiso Online',0,11078,2901,NOW());
INSERT INTO isms_context_date (sUserName, nUserId, fkContext, nAction, ddate) VALUES ('Realiso Online',0,11078,2902,NOW());

INSERT INTO isms_context (pkContext,nType,nState) VALUES (11079,2814,2702);
INSERT INTO rm_best_practice_standard (fkContext,fkStandard,fkBestPractice) VALUES (11079,10754,10410);
INSERT INTO isms_context_date (sUserName, nUserId, fkContext, nAction, ddate) VALUES ('Realiso Online',0,11079,2901,NOW());
INSERT INTO isms_context_date (sUserName, nUserId, fkContext, nAction, ddate) VALUES ('Realiso Online',0,11079,2902,NOW());

INSERT INTO isms_context (pkContext,nType,nState) VALUES (11080,2814,2702);
INSERT INTO rm_best_practice_standard (fkContext,fkStandard,fkBestPractice) VALUES (11080,10754,10411);
INSERT INTO isms_context_date (sUserName, nUserId, fkContext, nAction, ddate) VALUES ('Realiso Online',0,11080,2901,NOW());
INSERT INTO isms_context_date (sUserName, nUserId, fkContext, nAction, ddate) VALUES ('Realiso Online',0,11080,2902,NOW());

INSERT INTO isms_context (pkContext,nType,nState) VALUES (11081,2814,2702);
INSERT INTO rm_best_practice_standard (fkContext,fkStandard,fkBestPractice) VALUES (11081,10754,10412);
INSERT INTO isms_context_date (sUserName, nUserId, fkContext, nAction, ddate) VALUES ('Realiso Online',0,11081,2901,NOW());
INSERT INTO isms_context_date (sUserName, nUserId, fkContext, nAction, ddate) VALUES ('Realiso Online',0,11081,2902,NOW());

INSERT INTO isms_context (pkContext,nType,nState) VALUES (11082,2814,2702);
INSERT INTO rm_best_practice_standard (fkContext,fkStandard,fkBestPractice) VALUES (11082,10754,10413);
INSERT INTO isms_context_date (sUserName, nUserId, fkContext, nAction, ddate) VALUES ('Realiso Online',0,11082,2901,NOW());
INSERT INTO isms_context_date (sUserName, nUserId, fkContext, nAction, ddate) VALUES ('Realiso Online',0,11082,2902,NOW());

INSERT INTO isms_context (pkContext,nType,nState) VALUES (11083,2814,2702);
INSERT INTO rm_best_practice_standard (fkContext,fkStandard,fkBestPractice) VALUES (11083,10754,10414);
INSERT INTO isms_context_date (sUserName, nUserId, fkContext, nAction, ddate) VALUES ('Realiso Online',0,11083,2901,NOW());
INSERT INTO isms_context_date (sUserName, nUserId, fkContext, nAction, ddate) VALUES ('Realiso Online',0,11083,2902,NOW());

INSERT INTO isms_context (pkContext,nType,nState) VALUES (11084,2814,2702);
INSERT INTO rm_best_practice_standard (fkContext,fkStandard,fkBestPractice) VALUES (11084,10754,10415);
INSERT INTO isms_context_date (sUserName, nUserId, fkContext, nAction, ddate) VALUES ('Realiso Online',0,11084,2901,NOW());
INSERT INTO isms_context_date (sUserName, nUserId, fkContext, nAction, ddate) VALUES ('Realiso Online',0,11084,2902,NOW());

INSERT INTO isms_context (pkContext,nType,nState) VALUES (11085,2814,2702);
INSERT INTO rm_best_practice_standard (fkContext,fkStandard,fkBestPractice) VALUES (11085,10754,10416);
INSERT INTO isms_context_date (sUserName, nUserId, fkContext, nAction, ddate) VALUES ('Realiso Online',0,11085,2901,NOW());
INSERT INTO isms_context_date (sUserName, nUserId, fkContext, nAction, ddate) VALUES ('Realiso Online',0,11085,2902,NOW());

INSERT INTO isms_context (pkContext,nType,nState) VALUES (11086,2814,2702);
INSERT INTO rm_best_practice_standard (fkContext,fkStandard,fkBestPractice) VALUES (11086,10754,10417);
INSERT INTO isms_context_date (sUserName, nUserId, fkContext, nAction, ddate) VALUES ('Realiso Online',0,11086,2901,NOW());
INSERT INTO isms_context_date (sUserName, nUserId, fkContext, nAction, ddate) VALUES ('Realiso Online',0,11086,2902,NOW());

INSERT INTO isms_context (pkContext,nType,nState) VALUES (11087,2814,2702);
INSERT INTO rm_best_practice_standard (fkContext,fkStandard,fkBestPractice) VALUES (11087,10754,10419);
INSERT INTO isms_context_date (sUserName, nUserId, fkContext, nAction, ddate) VALUES ('Realiso Online',0,11087,2901,NOW());
INSERT INTO isms_context_date (sUserName, nUserId, fkContext, nAction, ddate) VALUES ('Realiso Online',0,11087,2902,NOW());

INSERT INTO isms_context (pkContext,nType,nState) VALUES (11088,2814,2702);
INSERT INTO rm_best_practice_standard (fkContext,fkStandard,fkBestPractice) VALUES (11088,10754,10420);
INSERT INTO isms_context_date (sUserName, nUserId, fkContext, nAction, ddate) VALUES ('Realiso Online',0,11088,2901,NOW());
INSERT INTO isms_context_date (sUserName, nUserId, fkContext, nAction, ddate) VALUES ('Realiso Online',0,11088,2902,NOW());

INSERT INTO isms_context (pkContext,nType,nState) VALUES (11089,2814,2702);
INSERT INTO rm_best_practice_standard (fkContext,fkStandard,fkBestPractice) VALUES (11089,10754,10421);
INSERT INTO isms_context_date (sUserName, nUserId, fkContext, nAction, ddate) VALUES ('Realiso Online',0,11089,2901,NOW());
INSERT INTO isms_context_date (sUserName, nUserId, fkContext, nAction, ddate) VALUES ('Realiso Online',0,11089,2902,NOW());

INSERT INTO isms_context (pkContext,nType,nState) VALUES (11090,2814,2702);
INSERT INTO rm_best_practice_standard (fkContext,fkStandard,fkBestPractice) VALUES (11090,10754,10422);
INSERT INTO isms_context_date (sUserName, nUserId, fkContext, nAction, ddate) VALUES ('Realiso Online',0,11090,2901,NOW());
INSERT INTO isms_context_date (sUserName, nUserId, fkContext, nAction, ddate) VALUES ('Realiso Online',0,11090,2902,NOW());

INSERT INTO isms_context (pkContext,nType,nState) VALUES (11091,2814,2702);
INSERT INTO rm_best_practice_standard (fkContext,fkStandard,fkBestPractice) VALUES (11091,10754,10423);
INSERT INTO isms_context_date (sUserName, nUserId, fkContext, nAction, ddate) VALUES ('Realiso Online',0,11091,2901,NOW());
INSERT INTO isms_context_date (sUserName, nUserId, fkContext, nAction, ddate) VALUES ('Realiso Online',0,11091,2902,NOW());

INSERT INTO isms_context (pkContext,nType,nState) VALUES (11092,2814,2702);
INSERT INTO rm_best_practice_standard (fkContext,fkStandard,fkBestPractice) VALUES (11092,10754,10424);
INSERT INTO isms_context_date (sUserName, nUserId, fkContext, nAction, ddate) VALUES ('Realiso Online',0,11092,2901,NOW());
INSERT INTO isms_context_date (sUserName, nUserId, fkContext, nAction, ddate) VALUES ('Realiso Online',0,11092,2902,NOW());

INSERT INTO isms_context (pkContext,nType,nState) VALUES (11093,2814,2702);
INSERT INTO rm_best_practice_standard (fkContext,fkStandard,fkBestPractice) VALUES (11093,10754,10426);
INSERT INTO isms_context_date (sUserName, nUserId, fkContext, nAction, ddate) VALUES ('Realiso Online',0,11093,2901,NOW());
INSERT INTO isms_context_date (sUserName, nUserId, fkContext, nAction, ddate) VALUES ('Realiso Online',0,11093,2902,NOW());

INSERT INTO isms_context (pkContext,nType,nState) VALUES (11094,2814,2702);
INSERT INTO rm_best_practice_standard (fkContext,fkStandard,fkBestPractice) VALUES (11094,10754,10427);
INSERT INTO isms_context_date (sUserName, nUserId, fkContext, nAction, ddate) VALUES ('Realiso Online',0,11094,2901,NOW());
INSERT INTO isms_context_date (sUserName, nUserId, fkContext, nAction, ddate) VALUES ('Realiso Online',0,11094,2902,NOW());

INSERT INTO isms_context (pkContext,nType,nState) VALUES (11095,2814,2702);
INSERT INTO rm_best_practice_standard (fkContext,fkStandard,fkBestPractice) VALUES (11095,10754,10428);
INSERT INTO isms_context_date (sUserName, nUserId, fkContext, nAction, ddate) VALUES ('Realiso Online',0,11095,2901,NOW());
INSERT INTO isms_context_date (sUserName, nUserId, fkContext, nAction, ddate) VALUES ('Realiso Online',0,11095,2902,NOW());

INSERT INTO isms_context (pkContext,nType,nState) VALUES (11096,2814,2702);
INSERT INTO rm_best_practice_standard (fkContext,fkStandard,fkBestPractice) VALUES (11096,10754,10429);
INSERT INTO isms_context_date (sUserName, nUserId, fkContext, nAction, ddate) VALUES ('Realiso Online',0,11096,2901,NOW());
INSERT INTO isms_context_date (sUserName, nUserId, fkContext, nAction, ddate) VALUES ('Realiso Online',0,11096,2902,NOW());

INSERT INTO isms_context (pkContext,nType,nState) VALUES (11097,2814,2702);
INSERT INTO rm_best_practice_standard (fkContext,fkStandard,fkBestPractice) VALUES (11097,10754,10430);
INSERT INTO isms_context_date (sUserName, nUserId, fkContext, nAction, ddate) VALUES ('Realiso Online',0,11097,2901,NOW());
INSERT INTO isms_context_date (sUserName, nUserId, fkContext, nAction, ddate) VALUES ('Realiso Online',0,11097,2902,NOW());

INSERT INTO isms_context (pkContext,nType,nState) VALUES (11098,2814,2702);
INSERT INTO rm_best_practice_standard (fkContext,fkStandard,fkBestPractice) VALUES (11098,10754,10431);
INSERT INTO isms_context_date (sUserName, nUserId, fkContext, nAction, ddate) VALUES ('Realiso Online',0,11098,2901,NOW());
INSERT INTO isms_context_date (sUserName, nUserId, fkContext, nAction, ddate) VALUES ('Realiso Online',0,11098,2902,NOW());

INSERT INTO isms_context (pkContext,nType,nState) VALUES (11100,2814,2702);
INSERT INTO rm_best_practice_standard (fkContext,fkStandard,fkBestPractice) VALUES (11100,10756,10657);
INSERT INTO isms_context_date (sUserName, nUserId, fkContext, nAction, ddate) VALUES ('Realiso Online',0,11100,2901,NOW());
INSERT INTO isms_context_date (sUserName, nUserId, fkContext, nAction, ddate) VALUES ('Realiso Online',0,11100,2902,NOW());

INSERT INTO isms_context (pkContext,nType,nState) VALUES (11101,2814,2702);
INSERT INTO rm_best_practice_standard (fkContext,fkStandard,fkBestPractice) VALUES (11101,10756,10658);
INSERT INTO isms_context_date (sUserName, nUserId, fkContext, nAction, ddate) VALUES ('Realiso Online',0,11101,2901,NOW());
INSERT INTO isms_context_date (sUserName, nUserId, fkContext, nAction, ddate) VALUES ('Realiso Online',0,11101,2902,NOW());

INSERT INTO isms_context (pkContext,nType,nState) VALUES (11102,2814,2702);
INSERT INTO rm_best_practice_standard (fkContext,fkStandard,fkBestPractice) VALUES (11102,10756,10659);
INSERT INTO isms_context_date (sUserName, nUserId, fkContext, nAction, ddate) VALUES ('Realiso Online',0,11102,2901,NOW());
INSERT INTO isms_context_date (sUserName, nUserId, fkContext, nAction, ddate) VALUES ('Realiso Online',0,11102,2902,NOW());

INSERT INTO isms_context (pkContext,nType,nState) VALUES (11103,2814,2702);
INSERT INTO rm_best_practice_standard (fkContext,fkStandard,fkBestPractice) VALUES (11103,10756,10660);
INSERT INTO isms_context_date (sUserName, nUserId, fkContext, nAction, ddate) VALUES ('Realiso Online',0,11103,2901,NOW());
INSERT INTO isms_context_date (sUserName, nUserId, fkContext, nAction, ddate) VALUES ('Realiso Online',0,11103,2902,NOW());

INSERT INTO isms_context (pkContext,nType,nState) VALUES (11104,2814,2702);
INSERT INTO rm_best_practice_standard (fkContext,fkStandard,fkBestPractice) VALUES (11104,10756,10661);
INSERT INTO isms_context_date (sUserName, nUserId, fkContext, nAction, ddate) VALUES ('Realiso Online',0,11104,2901,NOW());
INSERT INTO isms_context_date (sUserName, nUserId, fkContext, nAction, ddate) VALUES ('Realiso Online',0,11104,2902,NOW());

INSERT INTO isms_context (pkContext,nType,nState) VALUES (11105,2814,2702);
INSERT INTO rm_best_practice_standard (fkContext,fkStandard,fkBestPractice) VALUES (11105,10756,10662);
INSERT INTO isms_context_date (sUserName, nUserId, fkContext, nAction, ddate) VALUES ('Realiso Online',0,11105,2901,NOW());
INSERT INTO isms_context_date (sUserName, nUserId, fkContext, nAction, ddate) VALUES ('Realiso Online',0,11105,2902,NOW());

INSERT INTO isms_context (pkContext,nType,nState) VALUES (11106,2814,2702);
INSERT INTO rm_best_practice_standard (fkContext,fkStandard,fkBestPractice) VALUES (11106,10756,10663);
INSERT INTO isms_context_date (sUserName, nUserId, fkContext, nAction, ddate) VALUES ('Realiso Online',0,11106,2901,NOW());
INSERT INTO isms_context_date (sUserName, nUserId, fkContext, nAction, ddate) VALUES ('Realiso Online',0,11106,2902,NOW());

INSERT INTO isms_context (pkContext,nType,nState) VALUES (11107,2814,2702);
INSERT INTO rm_best_practice_standard (fkContext,fkStandard,fkBestPractice) VALUES (11107,10756,10664);
INSERT INTO isms_context_date (sUserName, nUserId, fkContext, nAction, ddate) VALUES ('Realiso Online',0,11107,2901,NOW());
INSERT INTO isms_context_date (sUserName, nUserId, fkContext, nAction, ddate) VALUES ('Realiso Online',0,11107,2902,NOW());

INSERT INTO isms_context (pkContext,nType,nState) VALUES (11108,2814,2702);
INSERT INTO rm_best_practice_standard (fkContext,fkStandard,fkBestPractice) VALUES (11108,10756,10665);
INSERT INTO isms_context_date (sUserName, nUserId, fkContext, nAction, ddate) VALUES ('Realiso Online',0,11108,2901,NOW());
INSERT INTO isms_context_date (sUserName, nUserId, fkContext, nAction, ddate) VALUES ('Realiso Online',0,11108,2902,NOW());

INSERT INTO isms_context (pkContext,nType,nState) VALUES (11109,2814,2702);
INSERT INTO rm_best_practice_standard (fkContext,fkStandard,fkBestPractice) VALUES (11109,10756,10666);
INSERT INTO isms_context_date (sUserName, nUserId, fkContext, nAction, ddate) VALUES ('Realiso Online',0,11109,2901,NOW());
INSERT INTO isms_context_date (sUserName, nUserId, fkContext, nAction, ddate) VALUES ('Realiso Online',0,11109,2902,NOW());

INSERT INTO isms_context (pkContext,nType,nState) VALUES (11110,2814,2702);
INSERT INTO rm_best_practice_standard (fkContext,fkStandard,fkBestPractice) VALUES (11110,10756,10667);
INSERT INTO isms_context_date (sUserName, nUserId, fkContext, nAction, ddate) VALUES ('Realiso Online',0,11110,2901,NOW());
INSERT INTO isms_context_date (sUserName, nUserId, fkContext, nAction, ddate) VALUES ('Realiso Online',0,11110,2902,NOW());

INSERT INTO isms_context (pkContext,nType,nState) VALUES (11111,2814,2702);
INSERT INTO rm_best_practice_standard (fkContext,fkStandard,fkBestPractice) VALUES (11111,10756,10668);
INSERT INTO isms_context_date (sUserName, nUserId, fkContext, nAction, ddate) VALUES ('Realiso Online',0,11111,2901,NOW());
INSERT INTO isms_context_date (sUserName, nUserId, fkContext, nAction, ddate) VALUES ('Realiso Online',0,11111,2902,NOW());

INSERT INTO isms_context (pkContext,nType,nState) VALUES (11112,2814,2702);
INSERT INTO rm_best_practice_standard (fkContext,fkStandard,fkBestPractice) VALUES (11112,10756,10612);
INSERT INTO isms_context_date (sUserName, nUserId, fkContext, nAction, ddate) VALUES ('Realiso Online',0,11112,2901,NOW());
INSERT INTO isms_context_date (sUserName, nUserId, fkContext, nAction, ddate) VALUES ('Realiso Online',0,11112,2902,NOW());

INSERT INTO isms_context (pkContext,nType,nState) VALUES (11113,2814,2702);
INSERT INTO rm_best_practice_standard (fkContext,fkStandard,fkBestPractice) VALUES (11113,10756,10613);
INSERT INTO isms_context_date (sUserName, nUserId, fkContext, nAction, ddate) VALUES ('Realiso Online',0,11113,2901,NOW());
INSERT INTO isms_context_date (sUserName, nUserId, fkContext, nAction, ddate) VALUES ('Realiso Online',0,11113,2902,NOW());

INSERT INTO isms_context (pkContext,nType,nState) VALUES (11114,2814,2702);
INSERT INTO rm_best_practice_standard (fkContext,fkStandard,fkBestPractice) VALUES (11114,10756,10615);
INSERT INTO isms_context_date (sUserName, nUserId, fkContext, nAction, ddate) VALUES ('Realiso Online',0,11114,2901,NOW());
INSERT INTO isms_context_date (sUserName, nUserId, fkContext, nAction, ddate) VALUES ('Realiso Online',0,11114,2902,NOW());

INSERT INTO isms_context (pkContext,nType,nState) VALUES (11115,2814,2702);
INSERT INTO rm_best_practice_standard (fkContext,fkStandard,fkBestPractice) VALUES (11115,10756,10616);
INSERT INTO isms_context_date (sUserName, nUserId, fkContext, nAction, ddate) VALUES ('Realiso Online',0,11115,2901,NOW());
INSERT INTO isms_context_date (sUserName, nUserId, fkContext, nAction, ddate) VALUES ('Realiso Online',0,11115,2902,NOW());

INSERT INTO isms_context (pkContext,nType,nState) VALUES (11116,2814,2702);
INSERT INTO rm_best_practice_standard (fkContext,fkStandard,fkBestPractice) VALUES (11116,10756,10617);
INSERT INTO isms_context_date (sUserName, nUserId, fkContext, nAction, ddate) VALUES ('Realiso Online',0,11116,2901,NOW());
INSERT INTO isms_context_date (sUserName, nUserId, fkContext, nAction, ddate) VALUES ('Realiso Online',0,11116,2902,NOW());

INSERT INTO isms_context (pkContext,nType,nState) VALUES (11117,2814,2702);
INSERT INTO rm_best_practice_standard (fkContext,fkStandard,fkBestPractice) VALUES (11117,10756,10618);
INSERT INTO isms_context_date (sUserName, nUserId, fkContext, nAction, ddate) VALUES ('Realiso Online',0,11117,2901,NOW());
INSERT INTO isms_context_date (sUserName, nUserId, fkContext, nAction, ddate) VALUES ('Realiso Online',0,11117,2902,NOW());

INSERT INTO isms_context (pkContext,nType,nState) VALUES (11118,2814,2702);
INSERT INTO rm_best_practice_standard (fkContext,fkStandard,fkBestPractice) VALUES (11118,10756,10619);
INSERT INTO isms_context_date (sUserName, nUserId, fkContext, nAction, ddate) VALUES ('Realiso Online',0,11118,2901,NOW());
INSERT INTO isms_context_date (sUserName, nUserId, fkContext, nAction, ddate) VALUES ('Realiso Online',0,11118,2902,NOW());

INSERT INTO isms_context (pkContext,nType,nState) VALUES (11119,2814,2702);
INSERT INTO rm_best_practice_standard (fkContext,fkStandard,fkBestPractice) VALUES (11119,10756,10620);
INSERT INTO isms_context_date (sUserName, nUserId, fkContext, nAction, ddate) VALUES ('Realiso Online',0,11119,2901,NOW());
INSERT INTO isms_context_date (sUserName, nUserId, fkContext, nAction, ddate) VALUES ('Realiso Online',0,11119,2902,NOW());

INSERT INTO isms_context (pkContext,nType,nState) VALUES (11120,2814,2702);
INSERT INTO rm_best_practice_standard (fkContext,fkStandard,fkBestPractice) VALUES (11120,10756,10621);
INSERT INTO isms_context_date (sUserName, nUserId, fkContext, nAction, ddate) VALUES ('Realiso Online',0,11120,2901,NOW());
INSERT INTO isms_context_date (sUserName, nUserId, fkContext, nAction, ddate) VALUES ('Realiso Online',0,11120,2902,NOW());

INSERT INTO isms_context (pkContext,nType,nState) VALUES (11121,2814,2702);
INSERT INTO rm_best_practice_standard (fkContext,fkStandard,fkBestPractice) VALUES (11121,10756,10622);
INSERT INTO isms_context_date (sUserName, nUserId, fkContext, nAction, ddate) VALUES ('Realiso Online',0,11121,2901,NOW());
INSERT INTO isms_context_date (sUserName, nUserId, fkContext, nAction, ddate) VALUES ('Realiso Online',0,11121,2902,NOW());

INSERT INTO isms_context (pkContext,nType,nState) VALUES (11122,2814,2702);
INSERT INTO rm_best_practice_standard (fkContext,fkStandard,fkBestPractice) VALUES (11122,10756,10623);
INSERT INTO isms_context_date (sUserName, nUserId, fkContext, nAction, ddate) VALUES ('Realiso Online',0,11122,2901,NOW());
INSERT INTO isms_context_date (sUserName, nUserId, fkContext, nAction, ddate) VALUES ('Realiso Online',0,11122,2902,NOW());

INSERT INTO isms_context (pkContext,nType,nState) VALUES (11123,2814,2702);
INSERT INTO rm_best_practice_standard (fkContext,fkStandard,fkBestPractice) VALUES (11123,10756,10624);
INSERT INTO isms_context_date (sUserName, nUserId, fkContext, nAction, ddate) VALUES ('Realiso Online',0,11123,2901,NOW());
INSERT INTO isms_context_date (sUserName, nUserId, fkContext, nAction, ddate) VALUES ('Realiso Online',0,11123,2902,NOW());

INSERT INTO isms_context (pkContext,nType,nState) VALUES (11124,2814,2702);
INSERT INTO rm_best_practice_standard (fkContext,fkStandard,fkBestPractice) VALUES (11124,10756,10625);
INSERT INTO isms_context_date (sUserName, nUserId, fkContext, nAction, ddate) VALUES ('Realiso Online',0,11124,2901,NOW());
INSERT INTO isms_context_date (sUserName, nUserId, fkContext, nAction, ddate) VALUES ('Realiso Online',0,11124,2902,NOW());

INSERT INTO isms_context (pkContext,nType,nState) VALUES (11125,2814,2702);
INSERT INTO rm_best_practice_standard (fkContext,fkStandard,fkBestPractice) VALUES (11125,10756,10626);
INSERT INTO isms_context_date (sUserName, nUserId, fkContext, nAction, ddate) VALUES ('Realiso Online',0,11125,2901,NOW());
INSERT INTO isms_context_date (sUserName, nUserId, fkContext, nAction, ddate) VALUES ('Realiso Online',0,11125,2902,NOW());

INSERT INTO isms_context (pkContext,nType,nState) VALUES (11126,2814,2702);
INSERT INTO rm_best_practice_standard (fkContext,fkStandard,fkBestPractice) VALUES (11126,10756,10627);
INSERT INTO isms_context_date (sUserName, nUserId, fkContext, nAction, ddate) VALUES ('Realiso Online',0,11126,2901,NOW());
INSERT INTO isms_context_date (sUserName, nUserId, fkContext, nAction, ddate) VALUES ('Realiso Online',0,11126,2902,NOW());

INSERT INTO isms_context (pkContext,nType,nState) VALUES (11127,2814,2702);
INSERT INTO rm_best_practice_standard (fkContext,fkStandard,fkBestPractice) VALUES (11127,10756,10628);
INSERT INTO isms_context_date (sUserName, nUserId, fkContext, nAction, ddate) VALUES ('Realiso Online',0,11127,2901,NOW());
INSERT INTO isms_context_date (sUserName, nUserId, fkContext, nAction, ddate) VALUES ('Realiso Online',0,11127,2902,NOW());

INSERT INTO isms_context (pkContext,nType,nState) VALUES (11128,2814,2702);
INSERT INTO rm_best_practice_standard (fkContext,fkStandard,fkBestPractice) VALUES (11128,10756,10629);
INSERT INTO isms_context_date (sUserName, nUserId, fkContext, nAction, ddate) VALUES ('Realiso Online',0,11128,2901,NOW());
INSERT INTO isms_context_date (sUserName, nUserId, fkContext, nAction, ddate) VALUES ('Realiso Online',0,11128,2902,NOW());

INSERT INTO isms_context (pkContext,nType,nState) VALUES (11129,2814,2702);
INSERT INTO rm_best_practice_standard (fkContext,fkStandard,fkBestPractice) VALUES (11129,10756,10630);
INSERT INTO isms_context_date (sUserName, nUserId, fkContext, nAction, ddate) VALUES ('Realiso Online',0,11129,2901,NOW());
INSERT INTO isms_context_date (sUserName, nUserId, fkContext, nAction, ddate) VALUES ('Realiso Online',0,11129,2902,NOW());

INSERT INTO isms_context (pkContext,nType,nState) VALUES (11130,2814,2702);
INSERT INTO rm_best_practice_standard (fkContext,fkStandard,fkBestPractice) VALUES (11130,10756,10631);
INSERT INTO isms_context_date (sUserName, nUserId, fkContext, nAction, ddate) VALUES ('Realiso Online',0,11130,2901,NOW());
INSERT INTO isms_context_date (sUserName, nUserId, fkContext, nAction, ddate) VALUES ('Realiso Online',0,11130,2902,NOW());

INSERT INTO isms_context (pkContext,nType,nState) VALUES (11131,2814,2702);
INSERT INTO rm_best_practice_standard (fkContext,fkStandard,fkBestPractice) VALUES (11131,10756,10632);
INSERT INTO isms_context_date (sUserName, nUserId, fkContext, nAction, ddate) VALUES ('Realiso Online',0,11131,2901,NOW());
INSERT INTO isms_context_date (sUserName, nUserId, fkContext, nAction, ddate) VALUES ('Realiso Online',0,11131,2902,NOW());

INSERT INTO isms_context (pkContext,nType,nState) VALUES (11132,2814,2702);
INSERT INTO rm_best_practice_standard (fkContext,fkStandard,fkBestPractice) VALUES (11132,10756,10633);
INSERT INTO isms_context_date (sUserName, nUserId, fkContext, nAction, ddate) VALUES ('Realiso Online',0,11132,2901,NOW());
INSERT INTO isms_context_date (sUserName, nUserId, fkContext, nAction, ddate) VALUES ('Realiso Online',0,11132,2902,NOW());

INSERT INTO isms_context (pkContext,nType,nState) VALUES (11133,2814,2702);
INSERT INTO rm_best_practice_standard (fkContext,fkStandard,fkBestPractice) VALUES (11133,10756,10635);
INSERT INTO isms_context_date (sUserName, nUserId, fkContext, nAction, ddate) VALUES ('Realiso Online',0,11133,2901,NOW());
INSERT INTO isms_context_date (sUserName, nUserId, fkContext, nAction, ddate) VALUES ('Realiso Online',0,11133,2902,NOW());

INSERT INTO isms_context (pkContext,nType,nState) VALUES (11134,2814,2702);
INSERT INTO rm_best_practice_standard (fkContext,fkStandard,fkBestPractice) VALUES (11134,10756,10636);
INSERT INTO isms_context_date (sUserName, nUserId, fkContext, nAction, ddate) VALUES ('Realiso Online',0,11134,2901,NOW());
INSERT INTO isms_context_date (sUserName, nUserId, fkContext, nAction, ddate) VALUES ('Realiso Online',0,11134,2902,NOW());

INSERT INTO isms_context (pkContext,nType,nState) VALUES (11135,2814,2702);
INSERT INTO rm_best_practice_standard (fkContext,fkStandard,fkBestPractice) VALUES (11135,10756,10637);
INSERT INTO isms_context_date (sUserName, nUserId, fkContext, nAction, ddate) VALUES ('Realiso Online',0,11135,2901,NOW());
INSERT INTO isms_context_date (sUserName, nUserId, fkContext, nAction, ddate) VALUES ('Realiso Online',0,11135,2902,NOW());

INSERT INTO isms_context (pkContext,nType,nState) VALUES (11136,2814,2702);
INSERT INTO rm_best_practice_standard (fkContext,fkStandard,fkBestPractice) VALUES (11136,10756,10638);
INSERT INTO isms_context_date (sUserName, nUserId, fkContext, nAction, ddate) VALUES ('Realiso Online',0,11136,2901,NOW());
INSERT INTO isms_context_date (sUserName, nUserId, fkContext, nAction, ddate) VALUES ('Realiso Online',0,11136,2902,NOW());

INSERT INTO isms_context (pkContext,nType,nState) VALUES (11137,2814,2702);
INSERT INTO rm_best_practice_standard (fkContext,fkStandard,fkBestPractice) VALUES (11137,10756,10639);
INSERT INTO isms_context_date (sUserName, nUserId, fkContext, nAction, ddate) VALUES ('Realiso Online',0,11137,2901,NOW());
INSERT INTO isms_context_date (sUserName, nUserId, fkContext, nAction, ddate) VALUES ('Realiso Online',0,11137,2902,NOW());

INSERT INTO isms_context (pkContext,nType,nState) VALUES (11138,2814,2702);
INSERT INTO rm_best_practice_standard (fkContext,fkStandard,fkBestPractice) VALUES (11138,10756,10640);
INSERT INTO isms_context_date (sUserName, nUserId, fkContext, nAction, ddate) VALUES ('Realiso Online',0,11138,2901,NOW());
INSERT INTO isms_context_date (sUserName, nUserId, fkContext, nAction, ddate) VALUES ('Realiso Online',0,11138,2902,NOW());

INSERT INTO isms_context (pkContext,nType,nState) VALUES (11139,2814,2702);
INSERT INTO rm_best_practice_standard (fkContext,fkStandard,fkBestPractice) VALUES (11139,10756,10641);
INSERT INTO isms_context_date (sUserName, nUserId, fkContext, nAction, ddate) VALUES ('Realiso Online',0,11139,2901,NOW());
INSERT INTO isms_context_date (sUserName, nUserId, fkContext, nAction, ddate) VALUES ('Realiso Online',0,11139,2902,NOW());

INSERT INTO isms_context (pkContext,nType,nState) VALUES (11140,2814,2702);
INSERT INTO rm_best_practice_standard (fkContext,fkStandard,fkBestPractice) VALUES (11140,10756,10642);
INSERT INTO isms_context_date (sUserName, nUserId, fkContext, nAction, ddate) VALUES ('Realiso Online',0,11140,2901,NOW());
INSERT INTO isms_context_date (sUserName, nUserId, fkContext, nAction, ddate) VALUES ('Realiso Online',0,11140,2902,NOW());

INSERT INTO isms_context (pkContext,nType,nState) VALUES (11141,2814,2702);
INSERT INTO rm_best_practice_standard (fkContext,fkStandard,fkBestPractice) VALUES (11141,10756,10643);
INSERT INTO isms_context_date (sUserName, nUserId, fkContext, nAction, ddate) VALUES ('Realiso Online',0,11141,2901,NOW());
INSERT INTO isms_context_date (sUserName, nUserId, fkContext, nAction, ddate) VALUES ('Realiso Online',0,11141,2902,NOW());

INSERT INTO isms_context (pkContext,nType,nState) VALUES (11142,2814,2702);
INSERT INTO rm_best_practice_standard (fkContext,fkStandard,fkBestPractice) VALUES (11142,10756,10644);
INSERT INTO isms_context_date (sUserName, nUserId, fkContext, nAction, ddate) VALUES ('Realiso Online',0,11142,2901,NOW());
INSERT INTO isms_context_date (sUserName, nUserId, fkContext, nAction, ddate) VALUES ('Realiso Online',0,11142,2902,NOW());

INSERT INTO isms_context (pkContext,nType,nState) VALUES (11143,2814,2702);
INSERT INTO rm_best_practice_standard (fkContext,fkStandard,fkBestPractice) VALUES (11143,10756,10646);
INSERT INTO isms_context_date (sUserName, nUserId, fkContext, nAction, ddate) VALUES ('Realiso Online',0,11143,2901,NOW());
INSERT INTO isms_context_date (sUserName, nUserId, fkContext, nAction, ddate) VALUES ('Realiso Online',0,11143,2902,NOW());

INSERT INTO isms_context (pkContext,nType,nState) VALUES (11144,2814,2702);
INSERT INTO rm_best_practice_standard (fkContext,fkStandard,fkBestPractice) VALUES (11144,10756,10647);
INSERT INTO isms_context_date (sUserName, nUserId, fkContext, nAction, ddate) VALUES ('Realiso Online',0,11144,2901,NOW());
INSERT INTO isms_context_date (sUserName, nUserId, fkContext, nAction, ddate) VALUES ('Realiso Online',0,11144,2902,NOW());

INSERT INTO isms_context (pkContext,nType,nState) VALUES (11145,2814,2702);
INSERT INTO rm_best_practice_standard (fkContext,fkStandard,fkBestPractice) VALUES (11145,10756,10648);
INSERT INTO isms_context_date (sUserName, nUserId, fkContext, nAction, ddate) VALUES ('Realiso Online',0,11145,2901,NOW());
INSERT INTO isms_context_date (sUserName, nUserId, fkContext, nAction, ddate) VALUES ('Realiso Online',0,11145,2902,NOW());

INSERT INTO isms_context (pkContext,nType,nState) VALUES (11146,2814,2702);
INSERT INTO rm_best_practice_standard (fkContext,fkStandard,fkBestPractice) VALUES (11146,10756,10649);
INSERT INTO isms_context_date (sUserName, nUserId, fkContext, nAction, ddate) VALUES ('Realiso Online',0,11146,2901,NOW());
INSERT INTO isms_context_date (sUserName, nUserId, fkContext, nAction, ddate) VALUES ('Realiso Online',0,11146,2902,NOW());

INSERT INTO isms_context (pkContext,nType,nState) VALUES (11147,2814,2702);
INSERT INTO rm_best_practice_standard (fkContext,fkStandard,fkBestPractice) VALUES (11147,10756,10650);
INSERT INTO isms_context_date (sUserName, nUserId, fkContext, nAction, ddate) VALUES ('Realiso Online',0,11147,2901,NOW());
INSERT INTO isms_context_date (sUserName, nUserId, fkContext, nAction, ddate) VALUES ('Realiso Online',0,11147,2902,NOW());

INSERT INTO isms_context (pkContext,nType,nState) VALUES (11148,2814,2702);
INSERT INTO rm_best_practice_standard (fkContext,fkStandard,fkBestPractice) VALUES (11148,10756,10652);
INSERT INTO isms_context_date (sUserName, nUserId, fkContext, nAction, ddate) VALUES ('Realiso Online',0,11148,2901,NOW());
INSERT INTO isms_context_date (sUserName, nUserId, fkContext, nAction, ddate) VALUES ('Realiso Online',0,11148,2902,NOW());

INSERT INTO isms_context (pkContext,nType,nState) VALUES (11149,2814,2702);
INSERT INTO rm_best_practice_standard (fkContext,fkStandard,fkBestPractice) VALUES (11149,10756,10653);
INSERT INTO isms_context_date (sUserName, nUserId, fkContext, nAction, ddate) VALUES ('Realiso Online',0,11149,2901,NOW());
INSERT INTO isms_context_date (sUserName, nUserId, fkContext, nAction, ddate) VALUES ('Realiso Online',0,11149,2902,NOW());

INSERT INTO isms_context (pkContext,nType,nState) VALUES (11150,2814,2702);
INSERT INTO rm_best_practice_standard (fkContext,fkStandard,fkBestPractice) VALUES (11150,10756,10654);
INSERT INTO isms_context_date (sUserName, nUserId, fkContext, nAction, ddate) VALUES ('Realiso Online',0,11150,2901,NOW());
INSERT INTO isms_context_date (sUserName, nUserId, fkContext, nAction, ddate) VALUES ('Realiso Online',0,11150,2902,NOW());

INSERT INTO isms_context (pkContext,nType,nState) VALUES (11151,2814,2702);
INSERT INTO rm_best_practice_standard (fkContext,fkStandard,fkBestPractice) VALUES (11151,10756,10655);
INSERT INTO isms_context_date (sUserName, nUserId, fkContext, nAction, ddate) VALUES ('Realiso Online',0,11151,2901,NOW());
INSERT INTO isms_context_date (sUserName, nUserId, fkContext, nAction, ddate) VALUES ('Realiso Online',0,11151,2902,NOW());

INSERT INTO isms_context (pkContext,nType,nState) VALUES (11152,2814,2702);
INSERT INTO rm_best_practice_standard (fkContext,fkStandard,fkBestPractice) VALUES (11152,10756,10670);
INSERT INTO isms_context_date (sUserName, nUserId, fkContext, nAction, ddate) VALUES ('Realiso Online',0,11152,2901,NOW());
INSERT INTO isms_context_date (sUserName, nUserId, fkContext, nAction, ddate) VALUES ('Realiso Online',0,11152,2902,NOW());

INSERT INTO isms_context (pkContext,nType,nState) VALUES (11153,2814,2702);
INSERT INTO rm_best_practice_standard (fkContext,fkStandard,fkBestPractice) VALUES (11153,10756,10671);
INSERT INTO isms_context_date (sUserName, nUserId, fkContext, nAction, ddate) VALUES ('Realiso Online',0,11153,2901,NOW());
INSERT INTO isms_context_date (sUserName, nUserId, fkContext, nAction, ddate) VALUES ('Realiso Online',0,11153,2902,NOW());

INSERT INTO isms_context (pkContext,nType,nState) VALUES (11154,2814,2702);
INSERT INTO rm_best_practice_standard (fkContext,fkStandard,fkBestPractice) VALUES (11154,10756,10672);
INSERT INTO isms_context_date (sUserName, nUserId, fkContext, nAction, ddate) VALUES ('Realiso Online',0,11154,2901,NOW());
INSERT INTO isms_context_date (sUserName, nUserId, fkContext, nAction, ddate) VALUES ('Realiso Online',0,11154,2902,NOW());

INSERT INTO isms_context (pkContext,nType,nState) VALUES (11155,2814,2702);
INSERT INTO rm_best_practice_standard (fkContext,fkStandard,fkBestPractice) VALUES (11155,10756,10673);
INSERT INTO isms_context_date (sUserName, nUserId, fkContext, nAction, ddate) VALUES ('Realiso Online',0,11155,2901,NOW());
INSERT INTO isms_context_date (sUserName, nUserId, fkContext, nAction, ddate) VALUES ('Realiso Online',0,11155,2902,NOW());

INSERT INTO isms_context (pkContext,nType,nState) VALUES (11156,2814,2702);
INSERT INTO rm_best_practice_standard (fkContext,fkStandard,fkBestPractice) VALUES (11156,10756,10674);
INSERT INTO isms_context_date (sUserName, nUserId, fkContext, nAction, ddate) VALUES ('Realiso Online',0,11156,2901,NOW());
INSERT INTO isms_context_date (sUserName, nUserId, fkContext, nAction, ddate) VALUES ('Realiso Online',0,11156,2902,NOW());

INSERT INTO isms_context (pkContext,nType,nState) VALUES (11157,2814,2702);
INSERT INTO rm_best_practice_standard (fkContext,fkStandard,fkBestPractice) VALUES (11157,10756,10675);
INSERT INTO isms_context_date (sUserName, nUserId, fkContext, nAction, ddate) VALUES ('Realiso Online',0,11157,2901,NOW());
INSERT INTO isms_context_date (sUserName, nUserId, fkContext, nAction, ddate) VALUES ('Realiso Online',0,11157,2902,NOW());

INSERT INTO isms_context (pkContext,nType,nState) VALUES (11158,2814,2702);
INSERT INTO rm_best_practice_standard (fkContext,fkStandard,fkBestPractice) VALUES (11158,10756,10677);
INSERT INTO isms_context_date (sUserName, nUserId, fkContext, nAction, ddate) VALUES ('Realiso Online',0,11158,2901,NOW());
INSERT INTO isms_context_date (sUserName, nUserId, fkContext, nAction, ddate) VALUES ('Realiso Online',0,11158,2902,NOW());

INSERT INTO isms_context (pkContext,nType,nState) VALUES (11159,2814,2702);
INSERT INTO rm_best_practice_standard (fkContext,fkStandard,fkBestPractice) VALUES (11159,10756,10678);
INSERT INTO isms_context_date (sUserName, nUserId, fkContext, nAction, ddate) VALUES ('Realiso Online',0,11159,2901,NOW());
INSERT INTO isms_context_date (sUserName, nUserId, fkContext, nAction, ddate) VALUES ('Realiso Online',0,11159,2902,NOW());

INSERT INTO isms_context (pkContext,nType,nState) VALUES (11160,2814,2702);
INSERT INTO rm_best_practice_standard (fkContext,fkStandard,fkBestPractice) VALUES (11160,10756,10679);
INSERT INTO isms_context_date (sUserName, nUserId, fkContext, nAction, ddate) VALUES ('Realiso Online',0,11160,2901,NOW());
INSERT INTO isms_context_date (sUserName, nUserId, fkContext, nAction, ddate) VALUES ('Realiso Online',0,11160,2902,NOW());

INSERT INTO isms_context (pkContext,nType,nState) VALUES (11161,2814,2702);
INSERT INTO rm_best_practice_standard (fkContext,fkStandard,fkBestPractice) VALUES (11161,10756,10680);
INSERT INTO isms_context_date (sUserName, nUserId, fkContext, nAction, ddate) VALUES ('Realiso Online',0,11161,2901,NOW());
INSERT INTO isms_context_date (sUserName, nUserId, fkContext, nAction, ddate) VALUES ('Realiso Online',0,11161,2902,NOW());

INSERT INTO isms_context (pkContext,nType,nState) VALUES (11162,2814,2702);
INSERT INTO rm_best_practice_standard (fkContext,fkStandard,fkBestPractice) VALUES (11162,10756,10682);
INSERT INTO isms_context_date (sUserName, nUserId, fkContext, nAction, ddate) VALUES ('Realiso Online',0,11162,2901,NOW());
INSERT INTO isms_context_date (sUserName, nUserId, fkContext, nAction, ddate) VALUES ('Realiso Online',0,11162,2902,NOW());

INSERT INTO isms_context (pkContext,nType,nState) VALUES (11163,2814,2702);
INSERT INTO rm_best_practice_standard (fkContext,fkStandard,fkBestPractice) VALUES (11163,10756,10683);
INSERT INTO isms_context_date (sUserName, nUserId, fkContext, nAction, ddate) VALUES ('Realiso Online',0,11163,2901,NOW());
INSERT INTO isms_context_date (sUserName, nUserId, fkContext, nAction, ddate) VALUES ('Realiso Online',0,11163,2902,NOW());

INSERT INTO isms_context (pkContext,nType,nState) VALUES (11164,2814,2702);
INSERT INTO rm_best_practice_standard (fkContext,fkStandard,fkBestPractice) VALUES (11164,10756,10684);
INSERT INTO isms_context_date (sUserName, nUserId, fkContext, nAction, ddate) VALUES ('Realiso Online',0,11164,2901,NOW());
INSERT INTO isms_context_date (sUserName, nUserId, fkContext, nAction, ddate) VALUES ('Realiso Online',0,11164,2902,NOW());

INSERT INTO isms_context (pkContext,nType,nState) VALUES (11165,2814,2702);
INSERT INTO rm_best_practice_standard (fkContext,fkStandard,fkBestPractice) VALUES (11165,10756,10685);
INSERT INTO isms_context_date (sUserName, nUserId, fkContext, nAction, ddate) VALUES ('Realiso Online',0,11165,2901,NOW());
INSERT INTO isms_context_date (sUserName, nUserId, fkContext, nAction, ddate) VALUES ('Realiso Online',0,11165,2902,NOW());

INSERT INTO isms_context (pkContext,nType,nState) VALUES (11166,2814,2702);
INSERT INTO rm_best_practice_standard (fkContext,fkStandard,fkBestPractice) VALUES (11166,10756,10686);
INSERT INTO isms_context_date (sUserName, nUserId, fkContext, nAction, ddate) VALUES ('Realiso Online',0,11166,2901,NOW());
INSERT INTO isms_context_date (sUserName, nUserId, fkContext, nAction, ddate) VALUES ('Realiso Online',0,11166,2902,NOW());

INSERT INTO isms_context (pkContext,nType,nState) VALUES (11167,2814,2702);
INSERT INTO rm_best_practice_standard (fkContext,fkStandard,fkBestPractice) VALUES (11167,10756,10688);
INSERT INTO isms_context_date (sUserName, nUserId, fkContext, nAction, ddate) VALUES ('Realiso Online',0,11167,2901,NOW());
INSERT INTO isms_context_date (sUserName, nUserId, fkContext, nAction, ddate) VALUES ('Realiso Online',0,11167,2902,NOW());

INSERT INTO isms_context (pkContext,nType,nState) VALUES (11168,2814,2702);
INSERT INTO rm_best_practice_standard (fkContext,fkStandard,fkBestPractice) VALUES (11168,10756,10689);
INSERT INTO isms_context_date (sUserName, nUserId, fkContext, nAction, ddate) VALUES ('Realiso Online',0,11168,2901,NOW());
INSERT INTO isms_context_date (sUserName, nUserId, fkContext, nAction, ddate) VALUES ('Realiso Online',0,11168,2902,NOW());

INSERT INTO isms_context (pkContext,nType,nState) VALUES (11169,2814,2702);
INSERT INTO rm_best_practice_standard (fkContext,fkStandard,fkBestPractice) VALUES (11169,10756,10690);
INSERT INTO isms_context_date (sUserName, nUserId, fkContext, nAction, ddate) VALUES ('Realiso Online',0,11169,2901,NOW());
INSERT INTO isms_context_date (sUserName, nUserId, fkContext, nAction, ddate) VALUES ('Realiso Online',0,11169,2902,NOW());

INSERT INTO isms_context (pkContext,nType,nState) VALUES (11170,2814,2702);
INSERT INTO rm_best_practice_standard (fkContext,fkStandard,fkBestPractice) VALUES (11170,10756,10691);
INSERT INTO isms_context_date (sUserName, nUserId, fkContext, nAction, ddate) VALUES ('Realiso Online',0,11170,2901,NOW());
INSERT INTO isms_context_date (sUserName, nUserId, fkContext, nAction, ddate) VALUES ('Realiso Online',0,11170,2902,NOW());

INSERT INTO isms_context (pkContext,nType,nState) VALUES (11171,2814,2702);
INSERT INTO rm_best_practice_standard (fkContext,fkStandard,fkBestPractice) VALUES (11171,10756,10692);
INSERT INTO isms_context_date (sUserName, nUserId, fkContext, nAction, ddate) VALUES ('Realiso Online',0,11171,2901,NOW());
INSERT INTO isms_context_date (sUserName, nUserId, fkContext, nAction, ddate) VALUES ('Realiso Online',0,11171,2902,NOW());

INSERT INTO isms_context (pkContext,nType,nState) VALUES (11172,2814,2702);
INSERT INTO rm_best_practice_standard (fkContext,fkStandard,fkBestPractice) VALUES (11172,10756,10693);
INSERT INTO isms_context_date (sUserName, nUserId, fkContext, nAction, ddate) VALUES ('Realiso Online',0,11172,2901,NOW());
INSERT INTO isms_context_date (sUserName, nUserId, fkContext, nAction, ddate) VALUES ('Realiso Online',0,11172,2902,NOW());

INSERT INTO isms_context (pkContext,nType,nState) VALUES (11173,2814,2702);
INSERT INTO rm_best_practice_standard (fkContext,fkStandard,fkBestPractice) VALUES (11173,10756,10694);
INSERT INTO isms_context_date (sUserName, nUserId, fkContext, nAction, ddate) VALUES ('Realiso Online',0,11173,2901,NOW());
INSERT INTO isms_context_date (sUserName, nUserId, fkContext, nAction, ddate) VALUES ('Realiso Online',0,11173,2902,NOW());

INSERT INTO isms_context (pkContext,nType,nState) VALUES (11174,2814,2702);
INSERT INTO rm_best_practice_standard (fkContext,fkStandard,fkBestPractice) VALUES (11174,10756,10696);
INSERT INTO isms_context_date (sUserName, nUserId, fkContext, nAction, ddate) VALUES ('Realiso Online',0,11174,2901,NOW());
INSERT INTO isms_context_date (sUserName, nUserId, fkContext, nAction, ddate) VALUES ('Realiso Online',0,11174,2902,NOW());

INSERT INTO isms_context (pkContext,nType,nState) VALUES (11175,2814,2702);
INSERT INTO rm_best_practice_standard (fkContext,fkStandard,fkBestPractice) VALUES (11175,10756,10697);
INSERT INTO isms_context_date (sUserName, nUserId, fkContext, nAction, ddate) VALUES ('Realiso Online',0,11175,2901,NOW());
INSERT INTO isms_context_date (sUserName, nUserId, fkContext, nAction, ddate) VALUES ('Realiso Online',0,11175,2902,NOW());

INSERT INTO isms_context (pkContext,nType,nState) VALUES (11176,2814,2702);
INSERT INTO rm_best_practice_standard (fkContext,fkStandard,fkBestPractice) VALUES (11176,10756,10699);
INSERT INTO isms_context_date (sUserName, nUserId, fkContext, nAction, ddate) VALUES ('Realiso Online',0,11176,2901,NOW());
INSERT INTO isms_context_date (sUserName, nUserId, fkContext, nAction, ddate) VALUES ('Realiso Online',0,11176,2902,NOW());

INSERT INTO isms_context (pkContext,nType,nState) VALUES (11177,2814,2702);
INSERT INTO rm_best_practice_standard (fkContext,fkStandard,fkBestPractice) VALUES (11177,10756,10700);
INSERT INTO isms_context_date (sUserName, nUserId, fkContext, nAction, ddate) VALUES ('Realiso Online',0,11177,2901,NOW());
INSERT INTO isms_context_date (sUserName, nUserId, fkContext, nAction, ddate) VALUES ('Realiso Online',0,11177,2902,NOW());

INSERT INTO isms_context (pkContext,nType,nState) VALUES (11178,2814,2702);
INSERT INTO rm_best_practice_standard (fkContext,fkStandard,fkBestPractice) VALUES (11178,10756,10701);
INSERT INTO isms_context_date (sUserName, nUserId, fkContext, nAction, ddate) VALUES ('Realiso Online',0,11178,2901,NOW());
INSERT INTO isms_context_date (sUserName, nUserId, fkContext, nAction, ddate) VALUES ('Realiso Online',0,11178,2902,NOW());

INSERT INTO isms_context (pkContext,nType,nState) VALUES (11179,2814,2702);
INSERT INTO rm_best_practice_standard (fkContext,fkStandard,fkBestPractice) VALUES (11179,10756,10703);
INSERT INTO isms_context_date (sUserName, nUserId, fkContext, nAction, ddate) VALUES ('Realiso Online',0,11179,2901,NOW());
INSERT INTO isms_context_date (sUserName, nUserId, fkContext, nAction, ddate) VALUES ('Realiso Online',0,11179,2902,NOW());

INSERT INTO isms_context (pkContext,nType,nState) VALUES (11180,2814,2702);
INSERT INTO rm_best_practice_standard (fkContext,fkStandard,fkBestPractice) VALUES (11180,10756,10704);
INSERT INTO isms_context_date (sUserName, nUserId, fkContext, nAction, ddate) VALUES ('Realiso Online',0,11180,2901,NOW());
INSERT INTO isms_context_date (sUserName, nUserId, fkContext, nAction, ddate) VALUES ('Realiso Online',0,11180,2902,NOW());

INSERT INTO isms_context (pkContext,nType,nState) VALUES (11181,2814,2702);
INSERT INTO rm_best_practice_standard (fkContext,fkStandard,fkBestPractice) VALUES (11181,10756,10705);
INSERT INTO isms_context_date (sUserName, nUserId, fkContext, nAction, ddate) VALUES ('Realiso Online',0,11181,2901,NOW());
INSERT INTO isms_context_date (sUserName, nUserId, fkContext, nAction, ddate) VALUES ('Realiso Online',0,11181,2902,NOW());

INSERT INTO isms_context (pkContext,nType,nState) VALUES (11182,2814,2702);
INSERT INTO rm_best_practice_standard (fkContext,fkStandard,fkBestPractice) VALUES (11182,10756,10706);
INSERT INTO isms_context_date (sUserName, nUserId, fkContext, nAction, ddate) VALUES ('Realiso Online',0,11182,2901,NOW());
INSERT INTO isms_context_date (sUserName, nUserId, fkContext, nAction, ddate) VALUES ('Realiso Online',0,11182,2902,NOW());

INSERT INTO isms_context (pkContext,nType,nState) VALUES (11183,2814,2702);
INSERT INTO rm_best_practice_standard (fkContext,fkStandard,fkBestPractice) VALUES (11183,10756,10707);
INSERT INTO isms_context_date (sUserName, nUserId, fkContext, nAction, ddate) VALUES ('Realiso Online',0,11183,2901,NOW());
INSERT INTO isms_context_date (sUserName, nUserId, fkContext, nAction, ddate) VALUES ('Realiso Online',0,11183,2902,NOW());

INSERT INTO isms_context (pkContext,nType,nState) VALUES (11184,2814,2702);
INSERT INTO rm_best_practice_standard (fkContext,fkStandard,fkBestPractice) VALUES (11184,10756,10708);
INSERT INTO isms_context_date (sUserName, nUserId, fkContext, nAction, ddate) VALUES ('Realiso Online',0,11184,2901,NOW());
INSERT INTO isms_context_date (sUserName, nUserId, fkContext, nAction, ddate) VALUES ('Realiso Online',0,11184,2902,NOW());

INSERT INTO isms_context (pkContext,nType,nState) VALUES (11185,2814,2702);
INSERT INTO rm_best_practice_standard (fkContext,fkStandard,fkBestPractice) VALUES (11185,10756,10709);
INSERT INTO isms_context_date (sUserName, nUserId, fkContext, nAction, ddate) VALUES ('Realiso Online',0,11185,2901,NOW());
INSERT INTO isms_context_date (sUserName, nUserId, fkContext, nAction, ddate) VALUES ('Realiso Online',0,11185,2902,NOW());

INSERT INTO isms_context (pkContext,nType,nState) VALUES (11186,2814,2702);
INSERT INTO rm_best_practice_standard (fkContext,fkStandard,fkBestPractice) VALUES (11186,10756,10711);
INSERT INTO isms_context_date (sUserName, nUserId, fkContext, nAction, ddate) VALUES ('Realiso Online',0,11186,2901,NOW());
INSERT INTO isms_context_date (sUserName, nUserId, fkContext, nAction, ddate) VALUES ('Realiso Online',0,11186,2902,NOW());

INSERT INTO isms_context (pkContext,nType,nState) VALUES (11187,2814,2702);
INSERT INTO rm_best_practice_standard (fkContext,fkStandard,fkBestPractice) VALUES (11187,10756,10712);
INSERT INTO isms_context_date (sUserName, nUserId, fkContext, nAction, ddate) VALUES ('Realiso Online',0,11187,2901,NOW());
INSERT INTO isms_context_date (sUserName, nUserId, fkContext, nAction, ddate) VALUES ('Realiso Online',0,11187,2902,NOW());

INSERT INTO isms_context (pkContext,nType,nState) VALUES (11188,2814,2702);
INSERT INTO rm_best_practice_standard (fkContext,fkStandard,fkBestPractice) VALUES (11188,10756,10713);
INSERT INTO isms_context_date (sUserName, nUserId, fkContext, nAction, ddate) VALUES ('Realiso Online',0,11188,2901,NOW());
INSERT INTO isms_context_date (sUserName, nUserId, fkContext, nAction, ddate) VALUES ('Realiso Online',0,11188,2902,NOW());

INSERT INTO isms_context (pkContext,nType,nState) VALUES (11189,2814,2702);
INSERT INTO rm_best_practice_standard (fkContext,fkStandard,fkBestPractice) VALUES (11189,10756,10714);
INSERT INTO isms_context_date (sUserName, nUserId, fkContext, nAction, ddate) VALUES ('Realiso Online',0,11189,2901,NOW());
INSERT INTO isms_context_date (sUserName, nUserId, fkContext, nAction, ddate) VALUES ('Realiso Online',0,11189,2902,NOW());

INSERT INTO isms_context (pkContext,nType,nState) VALUES (11190,2814,2702);
INSERT INTO rm_best_practice_standard (fkContext,fkStandard,fkBestPractice) VALUES (11190,10756,10715);
INSERT INTO isms_context_date (sUserName, nUserId, fkContext, nAction, ddate) VALUES ('Realiso Online',0,11190,2901,NOW());
INSERT INTO isms_context_date (sUserName, nUserId, fkContext, nAction, ddate) VALUES ('Realiso Online',0,11190,2902,NOW());

INSERT INTO isms_context (pkContext,nType,nState) VALUES (11191,2814,2702);
INSERT INTO rm_best_practice_standard (fkContext,fkStandard,fkBestPractice) VALUES (11191,10756,10716);
INSERT INTO isms_context_date (sUserName, nUserId, fkContext, nAction, ddate) VALUES ('Realiso Online',0,11191,2901,NOW());
INSERT INTO isms_context_date (sUserName, nUserId, fkContext, nAction, ddate) VALUES ('Realiso Online',0,11191,2902,NOW());

INSERT INTO isms_context (pkContext,nType,nState) VALUES (11192,2814,2702);
INSERT INTO rm_best_practice_standard (fkContext,fkStandard,fkBestPractice) VALUES (11192,10756,10717);
INSERT INTO isms_context_date (sUserName, nUserId, fkContext, nAction, ddate) VALUES ('Realiso Online',0,11192,2901,NOW());
INSERT INTO isms_context_date (sUserName, nUserId, fkContext, nAction, ddate) VALUES ('Realiso Online',0,11192,2902,NOW());

INSERT INTO isms_context (pkContext,nType,nState) VALUES (11193,2814,2702);
INSERT INTO rm_best_practice_standard (fkContext,fkStandard,fkBestPractice) VALUES (11193,10756,10718);
INSERT INTO isms_context_date (sUserName, nUserId, fkContext, nAction, ddate) VALUES ('Realiso Online',0,11193,2901,NOW());
INSERT INTO isms_context_date (sUserName, nUserId, fkContext, nAction, ddate) VALUES ('Realiso Online',0,11193,2902,NOW());

INSERT INTO isms_context (pkContext,nType,nState) VALUES (11194,2814,2702);
INSERT INTO rm_best_practice_standard (fkContext,fkStandard,fkBestPractice) VALUES (11194,10756,10719);
INSERT INTO isms_context_date (sUserName, nUserId, fkContext, nAction, ddate) VALUES ('Realiso Online',0,11194,2901,NOW());
INSERT INTO isms_context_date (sUserName, nUserId, fkContext, nAction, ddate) VALUES ('Realiso Online',0,11194,2902,NOW());

INSERT INTO isms_context (pkContext,nType,nState) VALUES (11195,2814,2702);
INSERT INTO rm_best_practice_standard (fkContext,fkStandard,fkBestPractice) VALUES (11195,10756,10720);
INSERT INTO isms_context_date (sUserName, nUserId, fkContext, nAction, ddate) VALUES ('Realiso Online',0,11195,2901,NOW());
INSERT INTO isms_context_date (sUserName, nUserId, fkContext, nAction, ddate) VALUES ('Realiso Online',0,11195,2902,NOW());

INSERT INTO isms_context (pkContext,nType,nState) VALUES (11196,2814,2702);
INSERT INTO rm_best_practice_standard (fkContext,fkStandard,fkBestPractice) VALUES (11196,10756,10721);
INSERT INTO isms_context_date (sUserName, nUserId, fkContext, nAction, ddate) VALUES ('Realiso Online',0,11196,2901,NOW());
INSERT INTO isms_context_date (sUserName, nUserId, fkContext, nAction, ddate) VALUES ('Realiso Online',0,11196,2902,NOW());

INSERT INTO isms_context (pkContext,nType,nState) VALUES (11197,2814,2702);
INSERT INTO rm_best_practice_standard (fkContext,fkStandard,fkBestPractice) VALUES (11197,10756,10722);
INSERT INTO isms_context_date (sUserName, nUserId, fkContext, nAction, ddate) VALUES ('Realiso Online',0,11197,2901,NOW());
INSERT INTO isms_context_date (sUserName, nUserId, fkContext, nAction, ddate) VALUES ('Realiso Online',0,11197,2902,NOW());

INSERT INTO isms_context (pkContext,nType,nState) VALUES (11198,2814,2702);
INSERT INTO rm_best_practice_standard (fkContext,fkStandard,fkBestPractice) VALUES (11198,10756,10723);
INSERT INTO isms_context_date (sUserName, nUserId, fkContext, nAction, ddate) VALUES ('Realiso Online',0,11198,2901,NOW());
INSERT INTO isms_context_date (sUserName, nUserId, fkContext, nAction, ddate) VALUES ('Realiso Online',0,11198,2902,NOW());

INSERT INTO isms_context (pkContext,nType,nState) VALUES (11199,2814,2702);
INSERT INTO rm_best_practice_standard (fkContext,fkStandard,fkBestPractice) VALUES (11199,10756,10724);
INSERT INTO isms_context_date (sUserName, nUserId, fkContext, nAction, ddate) VALUES ('Realiso Online',0,11199,2901,NOW());
INSERT INTO isms_context_date (sUserName, nUserId, fkContext, nAction, ddate) VALUES ('Realiso Online',0,11199,2902,NOW());

INSERT INTO isms_context (pkContext,nType,nState) VALUES (11200,2814,2702);
INSERT INTO rm_best_practice_standard (fkContext,fkStandard,fkBestPractice) VALUES (11200,10756,10726);
INSERT INTO isms_context_date (sUserName, nUserId, fkContext, nAction, ddate) VALUES ('Realiso Online',0,11200,2901,NOW());
INSERT INTO isms_context_date (sUserName, nUserId, fkContext, nAction, ddate) VALUES ('Realiso Online',0,11200,2902,NOW());

INSERT INTO isms_context (pkContext,nType,nState) VALUES (11201,2814,2702);
INSERT INTO rm_best_practice_standard (fkContext,fkStandard,fkBestPractice) VALUES (11201,10756,10736);
INSERT INTO isms_context_date (sUserName, nUserId, fkContext, nAction, ddate) VALUES ('Realiso Online',0,11201,2901,NOW());
INSERT INTO isms_context_date (sUserName, nUserId, fkContext, nAction, ddate) VALUES ('Realiso Online',0,11201,2902,NOW());

INSERT INTO isms_context (pkContext,nType,nState) VALUES (11202,2814,2702);
INSERT INTO rm_best_practice_standard (fkContext,fkStandard,fkBestPractice) VALUES (11202,10756,10727);
INSERT INTO isms_context_date (sUserName, nUserId, fkContext, nAction, ddate) VALUES ('Realiso Online',0,11202,2901,NOW());
INSERT INTO isms_context_date (sUserName, nUserId, fkContext, nAction, ddate) VALUES ('Realiso Online',0,11202,2902,NOW());

INSERT INTO isms_context (pkContext,nType,nState) VALUES (11203,2814,2702);
INSERT INTO rm_best_practice_standard (fkContext,fkStandard,fkBestPractice) VALUES (11203,10756,10728);
INSERT INTO isms_context_date (sUserName, nUserId, fkContext, nAction, ddate) VALUES ('Realiso Online',0,11203,2901,NOW());
INSERT INTO isms_context_date (sUserName, nUserId, fkContext, nAction, ddate) VALUES ('Realiso Online',0,11203,2902,NOW());

INSERT INTO isms_context (pkContext,nType,nState) VALUES (11204,2814,2702);
INSERT INTO rm_best_practice_standard (fkContext,fkStandard,fkBestPractice) VALUES (11204,10756,10729);
INSERT INTO isms_context_date (sUserName, nUserId, fkContext, nAction, ddate) VALUES ('Realiso Online',0,11204,2901,NOW());
INSERT INTO isms_context_date (sUserName, nUserId, fkContext, nAction, ddate) VALUES ('Realiso Online',0,11204,2902,NOW());

INSERT INTO isms_context (pkContext,nType,nState) VALUES (11205,2814,2702);
INSERT INTO rm_best_practice_standard (fkContext,fkStandard,fkBestPractice) VALUES (11205,10756,10730);
INSERT INTO isms_context_date (sUserName, nUserId, fkContext, nAction, ddate) VALUES ('Realiso Online',0,11205,2901,NOW());
INSERT INTO isms_context_date (sUserName, nUserId, fkContext, nAction, ddate) VALUES ('Realiso Online',0,11205,2902,NOW());

INSERT INTO isms_context (pkContext,nType,nState) VALUES (11206,2814,2702);
INSERT INTO rm_best_practice_standard (fkContext,fkStandard,fkBestPractice) VALUES (11206,10756,10731);
INSERT INTO isms_context_date (sUserName, nUserId, fkContext, nAction, ddate) VALUES ('Realiso Online',0,11206,2901,NOW());
INSERT INTO isms_context_date (sUserName, nUserId, fkContext, nAction, ddate) VALUES ('Realiso Online',0,11206,2902,NOW());

INSERT INTO isms_context (pkContext,nType,nState) VALUES (11207,2814,2702);
INSERT INTO rm_best_practice_standard (fkContext,fkStandard,fkBestPractice) VALUES (11207,10756,10732);
INSERT INTO isms_context_date (sUserName, nUserId, fkContext, nAction, ddate) VALUES ('Realiso Online',0,11207,2901,NOW());
INSERT INTO isms_context_date (sUserName, nUserId, fkContext, nAction, ddate) VALUES ('Realiso Online',0,11207,2902,NOW());

INSERT INTO isms_context (pkContext,nType,nState) VALUES (11208,2814,2702);
INSERT INTO rm_best_practice_standard (fkContext,fkStandard,fkBestPractice) VALUES (11208,10756,10737);
INSERT INTO isms_context_date (sUserName, nUserId, fkContext, nAction, ddate) VALUES ('Realiso Online',0,11208,2901,NOW());
INSERT INTO isms_context_date (sUserName, nUserId, fkContext, nAction, ddate) VALUES ('Realiso Online',0,11208,2902,NOW());

INSERT INTO isms_context (pkContext,nType,nState) VALUES (11209,2814,2702);
INSERT INTO rm_best_practice_standard (fkContext,fkStandard,fkBestPractice) VALUES (11209,10756,10733);
INSERT INTO isms_context_date (sUserName, nUserId, fkContext, nAction, ddate) VALUES ('Realiso Online',0,11209,2901,NOW());
INSERT INTO isms_context_date (sUserName, nUserId, fkContext, nAction, ddate) VALUES ('Realiso Online',0,11209,2902,NOW());

INSERT INTO isms_context (pkContext,nType,nState) VALUES (11210,2814,2702);
INSERT INTO rm_best_practice_standard (fkContext,fkStandard,fkBestPractice) VALUES (11210,10756,10734);
INSERT INTO isms_context_date (sUserName, nUserId, fkContext, nAction, ddate) VALUES ('Realiso Online',0,11210,2901,NOW());
INSERT INTO isms_context_date (sUserName, nUserId, fkContext, nAction, ddate) VALUES ('Realiso Online',0,11210,2902,NOW());

INSERT INTO isms_context (pkContext,nType,nState) VALUES (11211,2814,2702);
INSERT INTO rm_best_practice_standard (fkContext,fkStandard,fkBestPractice) VALUES (11211,10756,10735);
INSERT INTO isms_context_date (sUserName, nUserId, fkContext, nAction, ddate) VALUES ('Realiso Online',0,11211,2901,NOW());
INSERT INTO isms_context_date (sUserName, nUserId, fkContext, nAction, ddate) VALUES ('Realiso Online',0,11211,2902,NOW());

INSERT INTO isms_context (pkContext,nType,nState) VALUES (11212,2814,2702);
INSERT INTO rm_best_practice_standard (fkContext,fkStandard,fkBestPractice) VALUES (11212,10756,10739);
INSERT INTO isms_context_date (sUserName, nUserId, fkContext, nAction, ddate) VALUES ('Realiso Online',0,11212,2901,NOW());
INSERT INTO isms_context_date (sUserName, nUserId, fkContext, nAction, ddate) VALUES ('Realiso Online',0,11212,2902,NOW());

INSERT INTO isms_context (pkContext,nType,nState) VALUES (11213,2814,2702);
INSERT INTO rm_best_practice_standard (fkContext,fkStandard,fkBestPractice) VALUES (11213,10756,10740);
INSERT INTO isms_context_date (sUserName, nUserId, fkContext, nAction, ddate) VALUES ('Realiso Online',0,11213,2901,NOW());
INSERT INTO isms_context_date (sUserName, nUserId, fkContext, nAction, ddate) VALUES ('Realiso Online',0,11213,2902,NOW());

INSERT INTO isms_context (pkContext,nType,nState) VALUES (11214,2814,2702);
INSERT INTO rm_best_practice_standard (fkContext,fkStandard,fkBestPractice) VALUES (11214,10756,10741);
INSERT INTO isms_context_date (sUserName, nUserId, fkContext, nAction, ddate) VALUES ('Realiso Online',0,11214,2901,NOW());
INSERT INTO isms_context_date (sUserName, nUserId, fkContext, nAction, ddate) VALUES ('Realiso Online',0,11214,2902,NOW());

INSERT INTO isms_context (pkContext,nType,nState) VALUES (11215,2814,2702);
INSERT INTO rm_best_practice_standard (fkContext,fkStandard,fkBestPractice) VALUES (11215,10756,10742);
INSERT INTO isms_context_date (sUserName, nUserId, fkContext, nAction, ddate) VALUES ('Realiso Online',0,11215,2901,NOW());
INSERT INTO isms_context_date (sUserName, nUserId, fkContext, nAction, ddate) VALUES ('Realiso Online',0,11215,2902,NOW());

INSERT INTO isms_context (pkContext,nType,nState) VALUES (11216,2814,2702);
INSERT INTO rm_best_practice_standard (fkContext,fkStandard,fkBestPractice) VALUES (11216,10756,10743);
INSERT INTO isms_context_date (sUserName, nUserId, fkContext, nAction, ddate) VALUES ('Realiso Online',0,11216,2901,NOW());
INSERT INTO isms_context_date (sUserName, nUserId, fkContext, nAction, ddate) VALUES ('Realiso Online',0,11216,2902,NOW());

INSERT INTO isms_context (pkContext,nType,nState) VALUES (11217,2814,2702);
INSERT INTO rm_best_practice_standard (fkContext,fkStandard,fkBestPractice) VALUES (11217,10756,10744);
INSERT INTO isms_context_date (sUserName, nUserId, fkContext, nAction, ddate) VALUES ('Realiso Online',0,11217,2901,NOW());
INSERT INTO isms_context_date (sUserName, nUserId, fkContext, nAction, ddate) VALUES ('Realiso Online',0,11217,2902,NOW());

INSERT INTO isms_context (pkContext,nType,nState) VALUES (11218,2814,2702);
INSERT INTO rm_best_practice_standard (fkContext,fkStandard,fkBestPractice) VALUES (11218,10756,10745);
INSERT INTO isms_context_date (sUserName, nUserId, fkContext, nAction, ddate) VALUES ('Realiso Online',0,11218,2901,NOW());
INSERT INTO isms_context_date (sUserName, nUserId, fkContext, nAction, ddate) VALUES ('Realiso Online',0,11218,2902,NOW());

INSERT INTO isms_context (pkContext,nType,nState) VALUES (11219,2814,2702);
INSERT INTO rm_best_practice_standard (fkContext,fkStandard,fkBestPractice) VALUES (11219,10756,10747);
INSERT INTO isms_context_date (sUserName, nUserId, fkContext, nAction, ddate) VALUES ('Realiso Online',0,11219,2901,NOW());
INSERT INTO isms_context_date (sUserName, nUserId, fkContext, nAction, ddate) VALUES ('Realiso Online',0,11219,2902,NOW());

INSERT INTO isms_context (pkContext,nType,nState) VALUES (11220,2814,2702);
INSERT INTO rm_best_practice_standard (fkContext,fkStandard,fkBestPractice) VALUES (11220,10756,10748);
INSERT INTO isms_context_date (sUserName, nUserId, fkContext, nAction, ddate) VALUES ('Realiso Online',0,11220,2901,NOW());
INSERT INTO isms_context_date (sUserName, nUserId, fkContext, nAction, ddate) VALUES ('Realiso Online',0,11220,2902,NOW());

INSERT INTO isms_context (pkContext,nType,nState) VALUES (11221,2814,2702);
INSERT INTO rm_best_practice_standard (fkContext,fkStandard,fkBestPractice) VALUES (11221,10756,10749);
INSERT INTO isms_context_date (sUserName, nUserId, fkContext, nAction, ddate) VALUES ('Realiso Online',0,11221,2901,NOW());
INSERT INTO isms_context_date (sUserName, nUserId, fkContext, nAction, ddate) VALUES ('Realiso Online',0,11221,2902,NOW());

INSERT INTO isms_context (pkContext,nType,nState) VALUES (11222,2814,2702);
INSERT INTO rm_best_practice_standard (fkContext,fkStandard,fkBestPractice) VALUES (11222,10756,10750);
INSERT INTO isms_context_date (sUserName, nUserId, fkContext, nAction, ddate) VALUES ('Realiso Online',0,11222,2901,NOW());
INSERT INTO isms_context_date (sUserName, nUserId, fkContext, nAction, ddate) VALUES ('Realiso Online',0,11222,2902,NOW());

INSERT INTO isms_context (pkContext,nType,nState) VALUES (11223,2814,2702);
INSERT INTO rm_best_practice_standard (fkContext,fkStandard,fkBestPractice) VALUES (11223,10756,10751);
INSERT INTO isms_context_date (sUserName, nUserId, fkContext, nAction, ddate) VALUES ('Realiso Online',0,11223,2901,NOW());
INSERT INTO isms_context_date (sUserName, nUserId, fkContext, nAction, ddate) VALUES ('Realiso Online',0,11223,2902,NOW());

INSERT INTO isms_context (pkContext,nType,nState) VALUES (11224,2814,2702);
INSERT INTO rm_best_practice_standard (fkContext,fkStandard,fkBestPractice) VALUES (11224,10756,10752);
INSERT INTO isms_context_date (sUserName, nUserId, fkContext, nAction, ddate) VALUES ('Realiso Online',0,11224,2901,NOW());
INSERT INTO isms_context_date (sUserName, nUserId, fkContext, nAction, ddate) VALUES ('Realiso Online',0,11224,2902,NOW());

