INSERT INTO isms_context (pkContext,nType,nState) VALUES (4000,2812,2702);
INSERT INTO rm_best_practice_event (fkContext,fkBestPractice,fkEvent) VALUES (4000,1800,300);
INSERT INTO isms_context_date (sUserName, nUserId, fkContext, nAction, ddate) VALUES ('Realiso Online',0,4000,2901,NOW());
INSERT INTO isms_context_date (sUserName, nUserId, fkContext, nAction, ddate) VALUES ('Realiso Online',0,4000,2902,NOW());

INSERT INTO isms_context (pkContext,nType,nState) VALUES (4001,2812,2702);
INSERT INTO rm_best_practice_event (fkContext,fkBestPractice,fkEvent) VALUES (4001,1800,301);
INSERT INTO isms_context_date (sUserName, nUserId, fkContext, nAction, ddate) VALUES ('Realiso Online',0,4001,2901,NOW());
INSERT INTO isms_context_date (sUserName, nUserId, fkContext, nAction, ddate) VALUES ('Realiso Online',0,4001,2902,NOW());

INSERT INTO isms_context (pkContext,nType,nState) VALUES (4002,2812,2702);
INSERT INTO rm_best_practice_event (fkContext,fkBestPractice,fkEvent) VALUES (4002,1800,302);
INSERT INTO isms_context_date (sUserName, nUserId, fkContext, nAction, ddate) VALUES ('Realiso Online',0,4002,2901,NOW());
INSERT INTO isms_context_date (sUserName, nUserId, fkContext, nAction, ddate) VALUES ('Realiso Online',0,4002,2902,NOW());

INSERT INTO isms_context (pkContext,nType,nState) VALUES (4003,2812,2702);
INSERT INTO rm_best_practice_event (fkContext,fkBestPractice,fkEvent) VALUES (4003,1800,303);
INSERT INTO isms_context_date (sUserName, nUserId, fkContext, nAction, ddate) VALUES ('Realiso Online',0,4003,2901,NOW());
INSERT INTO isms_context_date (sUserName, nUserId, fkContext, nAction, ddate) VALUES ('Realiso Online',0,4003,2902,NOW());

INSERT INTO isms_context (pkContext,nType,nState) VALUES (4004,2812,2702);
INSERT INTO rm_best_practice_event (fkContext,fkBestPractice,fkEvent) VALUES (4004,1800,304);
INSERT INTO isms_context_date (sUserName, nUserId, fkContext, nAction, ddate) VALUES ('Realiso Online',0,4004,2901,NOW());
INSERT INTO isms_context_date (sUserName, nUserId, fkContext, nAction, ddate) VALUES ('Realiso Online',0,4004,2902,NOW());

INSERT INTO isms_context (pkContext,nType,nState) VALUES (4005,2812,2702);
INSERT INTO rm_best_practice_event (fkContext,fkBestPractice,fkEvent) VALUES (4005,1800,305);
INSERT INTO isms_context_date (sUserName, nUserId, fkContext, nAction, ddate) VALUES ('Realiso Online',0,4005,2901,NOW());
INSERT INTO isms_context_date (sUserName, nUserId, fkContext, nAction, ddate) VALUES ('Realiso Online',0,4005,2902,NOW());

INSERT INTO isms_context (pkContext,nType,nState) VALUES (4007,2812,2702);
INSERT INTO rm_best_practice_event (fkContext,fkBestPractice,fkEvent) VALUES (4007,1801,307);
INSERT INTO isms_context_date (sUserName, nUserId, fkContext, nAction, ddate) VALUES ('Realiso Online',0,4007,2901,NOW());
INSERT INTO isms_context_date (sUserName, nUserId, fkContext, nAction, ddate) VALUES ('Realiso Online',0,4007,2902,NOW());

INSERT INTO isms_context (pkContext,nType,nState) VALUES (4008,2812,2702);
INSERT INTO rm_best_practice_event (fkContext,fkBestPractice,fkEvent) VALUES (4008,1801,308);
INSERT INTO isms_context_date (sUserName, nUserId, fkContext, nAction, ddate) VALUES ('Realiso Online',0,4008,2901,NOW());
INSERT INTO isms_context_date (sUserName, nUserId, fkContext, nAction, ddate) VALUES ('Realiso Online',0,4008,2902,NOW());

INSERT INTO isms_context (pkContext,nType,nState) VALUES (4009,2812,2702);
INSERT INTO rm_best_practice_event (fkContext,fkBestPractice,fkEvent) VALUES (4009,1802,309);
INSERT INTO isms_context_date (sUserName, nUserId, fkContext, nAction, ddate) VALUES ('Realiso Online',0,4009,2901,NOW());
INSERT INTO isms_context_date (sUserName, nUserId, fkContext, nAction, ddate) VALUES ('Realiso Online',0,4009,2902,NOW());

INSERT INTO isms_context (pkContext,nType,nState) VALUES (4010,2812,2702);
INSERT INTO rm_best_practice_event (fkContext,fkBestPractice,fkEvent) VALUES (4010,1802,310);
INSERT INTO isms_context_date (sUserName, nUserId, fkContext, nAction, ddate) VALUES ('Realiso Online',0,4010,2901,NOW());
INSERT INTO isms_context_date (sUserName, nUserId, fkContext, nAction, ddate) VALUES ('Realiso Online',0,4010,2902,NOW());

INSERT INTO isms_context (pkContext,nType,nState) VALUES (4011,2812,2702);
INSERT INTO rm_best_practice_event (fkContext,fkBestPractice,fkEvent) VALUES (4011,1802,311);
INSERT INTO isms_context_date (sUserName, nUserId, fkContext, nAction, ddate) VALUES ('Realiso Online',0,4011,2901,NOW());
INSERT INTO isms_context_date (sUserName, nUserId, fkContext, nAction, ddate) VALUES ('Realiso Online',0,4011,2902,NOW());

INSERT INTO isms_context (pkContext,nType,nState) VALUES (4012,2812,2702);
INSERT INTO rm_best_practice_event (fkContext,fkBestPractice,fkEvent) VALUES (4012,1802,312);
INSERT INTO isms_context_date (sUserName, nUserId, fkContext, nAction, ddate) VALUES ('Realiso Online',0,4012,2901,NOW());
INSERT INTO isms_context_date (sUserName, nUserId, fkContext, nAction, ddate) VALUES ('Realiso Online',0,4012,2902,NOW());

INSERT INTO isms_context (pkContext,nType,nState) VALUES (4013,2812,2702);
INSERT INTO rm_best_practice_event (fkContext,fkBestPractice,fkEvent) VALUES (4013,1802,314);
INSERT INTO isms_context_date (sUserName, nUserId, fkContext, nAction, ddate) VALUES ('Realiso Online',0,4013,2901,NOW());
INSERT INTO isms_context_date (sUserName, nUserId, fkContext, nAction, ddate) VALUES ('Realiso Online',0,4013,2902,NOW());

INSERT INTO isms_context (pkContext,nType,nState) VALUES (4014,2812,2702);
INSERT INTO rm_best_practice_event (fkContext,fkBestPractice,fkEvent) VALUES (4014,1802,313);
INSERT INTO isms_context_date (sUserName, nUserId, fkContext, nAction, ddate) VALUES ('Realiso Online',0,4014,2901,NOW());
INSERT INTO isms_context_date (sUserName, nUserId, fkContext, nAction, ddate) VALUES ('Realiso Online',0,4014,2902,NOW());

INSERT INTO isms_context (pkContext,nType,nState) VALUES (4015,2812,2702);
INSERT INTO rm_best_practice_event (fkContext,fkBestPractice,fkEvent) VALUES (4015,1802,315);
INSERT INTO isms_context_date (sUserName, nUserId, fkContext, nAction, ddate) VALUES ('Realiso Online',0,4015,2901,NOW());
INSERT INTO isms_context_date (sUserName, nUserId, fkContext, nAction, ddate) VALUES ('Realiso Online',0,4015,2902,NOW());

INSERT INTO isms_context (pkContext,nType,nState) VALUES (4016,2812,2702);
INSERT INTO rm_best_practice_event (fkContext,fkBestPractice,fkEvent) VALUES (4016,1803,316);
INSERT INTO isms_context_date (sUserName, nUserId, fkContext, nAction, ddate) VALUES ('Realiso Online',0,4016,2901,NOW());
INSERT INTO isms_context_date (sUserName, nUserId, fkContext, nAction, ddate) VALUES ('Realiso Online',0,4016,2902,NOW());

INSERT INTO isms_context (pkContext,nType,nState) VALUES (4017,2812,2702);
INSERT INTO rm_best_practice_event (fkContext,fkBestPractice,fkEvent) VALUES (4017,1803,317);
INSERT INTO isms_context_date (sUserName, nUserId, fkContext, nAction, ddate) VALUES ('Realiso Online',0,4017,2901,NOW());
INSERT INTO isms_context_date (sUserName, nUserId, fkContext, nAction, ddate) VALUES ('Realiso Online',0,4017,2902,NOW());

INSERT INTO isms_context (pkContext,nType,nState) VALUES (4018,2812,2702);
INSERT INTO rm_best_practice_event (fkContext,fkBestPractice,fkEvent) VALUES (4018,1803,319);
INSERT INTO isms_context_date (sUserName, nUserId, fkContext, nAction, ddate) VALUES ('Realiso Online',0,4018,2901,NOW());
INSERT INTO isms_context_date (sUserName, nUserId, fkContext, nAction, ddate) VALUES ('Realiso Online',0,4018,2902,NOW());

INSERT INTO isms_context (pkContext,nType,nState) VALUES (4019,2812,2702);
INSERT INTO rm_best_practice_event (fkContext,fkBestPractice,fkEvent) VALUES (4019,1803,318);
INSERT INTO isms_context_date (sUserName, nUserId, fkContext, nAction, ddate) VALUES ('Realiso Online',0,4019,2901,NOW());
INSERT INTO isms_context_date (sUserName, nUserId, fkContext, nAction, ddate) VALUES ('Realiso Online',0,4019,2902,NOW());

INSERT INTO isms_context (pkContext,nType,nState) VALUES (4020,2812,2702);
INSERT INTO rm_best_practice_event (fkContext,fkBestPractice,fkEvent) VALUES (4020,1803,320);
INSERT INTO isms_context_date (sUserName, nUserId, fkContext, nAction, ddate) VALUES ('Realiso Online',0,4020,2901,NOW());
INSERT INTO isms_context_date (sUserName, nUserId, fkContext, nAction, ddate) VALUES ('Realiso Online',0,4020,2902,NOW());

INSERT INTO isms_context (pkContext,nType,nState) VALUES (4022,2812,2702);
INSERT INTO rm_best_practice_event (fkContext,fkBestPractice,fkEvent) VALUES (4022,1804,324);
INSERT INTO isms_context_date (sUserName, nUserId, fkContext, nAction, ddate) VALUES ('Realiso Online',0,4022,2901,NOW());
INSERT INTO isms_context_date (sUserName, nUserId, fkContext, nAction, ddate) VALUES ('Realiso Online',0,4022,2902,NOW());

INSERT INTO isms_context (pkContext,nType,nState) VALUES (4023,2812,2702);
INSERT INTO rm_best_practice_event (fkContext,fkBestPractice,fkEvent) VALUES (4023,1804,325);
INSERT INTO isms_context_date (sUserName, nUserId, fkContext, nAction, ddate) VALUES ('Realiso Online',0,4023,2901,NOW());
INSERT INTO isms_context_date (sUserName, nUserId, fkContext, nAction, ddate) VALUES ('Realiso Online',0,4023,2902,NOW());

INSERT INTO isms_context (pkContext,nType,nState) VALUES (4024,2812,2702);
INSERT INTO rm_best_practice_event (fkContext,fkBestPractice,fkEvent) VALUES (4024,1804,322);
INSERT INTO isms_context_date (sUserName, nUserId, fkContext, nAction, ddate) VALUES ('Realiso Online',0,4024,2901,NOW());
INSERT INTO isms_context_date (sUserName, nUserId, fkContext, nAction, ddate) VALUES ('Realiso Online',0,4024,2902,NOW());

INSERT INTO isms_context (pkContext,nType,nState) VALUES (4025,2812,2702);
INSERT INTO rm_best_practice_event (fkContext,fkBestPractice,fkEvent) VALUES (4025,1804,321);
INSERT INTO isms_context_date (sUserName, nUserId, fkContext, nAction, ddate) VALUES ('Realiso Online',0,4025,2901,NOW());
INSERT INTO isms_context_date (sUserName, nUserId, fkContext, nAction, ddate) VALUES ('Realiso Online',0,4025,2902,NOW());

INSERT INTO isms_context (pkContext,nType,nState) VALUES (4031,2812,2702);
INSERT INTO rm_best_practice_event (fkContext,fkBestPractice,fkEvent) VALUES (4031,1805,326);
INSERT INTO isms_context_date (sUserName, nUserId, fkContext, nAction, ddate) VALUES ('Realiso Online',0,4031,2901,NOW());
INSERT INTO isms_context_date (sUserName, nUserId, fkContext, nAction, ddate) VALUES ('Realiso Online',0,4031,2902,NOW());

INSERT INTO isms_context (pkContext,nType,nState) VALUES (4032,2812,2702);
INSERT INTO rm_best_practice_event (fkContext,fkBestPractice,fkEvent) VALUES (4032,1805,327);
INSERT INTO isms_context_date (sUserName, nUserId, fkContext, nAction, ddate) VALUES ('Realiso Online',0,4032,2901,NOW());
INSERT INTO isms_context_date (sUserName, nUserId, fkContext, nAction, ddate) VALUES ('Realiso Online',0,4032,2902,NOW());

INSERT INTO isms_context (pkContext,nType,nState) VALUES (4033,2812,2702);
INSERT INTO rm_best_practice_event (fkContext,fkBestPractice,fkEvent) VALUES (4033,1805,328);
INSERT INTO isms_context_date (sUserName, nUserId, fkContext, nAction, ddate) VALUES ('Realiso Online',0,4033,2901,NOW());
INSERT INTO isms_context_date (sUserName, nUserId, fkContext, nAction, ddate) VALUES ('Realiso Online',0,4033,2902,NOW());

INSERT INTO isms_context (pkContext,nType,nState) VALUES (4039,2812,2702);
INSERT INTO rm_best_practice_event (fkContext,fkBestPractice,fkEvent) VALUES (4039,1805,334);
INSERT INTO isms_context_date (sUserName, nUserId, fkContext, nAction, ddate) VALUES ('Realiso Online',0,4039,2901,NOW());
INSERT INTO isms_context_date (sUserName, nUserId, fkContext, nAction, ddate) VALUES ('Realiso Online',0,4039,2902,NOW());

INSERT INTO isms_context (pkContext,nType,nState) VALUES (4040,2812,2702);
INSERT INTO rm_best_practice_event (fkContext,fkBestPractice,fkEvent) VALUES (4040,1805,335);
INSERT INTO isms_context_date (sUserName, nUserId, fkContext, nAction, ddate) VALUES ('Realiso Online',0,4040,2901,NOW());
INSERT INTO isms_context_date (sUserName, nUserId, fkContext, nAction, ddate) VALUES ('Realiso Online',0,4040,2902,NOW());

INSERT INTO isms_context (pkContext,nType,nState) VALUES (4042,2812,2702);
INSERT INTO rm_best_practice_event (fkContext,fkBestPractice,fkEvent) VALUES (4042,1806,343);
INSERT INTO isms_context_date (sUserName, nUserId, fkContext, nAction, ddate) VALUES ('Realiso Online',0,4042,2901,NOW());
INSERT INTO isms_context_date (sUserName, nUserId, fkContext, nAction, ddate) VALUES ('Realiso Online',0,4042,2902,NOW());

INSERT INTO isms_context (pkContext,nType,nState) VALUES (4043,2812,2702);
INSERT INTO rm_best_practice_event (fkContext,fkBestPractice,fkEvent) VALUES (4043,1806,344);
INSERT INTO isms_context_date (sUserName, nUserId, fkContext, nAction, ddate) VALUES ('Realiso Online',0,4043,2901,NOW());
INSERT INTO isms_context_date (sUserName, nUserId, fkContext, nAction, ddate) VALUES ('Realiso Online',0,4043,2902,NOW());

INSERT INTO isms_context (pkContext,nType,nState) VALUES (4044,2812,2702);
INSERT INTO rm_best_practice_event (fkContext,fkBestPractice,fkEvent) VALUES (4044,1806,345);
INSERT INTO isms_context_date (sUserName, nUserId, fkContext, nAction, ddate) VALUES ('Realiso Online',0,4044,2901,NOW());
INSERT INTO isms_context_date (sUserName, nUserId, fkContext, nAction, ddate) VALUES ('Realiso Online',0,4044,2902,NOW());

INSERT INTO isms_context (pkContext,nType,nState) VALUES (4046,2812,2702);
INSERT INTO rm_best_practice_event (fkContext,fkBestPractice,fkEvent) VALUES (4046,1806,347);
INSERT INTO isms_context_date (sUserName, nUserId, fkContext, nAction, ddate) VALUES ('Realiso Online',0,4046,2901,NOW());
INSERT INTO isms_context_date (sUserName, nUserId, fkContext, nAction, ddate) VALUES ('Realiso Online',0,4046,2902,NOW());

INSERT INTO isms_context (pkContext,nType,nState) VALUES (4047,2812,2702);
INSERT INTO rm_best_practice_event (fkContext,fkBestPractice,fkEvent) VALUES (4047,1807,348);
INSERT INTO isms_context_date (sUserName, nUserId, fkContext, nAction, ddate) VALUES ('Realiso Online',0,4047,2901,NOW());
INSERT INTO isms_context_date (sUserName, nUserId, fkContext, nAction, ddate) VALUES ('Realiso Online',0,4047,2902,NOW());

INSERT INTO isms_context (pkContext,nType,nState) VALUES (4048,2812,2702);
INSERT INTO rm_best_practice_event (fkContext,fkBestPractice,fkEvent) VALUES (4048,1807,349);
INSERT INTO isms_context_date (sUserName, nUserId, fkContext, nAction, ddate) VALUES ('Realiso Online',0,4048,2901,NOW());
INSERT INTO isms_context_date (sUserName, nUserId, fkContext, nAction, ddate) VALUES ('Realiso Online',0,4048,2902,NOW());

INSERT INTO isms_context (pkContext,nType,nState) VALUES (4049,2812,2702);
INSERT INTO rm_best_practice_event (fkContext,fkBestPractice,fkEvent) VALUES (4049,1807,350);
INSERT INTO isms_context_date (sUserName, nUserId, fkContext, nAction, ddate) VALUES ('Realiso Online',0,4049,2901,NOW());
INSERT INTO isms_context_date (sUserName, nUserId, fkContext, nAction, ddate) VALUES ('Realiso Online',0,4049,2902,NOW());

INSERT INTO isms_context (pkContext,nType,nState) VALUES (4050,2812,2702);
INSERT INTO rm_best_practice_event (fkContext,fkBestPractice,fkEvent) VALUES (4050,1807,351);
INSERT INTO isms_context_date (sUserName, nUserId, fkContext, nAction, ddate) VALUES ('Realiso Online',0,4050,2901,NOW());
INSERT INTO isms_context_date (sUserName, nUserId, fkContext, nAction, ddate) VALUES ('Realiso Online',0,4050,2902,NOW());

INSERT INTO isms_context (pkContext,nType,nState) VALUES (4051,2812,2702);
INSERT INTO rm_best_practice_event (fkContext,fkBestPractice,fkEvent) VALUES (4051,1808,354);
INSERT INTO isms_context_date (sUserName, nUserId, fkContext, nAction, ddate) VALUES ('Realiso Online',0,4051,2901,NOW());
INSERT INTO isms_context_date (sUserName, nUserId, fkContext, nAction, ddate) VALUES ('Realiso Online',0,4051,2902,NOW());

INSERT INTO isms_context (pkContext,nType,nState) VALUES (4052,2812,2702);
INSERT INTO rm_best_practice_event (fkContext,fkBestPractice,fkEvent) VALUES (4052,1808,352);
INSERT INTO isms_context_date (sUserName, nUserId, fkContext, nAction, ddate) VALUES ('Realiso Online',0,4052,2901,NOW());
INSERT INTO isms_context_date (sUserName, nUserId, fkContext, nAction, ddate) VALUES ('Realiso Online',0,4052,2902,NOW());

INSERT INTO isms_context (pkContext,nType,nState) VALUES (4053,2812,2702);
INSERT INTO rm_best_practice_event (fkContext,fkBestPractice,fkEvent) VALUES (4053,1808,353);
INSERT INTO isms_context_date (sUserName, nUserId, fkContext, nAction, ddate) VALUES ('Realiso Online',0,4053,2901,NOW());
INSERT INTO isms_context_date (sUserName, nUserId, fkContext, nAction, ddate) VALUES ('Realiso Online',0,4053,2902,NOW());

INSERT INTO isms_context (pkContext,nType,nState) VALUES (4054,2812,2702);
INSERT INTO rm_best_practice_event (fkContext,fkBestPractice,fkEvent) VALUES (4054,1809,355);
INSERT INTO isms_context_date (sUserName, nUserId, fkContext, nAction, ddate) VALUES ('Realiso Online',0,4054,2901,NOW());
INSERT INTO isms_context_date (sUserName, nUserId, fkContext, nAction, ddate) VALUES ('Realiso Online',0,4054,2902,NOW());

INSERT INTO isms_context (pkContext,nType,nState) VALUES (4055,2812,2702);
INSERT INTO rm_best_practice_event (fkContext,fkBestPractice,fkEvent) VALUES (4055,1809,356);
INSERT INTO isms_context_date (sUserName, nUserId, fkContext, nAction, ddate) VALUES ('Realiso Online',0,4055,2901,NOW());
INSERT INTO isms_context_date (sUserName, nUserId, fkContext, nAction, ddate) VALUES ('Realiso Online',0,4055,2902,NOW());

INSERT INTO isms_context (pkContext,nType,nState) VALUES (4056,2812,2702);
INSERT INTO rm_best_practice_event (fkContext,fkBestPractice,fkEvent) VALUES (4056,1809,357);
INSERT INTO isms_context_date (sUserName, nUserId, fkContext, nAction, ddate) VALUES ('Realiso Online',0,4056,2901,NOW());
INSERT INTO isms_context_date (sUserName, nUserId, fkContext, nAction, ddate) VALUES ('Realiso Online',0,4056,2902,NOW());

INSERT INTO isms_context (pkContext,nType,nState) VALUES (4058,2812,2702);
INSERT INTO rm_best_practice_event (fkContext,fkBestPractice,fkEvent) VALUES (4058,1810,359);
INSERT INTO isms_context_date (sUserName, nUserId, fkContext, nAction, ddate) VALUES ('Realiso Online',0,4058,2901,NOW());
INSERT INTO isms_context_date (sUserName, nUserId, fkContext, nAction, ddate) VALUES ('Realiso Online',0,4058,2902,NOW());

INSERT INTO isms_context (pkContext,nType,nState) VALUES (4059,2812,2702);
INSERT INTO rm_best_practice_event (fkContext,fkBestPractice,fkEvent) VALUES (4059,1810,360);
INSERT INTO isms_context_date (sUserName, nUserId, fkContext, nAction, ddate) VALUES ('Realiso Online',0,4059,2901,NOW());
INSERT INTO isms_context_date (sUserName, nUserId, fkContext, nAction, ddate) VALUES ('Realiso Online',0,4059,2902,NOW());

INSERT INTO isms_context (pkContext,nType,nState) VALUES (4061,2812,2702);
INSERT INTO rm_best_practice_event (fkContext,fkBestPractice,fkEvent) VALUES (4061,1810,362);
INSERT INTO isms_context_date (sUserName, nUserId, fkContext, nAction, ddate) VALUES ('Realiso Online',0,4061,2901,NOW());
INSERT INTO isms_context_date (sUserName, nUserId, fkContext, nAction, ddate) VALUES ('Realiso Online',0,4061,2902,NOW());

INSERT INTO isms_context (pkContext,nType,nState) VALUES (4062,2812,2702);
INSERT INTO rm_best_practice_event (fkContext,fkBestPractice,fkEvent) VALUES (4062,1810,363);
INSERT INTO isms_context_date (sUserName, nUserId, fkContext, nAction, ddate) VALUES ('Realiso Online',0,4062,2901,NOW());
INSERT INTO isms_context_date (sUserName, nUserId, fkContext, nAction, ddate) VALUES ('Realiso Online',0,4062,2902,NOW());

INSERT INTO isms_context (pkContext,nType,nState) VALUES (4063,2812,2702);
INSERT INTO rm_best_practice_event (fkContext,fkBestPractice,fkEvent) VALUES (4063,1810,364);
INSERT INTO isms_context_date (sUserName, nUserId, fkContext, nAction, ddate) VALUES ('Realiso Online',0,4063,2901,NOW());
INSERT INTO isms_context_date (sUserName, nUserId, fkContext, nAction, ddate) VALUES ('Realiso Online',0,4063,2902,NOW());

INSERT INTO isms_context (pkContext,nType,nState) VALUES (4064,2812,2702);
INSERT INTO rm_best_practice_event (fkContext,fkBestPractice,fkEvent) VALUES (4064,1810,365);
INSERT INTO isms_context_date (sUserName, nUserId, fkContext, nAction, ddate) VALUES ('Realiso Online',0,4064,2901,NOW());
INSERT INTO isms_context_date (sUserName, nUserId, fkContext, nAction, ddate) VALUES ('Realiso Online',0,4064,2902,NOW());

INSERT INTO isms_context (pkContext,nType,nState) VALUES (4066,2812,2702);
INSERT INTO rm_best_practice_event (fkContext,fkBestPractice,fkEvent) VALUES (4066,1810,369);
INSERT INTO isms_context_date (sUserName, nUserId, fkContext, nAction, ddate) VALUES ('Realiso Online',0,4066,2901,NOW());
INSERT INTO isms_context_date (sUserName, nUserId, fkContext, nAction, ddate) VALUES ('Realiso Online',0,4066,2902,NOW());

INSERT INTO isms_context (pkContext,nType,nState) VALUES (4068,2812,2702);
INSERT INTO rm_best_practice_event (fkContext,fkBestPractice,fkEvent) VALUES (4068,1810,367);
INSERT INTO isms_context_date (sUserName, nUserId, fkContext, nAction, ddate) VALUES ('Realiso Online',0,4068,2901,NOW());
INSERT INTO isms_context_date (sUserName, nUserId, fkContext, nAction, ddate) VALUES ('Realiso Online',0,4068,2902,NOW());

INSERT INTO isms_context (pkContext,nType,nState) VALUES (4069,2812,2702);
INSERT INTO rm_best_practice_event (fkContext,fkBestPractice,fkEvent) VALUES (4069,1810,371);
INSERT INTO isms_context_date (sUserName, nUserId, fkContext, nAction, ddate) VALUES ('Realiso Online',0,4069,2901,NOW());
INSERT INTO isms_context_date (sUserName, nUserId, fkContext, nAction, ddate) VALUES ('Realiso Online',0,4069,2902,NOW());

INSERT INTO isms_context (pkContext,nType,nState) VALUES (4070,2812,2702);
INSERT INTO rm_best_practice_event (fkContext,fkBestPractice,fkEvent) VALUES (4070,1810,372);
INSERT INTO isms_context_date (sUserName, nUserId, fkContext, nAction, ddate) VALUES ('Realiso Online',0,4070,2901,NOW());
INSERT INTO isms_context_date (sUserName, nUserId, fkContext, nAction, ddate) VALUES ('Realiso Online',0,4070,2902,NOW());

INSERT INTO isms_context (pkContext,nType,nState) VALUES (4072,2812,2702);
INSERT INTO rm_best_practice_event (fkContext,fkBestPractice,fkEvent) VALUES (4072,1810,410);
INSERT INTO isms_context_date (sUserName, nUserId, fkContext, nAction, ddate) VALUES ('Realiso Online',0,4072,2901,NOW());
INSERT INTO isms_context_date (sUserName, nUserId, fkContext, nAction, ddate) VALUES ('Realiso Online',0,4072,2902,NOW());

INSERT INTO isms_context (pkContext,nType,nState) VALUES (4073,2812,2702);
INSERT INTO rm_best_practice_event (fkContext,fkBestPractice,fkEvent) VALUES (4073,1810,374);
INSERT INTO isms_context_date (sUserName, nUserId, fkContext, nAction, ddate) VALUES ('Realiso Online',0,4073,2901,NOW());
INSERT INTO isms_context_date (sUserName, nUserId, fkContext, nAction, ddate) VALUES ('Realiso Online',0,4073,2902,NOW());

INSERT INTO isms_context (pkContext,nType,nState) VALUES (4074,2812,2702);
INSERT INTO rm_best_practice_event (fkContext,fkBestPractice,fkEvent) VALUES (4074,1810,375);
INSERT INTO isms_context_date (sUserName, nUserId, fkContext, nAction, ddate) VALUES ('Realiso Online',0,4074,2901,NOW());
INSERT INTO isms_context_date (sUserName, nUserId, fkContext, nAction, ddate) VALUES ('Realiso Online',0,4074,2902,NOW());

INSERT INTO isms_context (pkContext,nType,nState) VALUES (4076,2812,2702);
INSERT INTO rm_best_practice_event (fkContext,fkBestPractice,fkEvent) VALUES (4076,1811,378);
INSERT INTO isms_context_date (sUserName, nUserId, fkContext, nAction, ddate) VALUES ('Realiso Online',0,4076,2901,NOW());
INSERT INTO isms_context_date (sUserName, nUserId, fkContext, nAction, ddate) VALUES ('Realiso Online',0,4076,2902,NOW());

INSERT INTO isms_context (pkContext,nType,nState) VALUES (4083,2812,2702);
INSERT INTO rm_best_practice_event (fkContext,fkBestPractice,fkEvent) VALUES (4083,1812,385);
INSERT INTO isms_context_date (sUserName, nUserId, fkContext, nAction, ddate) VALUES ('Realiso Online',0,4083,2901,NOW());
INSERT INTO isms_context_date (sUserName, nUserId, fkContext, nAction, ddate) VALUES ('Realiso Online',0,4083,2902,NOW());

INSERT INTO isms_context (pkContext,nType,nState) VALUES (4084,2812,2702);
INSERT INTO rm_best_practice_event (fkContext,fkBestPractice,fkEvent) VALUES (4084,1812,386);
INSERT INTO isms_context_date (sUserName, nUserId, fkContext, nAction, ddate) VALUES ('Realiso Online',0,4084,2901,NOW());
INSERT INTO isms_context_date (sUserName, nUserId, fkContext, nAction, ddate) VALUES ('Realiso Online',0,4084,2902,NOW());

INSERT INTO isms_context (pkContext,nType,nState) VALUES (4085,2812,2702);
INSERT INTO rm_best_practice_event (fkContext,fkBestPractice,fkEvent) VALUES (4085,1812,387);
INSERT INTO isms_context_date (sUserName, nUserId, fkContext, nAction, ddate) VALUES ('Realiso Online',0,4085,2901,NOW());
INSERT INTO isms_context_date (sUserName, nUserId, fkContext, nAction, ddate) VALUES ('Realiso Online',0,4085,2902,NOW());

INSERT INTO isms_context (pkContext,nType,nState) VALUES (4086,2812,2702);
INSERT INTO rm_best_practice_event (fkContext,fkBestPractice,fkEvent) VALUES (4086,1812,388);
INSERT INTO isms_context_date (sUserName, nUserId, fkContext, nAction, ddate) VALUES ('Realiso Online',0,4086,2901,NOW());
INSERT INTO isms_context_date (sUserName, nUserId, fkContext, nAction, ddate) VALUES ('Realiso Online',0,4086,2902,NOW());

INSERT INTO isms_context (pkContext,nType,nState) VALUES (4087,2812,2702);
INSERT INTO rm_best_practice_event (fkContext,fkBestPractice,fkEvent) VALUES (4087,1812,389);
INSERT INTO isms_context_date (sUserName, nUserId, fkContext, nAction, ddate) VALUES ('Realiso Online',0,4087,2901,NOW());
INSERT INTO isms_context_date (sUserName, nUserId, fkContext, nAction, ddate) VALUES ('Realiso Online',0,4087,2902,NOW());

INSERT INTO isms_context (pkContext,nType,nState) VALUES (4088,2812,2702);
INSERT INTO rm_best_practice_event (fkContext,fkBestPractice,fkEvent) VALUES (4088,1812,390);
INSERT INTO isms_context_date (sUserName, nUserId, fkContext, nAction, ddate) VALUES ('Realiso Online',0,4088,2901,NOW());
INSERT INTO isms_context_date (sUserName, nUserId, fkContext, nAction, ddate) VALUES ('Realiso Online',0,4088,2902,NOW());

INSERT INTO isms_context (pkContext,nType,nState) VALUES (4089,2812,2702);
INSERT INTO rm_best_practice_event (fkContext,fkBestPractice,fkEvent) VALUES (4089,1812,398);
INSERT INTO isms_context_date (sUserName, nUserId, fkContext, nAction, ddate) VALUES ('Realiso Online',0,4089,2901,NOW());
INSERT INTO isms_context_date (sUserName, nUserId, fkContext, nAction, ddate) VALUES ('Realiso Online',0,4089,2902,NOW());

INSERT INTO isms_context (pkContext,nType,nState) VALUES (4090,2812,2702);
INSERT INTO rm_best_practice_event (fkContext,fkBestPractice,fkEvent) VALUES (4090,1812,399);
INSERT INTO isms_context_date (sUserName, nUserId, fkContext, nAction, ddate) VALUES ('Realiso Online',0,4090,2901,NOW());
INSERT INTO isms_context_date (sUserName, nUserId, fkContext, nAction, ddate) VALUES ('Realiso Online',0,4090,2902,NOW());

INSERT INTO isms_context (pkContext,nType,nState) VALUES (4091,2812,2702);
INSERT INTO rm_best_practice_event (fkContext,fkBestPractice,fkEvent) VALUES (4091,1812,400);
INSERT INTO isms_context_date (sUserName, nUserId, fkContext, nAction, ddate) VALUES ('Realiso Online',0,4091,2901,NOW());
INSERT INTO isms_context_date (sUserName, nUserId, fkContext, nAction, ddate) VALUES ('Realiso Online',0,4091,2902,NOW());

INSERT INTO isms_context (pkContext,nType,nState) VALUES (4092,2812,2702);
INSERT INTO rm_best_practice_event (fkContext,fkBestPractice,fkEvent) VALUES (4092,1812,401);
INSERT INTO isms_context_date (sUserName, nUserId, fkContext, nAction, ddate) VALUES ('Realiso Online',0,4092,2901,NOW());
INSERT INTO isms_context_date (sUserName, nUserId, fkContext, nAction, ddate) VALUES ('Realiso Online',0,4092,2902,NOW());

INSERT INTO isms_context (pkContext,nType,nState) VALUES (4093,2812,2702);
INSERT INTO rm_best_practice_event (fkContext,fkBestPractice,fkEvent) VALUES (4093,1812,395);
INSERT INTO isms_context_date (sUserName, nUserId, fkContext, nAction, ddate) VALUES ('Realiso Online',0,4093,2901,NOW());
INSERT INTO isms_context_date (sUserName, nUserId, fkContext, nAction, ddate) VALUES ('Realiso Online',0,4093,2902,NOW());

INSERT INTO isms_context (pkContext,nType,nState) VALUES (4094,2812,2702);
INSERT INTO rm_best_practice_event (fkContext,fkBestPractice,fkEvent) VALUES (4094,1812,396);
INSERT INTO isms_context_date (sUserName, nUserId, fkContext, nAction, ddate) VALUES ('Realiso Online',0,4094,2901,NOW());
INSERT INTO isms_context_date (sUserName, nUserId, fkContext, nAction, ddate) VALUES ('Realiso Online',0,4094,2902,NOW());

INSERT INTO isms_context (pkContext,nType,nState) VALUES (4095,2812,2702);
INSERT INTO rm_best_practice_event (fkContext,fkBestPractice,fkEvent) VALUES (4095,1812,397);
INSERT INTO isms_context_date (sUserName, nUserId, fkContext, nAction, ddate) VALUES ('Realiso Online',0,4095,2901,NOW());
INSERT INTO isms_context_date (sUserName, nUserId, fkContext, nAction, ddate) VALUES ('Realiso Online',0,4095,2902,NOW());

INSERT INTO isms_context (pkContext,nType,nState) VALUES (4097,2812,2702);
INSERT INTO rm_best_practice_event (fkContext,fkBestPractice,fkEvent) VALUES (4097,1812,392);
INSERT INTO isms_context_date (sUserName, nUserId, fkContext, nAction, ddate) VALUES ('Realiso Online',0,4097,2901,NOW());
INSERT INTO isms_context_date (sUserName, nUserId, fkContext, nAction, ddate) VALUES ('Realiso Online',0,4097,2902,NOW());

INSERT INTO isms_context (pkContext,nType,nState) VALUES (4098,2812,2702);
INSERT INTO rm_best_practice_event (fkContext,fkBestPractice,fkEvent) VALUES (4098,1812,393);
INSERT INTO isms_context_date (sUserName, nUserId, fkContext, nAction, ddate) VALUES ('Realiso Online',0,4098,2901,NOW());
INSERT INTO isms_context_date (sUserName, nUserId, fkContext, nAction, ddate) VALUES ('Realiso Online',0,4098,2902,NOW());

INSERT INTO isms_context (pkContext,nType,nState) VALUES (4099,2812,2702);
INSERT INTO rm_best_practice_event (fkContext,fkBestPractice,fkEvent) VALUES (4099,1812,394);
INSERT INTO isms_context_date (sUserName, nUserId, fkContext, nAction, ddate) VALUES ('Realiso Online',0,4099,2901,NOW());
INSERT INTO isms_context_date (sUserName, nUserId, fkContext, nAction, ddate) VALUES ('Realiso Online',0,4099,2902,NOW());

INSERT INTO isms_context (pkContext,nType,nState) VALUES (4100,2812,2702);
INSERT INTO rm_best_practice_event (fkContext,fkBestPractice,fkEvent) VALUES (4100,1812,402);
INSERT INTO isms_context_date (sUserName, nUserId, fkContext, nAction, ddate) VALUES ('Realiso Online',0,4100,2901,NOW());
INSERT INTO isms_context_date (sUserName, nUserId, fkContext, nAction, ddate) VALUES ('Realiso Online',0,4100,2902,NOW());

INSERT INTO isms_context (pkContext,nType,nState) VALUES (4101,2812,2702);
INSERT INTO rm_best_practice_event (fkContext,fkBestPractice,fkEvent) VALUES (4101,1812,403);
INSERT INTO isms_context_date (sUserName, nUserId, fkContext, nAction, ddate) VALUES ('Realiso Online',0,4101,2901,NOW());
INSERT INTO isms_context_date (sUserName, nUserId, fkContext, nAction, ddate) VALUES ('Realiso Online',0,4101,2902,NOW());

INSERT INTO isms_context (pkContext,nType,nState) VALUES (4102,2812,2702);
INSERT INTO rm_best_practice_event (fkContext,fkBestPractice,fkEvent) VALUES (4102,1812,404);
INSERT INTO isms_context_date (sUserName, nUserId, fkContext, nAction, ddate) VALUES ('Realiso Online',0,4102,2901,NOW());
INSERT INTO isms_context_date (sUserName, nUserId, fkContext, nAction, ddate) VALUES ('Realiso Online',0,4102,2902,NOW());

INSERT INTO isms_context (pkContext,nType,nState) VALUES (4103,2812,2702);
INSERT INTO rm_best_practice_event (fkContext,fkBestPractice,fkEvent) VALUES (4103,1812,405);
INSERT INTO isms_context_date (sUserName, nUserId, fkContext, nAction, ddate) VALUES ('Realiso Online',0,4103,2901,NOW());
INSERT INTO isms_context_date (sUserName, nUserId, fkContext, nAction, ddate) VALUES ('Realiso Online',0,4103,2902,NOW());

INSERT INTO isms_context (pkContext,nType,nState) VALUES (4104,2812,2702);
INSERT INTO rm_best_practice_event (fkContext,fkBestPractice,fkEvent) VALUES (4104,1812,409);
INSERT INTO isms_context_date (sUserName, nUserId, fkContext, nAction, ddate) VALUES ('Realiso Online',0,4104,2901,NOW());
INSERT INTO isms_context_date (sUserName, nUserId, fkContext, nAction, ddate) VALUES ('Realiso Online',0,4104,2902,NOW());

INSERT INTO isms_context (pkContext,nType,nState) VALUES (4105,2812,2702);
INSERT INTO rm_best_practice_event (fkContext,fkBestPractice,fkEvent) VALUES (4105,1812,410);
INSERT INTO isms_context_date (sUserName, nUserId, fkContext, nAction, ddate) VALUES ('Realiso Online',0,4105,2901,NOW());
INSERT INTO isms_context_date (sUserName, nUserId, fkContext, nAction, ddate) VALUES ('Realiso Online',0,4105,2902,NOW());

INSERT INTO isms_context (pkContext,nType,nState) VALUES (4106,2812,2702);
INSERT INTO rm_best_practice_event (fkContext,fkBestPractice,fkEvent) VALUES (4106,1812,411);
INSERT INTO isms_context_date (sUserName, nUserId, fkContext, nAction, ddate) VALUES ('Realiso Online',0,4106,2901,NOW());
INSERT INTO isms_context_date (sUserName, nUserId, fkContext, nAction, ddate) VALUES ('Realiso Online',0,4106,2902,NOW());

INSERT INTO isms_context (pkContext,nType,nState) VALUES (4107,2812,2702);
INSERT INTO rm_best_practice_event (fkContext,fkBestPractice,fkEvent) VALUES (4107,1812,412);
INSERT INTO isms_context_date (sUserName, nUserId, fkContext, nAction, ddate) VALUES ('Realiso Online',0,4107,2901,NOW());
INSERT INTO isms_context_date (sUserName, nUserId, fkContext, nAction, ddate) VALUES ('Realiso Online',0,4107,2902,NOW());

INSERT INTO isms_context (pkContext,nType,nState) VALUES (4108,2812,2702);
INSERT INTO rm_best_practice_event (fkContext,fkBestPractice,fkEvent) VALUES (4108,1812,413);
INSERT INTO isms_context_date (sUserName, nUserId, fkContext, nAction, ddate) VALUES ('Realiso Online',0,4108,2901,NOW());
INSERT INTO isms_context_date (sUserName, nUserId, fkContext, nAction, ddate) VALUES ('Realiso Online',0,4108,2902,NOW());

INSERT INTO isms_context (pkContext,nType,nState) VALUES (4109,2812,2702);
INSERT INTO rm_best_practice_event (fkContext,fkBestPractice,fkEvent) VALUES (4109,1812,414);
INSERT INTO isms_context_date (sUserName, nUserId, fkContext, nAction, ddate) VALUES ('Realiso Online',0,4109,2901,NOW());
INSERT INTO isms_context_date (sUserName, nUserId, fkContext, nAction, ddate) VALUES ('Realiso Online',0,4109,2902,NOW());

INSERT INTO isms_context (pkContext,nType,nState) VALUES (4110,2812,2702);
INSERT INTO rm_best_practice_event (fkContext,fkBestPractice,fkEvent) VALUES (4110,1812,406);
INSERT INTO isms_context_date (sUserName, nUserId, fkContext, nAction, ddate) VALUES ('Realiso Online',0,4110,2901,NOW());
INSERT INTO isms_context_date (sUserName, nUserId, fkContext, nAction, ddate) VALUES ('Realiso Online',0,4110,2902,NOW());

INSERT INTO isms_context (pkContext,nType,nState) VALUES (4111,2812,2702);
INSERT INTO rm_best_practice_event (fkContext,fkBestPractice,fkEvent) VALUES (4111,1812,407);
INSERT INTO isms_context_date (sUserName, nUserId, fkContext, nAction, ddate) VALUES ('Realiso Online',0,4111,2901,NOW());
INSERT INTO isms_context_date (sUserName, nUserId, fkContext, nAction, ddate) VALUES ('Realiso Online',0,4111,2902,NOW());

INSERT INTO isms_context (pkContext,nType,nState) VALUES (4112,2812,2702);
INSERT INTO rm_best_practice_event (fkContext,fkBestPractice,fkEvent) VALUES (4112,1812,408);
INSERT INTO isms_context_date (sUserName, nUserId, fkContext, nAction, ddate) VALUES ('Realiso Online',0,4112,2901,NOW());
INSERT INTO isms_context_date (sUserName, nUserId, fkContext, nAction, ddate) VALUES ('Realiso Online',0,4112,2902,NOW());

INSERT INTO isms_context (pkContext,nType,nState) VALUES (4113,2812,2702);
INSERT INTO rm_best_practice_event (fkContext,fkBestPractice,fkEvent) VALUES (4113,1812,416);
INSERT INTO isms_context_date (sUserName, nUserId, fkContext, nAction, ddate) VALUES ('Realiso Online',0,4113,2901,NOW());
INSERT INTO isms_context_date (sUserName, nUserId, fkContext, nAction, ddate) VALUES ('Realiso Online',0,4113,2902,NOW());

INSERT INTO isms_context (pkContext,nType,nState) VALUES (4114,2812,2702);
INSERT INTO rm_best_practice_event (fkContext,fkBestPractice,fkEvent) VALUES (4114,1812,417);
INSERT INTO isms_context_date (sUserName, nUserId, fkContext, nAction, ddate) VALUES ('Realiso Online',0,4114,2901,NOW());
INSERT INTO isms_context_date (sUserName, nUserId, fkContext, nAction, ddate) VALUES ('Realiso Online',0,4114,2902,NOW());

INSERT INTO isms_context (pkContext,nType,nState) VALUES (4115,2812,2702);
INSERT INTO rm_best_practice_event (fkContext,fkBestPractice,fkEvent) VALUES (4115,1812,418);
INSERT INTO isms_context_date (sUserName, nUserId, fkContext, nAction, ddate) VALUES ('Realiso Online',0,4115,2901,NOW());
INSERT INTO isms_context_date (sUserName, nUserId, fkContext, nAction, ddate) VALUES ('Realiso Online',0,4115,2902,NOW());

INSERT INTO isms_context (pkContext,nType,nState) VALUES (4116,2812,2702);
INSERT INTO rm_best_practice_event (fkContext,fkBestPractice,fkEvent) VALUES (4116,1812,419);
INSERT INTO isms_context_date (sUserName, nUserId, fkContext, nAction, ddate) VALUES ('Realiso Online',0,4116,2901,NOW());
INSERT INTO isms_context_date (sUserName, nUserId, fkContext, nAction, ddate) VALUES ('Realiso Online',0,4116,2902,NOW());

INSERT INTO isms_context (pkContext,nType,nState) VALUES (4117,2812,2702);
INSERT INTO rm_best_practice_event (fkContext,fkBestPractice,fkEvent) VALUES (4117,1812,415);
INSERT INTO isms_context_date (sUserName, nUserId, fkContext, nAction, ddate) VALUES ('Realiso Online',0,4117,2901,NOW());
INSERT INTO isms_context_date (sUserName, nUserId, fkContext, nAction, ddate) VALUES ('Realiso Online',0,4117,2902,NOW());

INSERT INTO isms_context (pkContext,nType,nState) VALUES (4118,2812,2702);
INSERT INTO rm_best_practice_event (fkContext,fkBestPractice,fkEvent) VALUES (4118,1813,421);
INSERT INTO isms_context_date (sUserName, nUserId, fkContext, nAction, ddate) VALUES ('Realiso Online',0,4118,2901,NOW());
INSERT INTO isms_context_date (sUserName, nUserId, fkContext, nAction, ddate) VALUES ('Realiso Online',0,4118,2902,NOW());

INSERT INTO isms_context (pkContext,nType,nState) VALUES (4119,2812,2702);
INSERT INTO rm_best_practice_event (fkContext,fkBestPractice,fkEvent) VALUES (4119,1813,422);
INSERT INTO isms_context_date (sUserName, nUserId, fkContext, nAction, ddate) VALUES ('Realiso Online',0,4119,2901,NOW());
INSERT INTO isms_context_date (sUserName, nUserId, fkContext, nAction, ddate) VALUES ('Realiso Online',0,4119,2902,NOW());

INSERT INTO isms_context (pkContext,nType,nState) VALUES (4120,2812,2702);
INSERT INTO rm_best_practice_event (fkContext,fkBestPractice,fkEvent) VALUES (4120,1813,420);
INSERT INTO isms_context_date (sUserName, nUserId, fkContext, nAction, ddate) VALUES ('Realiso Online',0,4120,2901,NOW());
INSERT INTO isms_context_date (sUserName, nUserId, fkContext, nAction, ddate) VALUES ('Realiso Online',0,4120,2902,NOW());

INSERT INTO isms_context (pkContext,nType,nState) VALUES (4121,2812,2702);
INSERT INTO rm_best_practice_event (fkContext,fkBestPractice,fkEvent) VALUES (4121,1813,424);
INSERT INTO isms_context_date (sUserName, nUserId, fkContext, nAction, ddate) VALUES ('Realiso Online',0,4121,2901,NOW());
INSERT INTO isms_context_date (sUserName, nUserId, fkContext, nAction, ddate) VALUES ('Realiso Online',0,4121,2902,NOW());

INSERT INTO isms_context (pkContext,nType,nState) VALUES (4122,2812,2702);
INSERT INTO rm_best_practice_event (fkContext,fkBestPractice,fkEvent) VALUES (4122,1813,423);
INSERT INTO isms_context_date (sUserName, nUserId, fkContext, nAction, ddate) VALUES ('Realiso Online',0,4122,2901,NOW());
INSERT INTO isms_context_date (sUserName, nUserId, fkContext, nAction, ddate) VALUES ('Realiso Online',0,4122,2902,NOW());

INSERT INTO isms_context (pkContext,nType,nState) VALUES (4123,2812,2702);
INSERT INTO rm_best_practice_event (fkContext,fkBestPractice,fkEvent) VALUES (4123,1813,425);
INSERT INTO isms_context_date (sUserName, nUserId, fkContext, nAction, ddate) VALUES ('Realiso Online',0,4123,2901,NOW());
INSERT INTO isms_context_date (sUserName, nUserId, fkContext, nAction, ddate) VALUES ('Realiso Online',0,4123,2902,NOW());

INSERT INTO isms_context (pkContext,nType,nState) VALUES (4124,2812,2702);
INSERT INTO rm_best_practice_event (fkContext,fkBestPractice,fkEvent) VALUES (4124,1814,428);
INSERT INTO isms_context_date (sUserName, nUserId, fkContext, nAction, ddate) VALUES ('Realiso Online',0,4124,2901,NOW());
INSERT INTO isms_context_date (sUserName, nUserId, fkContext, nAction, ddate) VALUES ('Realiso Online',0,4124,2902,NOW());

INSERT INTO isms_context (pkContext,nType,nState) VALUES (4125,2812,2702);
INSERT INTO rm_best_practice_event (fkContext,fkBestPractice,fkEvent) VALUES (4125,1814,427);
INSERT INTO isms_context_date (sUserName, nUserId, fkContext, nAction, ddate) VALUES ('Realiso Online',0,4125,2901,NOW());
INSERT INTO isms_context_date (sUserName, nUserId, fkContext, nAction, ddate) VALUES ('Realiso Online',0,4125,2902,NOW());

INSERT INTO isms_context (pkContext,nType,nState) VALUES (4126,2812,2702);
INSERT INTO rm_best_practice_event (fkContext,fkBestPractice,fkEvent) VALUES (4126,1814,426);
INSERT INTO isms_context_date (sUserName, nUserId, fkContext, nAction, ddate) VALUES ('Realiso Online',0,4126,2901,NOW());
INSERT INTO isms_context_date (sUserName, nUserId, fkContext, nAction, ddate) VALUES ('Realiso Online',0,4126,2902,NOW());

INSERT INTO isms_context (pkContext,nType,nState) VALUES (4128,2812,2702);
INSERT INTO rm_best_practice_event (fkContext,fkBestPractice,fkEvent) VALUES (4128,1815,430);
INSERT INTO isms_context_date (sUserName, nUserId, fkContext, nAction, ddate) VALUES ('Realiso Online',0,4128,2901,NOW());
INSERT INTO isms_context_date (sUserName, nUserId, fkContext, nAction, ddate) VALUES ('Realiso Online',0,4128,2902,NOW());

INSERT INTO isms_context (pkContext,nType,nState) VALUES (4129,2812,2702);
INSERT INTO rm_best_practice_event (fkContext,fkBestPractice,fkEvent) VALUES (4129,1815,431);
INSERT INTO isms_context_date (sUserName, nUserId, fkContext, nAction, ddate) VALUES ('Realiso Online',0,4129,2901,NOW());
INSERT INTO isms_context_date (sUserName, nUserId, fkContext, nAction, ddate) VALUES ('Realiso Online',0,4129,2902,NOW());

INSERT INTO isms_context (pkContext,nType,nState) VALUES (4134,2812,2702);
INSERT INTO rm_best_practice_event (fkContext,fkBestPractice,fkEvent) VALUES (4134,1815,435);
INSERT INTO isms_context_date (sUserName, nUserId, fkContext, nAction, ddate) VALUES ('Realiso Online',0,4134,2901,NOW());
INSERT INTO isms_context_date (sUserName, nUserId, fkContext, nAction, ddate) VALUES ('Realiso Online',0,4134,2902,NOW());

INSERT INTO isms_context (pkContext,nType,nState) VALUES (4135,2812,2702);
INSERT INTO rm_best_practice_event (fkContext,fkBestPractice,fkEvent) VALUES (4135,1815,436);
INSERT INTO isms_context_date (sUserName, nUserId, fkContext, nAction, ddate) VALUES ('Realiso Online',0,4135,2901,NOW());
INSERT INTO isms_context_date (sUserName, nUserId, fkContext, nAction, ddate) VALUES ('Realiso Online',0,4135,2902,NOW());

INSERT INTO isms_context (pkContext,nType,nState) VALUES (4136,2812,2702);
INSERT INTO rm_best_practice_event (fkContext,fkBestPractice,fkEvent) VALUES (4136,1816,438);
INSERT INTO isms_context_date (sUserName, nUserId, fkContext, nAction, ddate) VALUES ('Realiso Online',0,4136,2901,NOW());
INSERT INTO isms_context_date (sUserName, nUserId, fkContext, nAction, ddate) VALUES ('Realiso Online',0,4136,2902,NOW());

INSERT INTO isms_context (pkContext,nType,nState) VALUES (4137,2812,2702);
INSERT INTO rm_best_practice_event (fkContext,fkBestPractice,fkEvent) VALUES (4137,1816,439);
INSERT INTO isms_context_date (sUserName, nUserId, fkContext, nAction, ddate) VALUES ('Realiso Online',0,4137,2901,NOW());
INSERT INTO isms_context_date (sUserName, nUserId, fkContext, nAction, ddate) VALUES ('Realiso Online',0,4137,2902,NOW());

INSERT INTO isms_context (pkContext,nType,nState) VALUES (4138,2812,2702);
INSERT INTO rm_best_practice_event (fkContext,fkBestPractice,fkEvent) VALUES (4138,1816,440);
INSERT INTO isms_context_date (sUserName, nUserId, fkContext, nAction, ddate) VALUES ('Realiso Online',0,4138,2901,NOW());
INSERT INTO isms_context_date (sUserName, nUserId, fkContext, nAction, ddate) VALUES ('Realiso Online',0,4138,2902,NOW());

INSERT INTO isms_context (pkContext,nType,nState) VALUES (4139,2812,2702);
INSERT INTO rm_best_practice_event (fkContext,fkBestPractice,fkEvent) VALUES (4139,1817,447);
INSERT INTO isms_context_date (sUserName, nUserId, fkContext, nAction, ddate) VALUES ('Realiso Online',0,4139,2901,NOW());
INSERT INTO isms_context_date (sUserName, nUserId, fkContext, nAction, ddate) VALUES ('Realiso Online',0,4139,2902,NOW());

INSERT INTO isms_context (pkContext,nType,nState) VALUES (4140,2812,2702);
INSERT INTO rm_best_practice_event (fkContext,fkBestPractice,fkEvent) VALUES (4140,1817,441);
INSERT INTO isms_context_date (sUserName, nUserId, fkContext, nAction, ddate) VALUES ('Realiso Online',0,4140,2901,NOW());
INSERT INTO isms_context_date (sUserName, nUserId, fkContext, nAction, ddate) VALUES ('Realiso Online',0,4140,2902,NOW());

INSERT INTO isms_context (pkContext,nType,nState) VALUES (4144,2812,2702);
INSERT INTO rm_best_practice_event (fkContext,fkBestPractice,fkEvent) VALUES (4144,1817,442);
INSERT INTO isms_context_date (sUserName, nUserId, fkContext, nAction, ddate) VALUES ('Realiso Online',0,4144,2901,NOW());
INSERT INTO isms_context_date (sUserName, nUserId, fkContext, nAction, ddate) VALUES ('Realiso Online',0,4144,2902,NOW());

INSERT INTO isms_context (pkContext,nType,nState) VALUES (4145,2812,2702);
INSERT INTO rm_best_practice_event (fkContext,fkBestPractice,fkEvent) VALUES (4145,1817,446);
INSERT INTO isms_context_date (sUserName, nUserId, fkContext, nAction, ddate) VALUES ('Realiso Online',0,4145,2901,NOW());
INSERT INTO isms_context_date (sUserName, nUserId, fkContext, nAction, ddate) VALUES ('Realiso Online',0,4145,2902,NOW());

INSERT INTO isms_context (pkContext,nType,nState) VALUES (4147,2812,2702);
INSERT INTO rm_best_practice_event (fkContext,fkBestPractice,fkEvent) VALUES (4147,1818,455);
INSERT INTO isms_context_date (sUserName, nUserId, fkContext, nAction, ddate) VALUES ('Realiso Online',0,4147,2901,NOW());
INSERT INTO isms_context_date (sUserName, nUserId, fkContext, nAction, ddate) VALUES ('Realiso Online',0,4147,2902,NOW());

INSERT INTO isms_context (pkContext,nType,nState) VALUES (4148,2812,2702);
INSERT INTO rm_best_practice_event (fkContext,fkBestPractice,fkEvent) VALUES (4148,1818,456);
INSERT INTO isms_context_date (sUserName, nUserId, fkContext, nAction, ddate) VALUES ('Realiso Online',0,4148,2901,NOW());
INSERT INTO isms_context_date (sUserName, nUserId, fkContext, nAction, ddate) VALUES ('Realiso Online',0,4148,2902,NOW());

INSERT INTO isms_context (pkContext,nType,nState) VALUES (4149,2812,2702);
INSERT INTO rm_best_practice_event (fkContext,fkBestPractice,fkEvent) VALUES (4149,1818,451);
INSERT INTO isms_context_date (sUserName, nUserId, fkContext, nAction, ddate) VALUES ('Realiso Online',0,4149,2901,NOW());
INSERT INTO isms_context_date (sUserName, nUserId, fkContext, nAction, ddate) VALUES ('Realiso Online',0,4149,2902,NOW());

INSERT INTO isms_context (pkContext,nType,nState) VALUES (4150,2812,2702);
INSERT INTO rm_best_practice_event (fkContext,fkBestPractice,fkEvent) VALUES (4150,1818,453);
INSERT INTO isms_context_date (sUserName, nUserId, fkContext, nAction, ddate) VALUES ('Realiso Online',0,4150,2901,NOW());
INSERT INTO isms_context_date (sUserName, nUserId, fkContext, nAction, ddate) VALUES ('Realiso Online',0,4150,2902,NOW());

INSERT INTO isms_context (pkContext,nType,nState) VALUES (4151,2812,2702);
INSERT INTO rm_best_practice_event (fkContext,fkBestPractice,fkEvent) VALUES (4151,1818,452);
INSERT INTO isms_context_date (sUserName, nUserId, fkContext, nAction, ddate) VALUES ('Realiso Online',0,4151,2901,NOW());
INSERT INTO isms_context_date (sUserName, nUserId, fkContext, nAction, ddate) VALUES ('Realiso Online',0,4151,2902,NOW());

INSERT INTO isms_context (pkContext,nType,nState) VALUES (4153,2812,2702);
INSERT INTO rm_best_practice_event (fkContext,fkBestPractice,fkEvent) VALUES (4153,1818,448);
INSERT INTO isms_context_date (sUserName, nUserId, fkContext, nAction, ddate) VALUES ('Realiso Online',0,4153,2901,NOW());
INSERT INTO isms_context_date (sUserName, nUserId, fkContext, nAction, ddate) VALUES ('Realiso Online',0,4153,2902,NOW());

INSERT INTO isms_context (pkContext,nType,nState) VALUES (4154,2812,2702);
INSERT INTO rm_best_practice_event (fkContext,fkBestPractice,fkEvent) VALUES (4154,1818,450);
INSERT INTO isms_context_date (sUserName, nUserId, fkContext, nAction, ddate) VALUES ('Realiso Online',0,4154,2901,NOW());
INSERT INTO isms_context_date (sUserName, nUserId, fkContext, nAction, ddate) VALUES ('Realiso Online',0,4154,2902,NOW());

INSERT INTO isms_context (pkContext,nType,nState) VALUES (4156,2812,2702);
INSERT INTO rm_best_practice_event (fkContext,fkBestPractice,fkEvent) VALUES (4156,1819,455);
INSERT INTO isms_context_date (sUserName, nUserId, fkContext, nAction, ddate) VALUES ('Realiso Online',0,4156,2901,NOW());
INSERT INTO isms_context_date (sUserName, nUserId, fkContext, nAction, ddate) VALUES ('Realiso Online',0,4156,2902,NOW());

INSERT INTO isms_context (pkContext,nType,nState) VALUES (4157,2812,2702);
INSERT INTO rm_best_practice_event (fkContext,fkBestPractice,fkEvent) VALUES (4157,1819,456);
INSERT INTO isms_context_date (sUserName, nUserId, fkContext, nAction, ddate) VALUES ('Realiso Online',0,4157,2901,NOW());
INSERT INTO isms_context_date (sUserName, nUserId, fkContext, nAction, ddate) VALUES ('Realiso Online',0,4157,2902,NOW());

INSERT INTO isms_context (pkContext,nType,nState) VALUES (4158,2812,2702);
INSERT INTO rm_best_practice_event (fkContext,fkBestPractice,fkEvent) VALUES (4158,1819,451);
INSERT INTO isms_context_date (sUserName, nUserId, fkContext, nAction, ddate) VALUES ('Realiso Online',0,4158,2901,NOW());
INSERT INTO isms_context_date (sUserName, nUserId, fkContext, nAction, ddate) VALUES ('Realiso Online',0,4158,2902,NOW());

INSERT INTO isms_context (pkContext,nType,nState) VALUES (4159,2812,2702);
INSERT INTO rm_best_practice_event (fkContext,fkBestPractice,fkEvent) VALUES (4159,1819,453);
INSERT INTO isms_context_date (sUserName, nUserId, fkContext, nAction, ddate) VALUES ('Realiso Online',0,4159,2901,NOW());
INSERT INTO isms_context_date (sUserName, nUserId, fkContext, nAction, ddate) VALUES ('Realiso Online',0,4159,2902,NOW());

INSERT INTO isms_context (pkContext,nType,nState) VALUES (4160,2812,2702);
INSERT INTO rm_best_practice_event (fkContext,fkBestPractice,fkEvent) VALUES (4160,1819,452);
INSERT INTO isms_context_date (sUserName, nUserId, fkContext, nAction, ddate) VALUES ('Realiso Online',0,4160,2901,NOW());
INSERT INTO isms_context_date (sUserName, nUserId, fkContext, nAction, ddate) VALUES ('Realiso Online',0,4160,2902,NOW());

INSERT INTO isms_context (pkContext,nType,nState) VALUES (4162,2812,2702);
INSERT INTO rm_best_practice_event (fkContext,fkBestPractice,fkEvent) VALUES (4162,1820,459);
INSERT INTO isms_context_date (sUserName, nUserId, fkContext, nAction, ddate) VALUES ('Realiso Online',0,4162,2901,NOW());
INSERT INTO isms_context_date (sUserName, nUserId, fkContext, nAction, ddate) VALUES ('Realiso Online',0,4162,2902,NOW());

INSERT INTO isms_context (pkContext,nType,nState) VALUES (4163,2812,2702);
INSERT INTO rm_best_practice_event (fkContext,fkBestPractice,fkEvent) VALUES (4163,1820,457);
INSERT INTO isms_context_date (sUserName, nUserId, fkContext, nAction, ddate) VALUES ('Realiso Online',0,4163,2901,NOW());
INSERT INTO isms_context_date (sUserName, nUserId, fkContext, nAction, ddate) VALUES ('Realiso Online',0,4163,2902,NOW());

INSERT INTO isms_context (pkContext,nType,nState) VALUES (4164,2812,2702);
INSERT INTO rm_best_practice_event (fkContext,fkBestPractice,fkEvent) VALUES (4164,1821,461);
INSERT INTO isms_context_date (sUserName, nUserId, fkContext, nAction, ddate) VALUES ('Realiso Online',0,4164,2901,NOW());
INSERT INTO isms_context_date (sUserName, nUserId, fkContext, nAction, ddate) VALUES ('Realiso Online',0,4164,2902,NOW());

INSERT INTO isms_context (pkContext,nType,nState) VALUES (4165,2812,2702);
INSERT INTO rm_best_practice_event (fkContext,fkBestPractice,fkEvent) VALUES (4165,1821,460);
INSERT INTO isms_context_date (sUserName, nUserId, fkContext, nAction, ddate) VALUES ('Realiso Online',0,4165,2901,NOW());
INSERT INTO isms_context_date (sUserName, nUserId, fkContext, nAction, ddate) VALUES ('Realiso Online',0,4165,2902,NOW());

INSERT INTO isms_context (pkContext,nType,nState) VALUES (4166,2812,2702);
INSERT INTO rm_best_practice_event (fkContext,fkBestPractice,fkEvent) VALUES (4166,1821,463);
INSERT INTO isms_context_date (sUserName, nUserId, fkContext, nAction, ddate) VALUES ('Realiso Online',0,4166,2901,NOW());
INSERT INTO isms_context_date (sUserName, nUserId, fkContext, nAction, ddate) VALUES ('Realiso Online',0,4166,2902,NOW());

INSERT INTO isms_context (pkContext,nType,nState) VALUES (4167,2812,2702);
INSERT INTO rm_best_practice_event (fkContext,fkBestPractice,fkEvent) VALUES (4167,1821,462);
INSERT INTO isms_context_date (sUserName, nUserId, fkContext, nAction, ddate) VALUES ('Realiso Online',0,4167,2901,NOW());
INSERT INTO isms_context_date (sUserName, nUserId, fkContext, nAction, ddate) VALUES ('Realiso Online',0,4167,2902,NOW());

INSERT INTO isms_context (pkContext,nType,nState) VALUES (4168,2812,2702);
INSERT INTO rm_best_practice_event (fkContext,fkBestPractice,fkEvent) VALUES (4168,1822,470);
INSERT INTO isms_context_date (sUserName, nUserId, fkContext, nAction, ddate) VALUES ('Realiso Online',0,4168,2901,NOW());
INSERT INTO isms_context_date (sUserName, nUserId, fkContext, nAction, ddate) VALUES ('Realiso Online',0,4168,2902,NOW());

INSERT INTO isms_context (pkContext,nType,nState) VALUES (4169,2812,2702);
INSERT INTO rm_best_practice_event (fkContext,fkBestPractice,fkEvent) VALUES (4169,1822,468);
INSERT INTO isms_context_date (sUserName, nUserId, fkContext, nAction, ddate) VALUES ('Realiso Online',0,4169,2901,NOW());
INSERT INTO isms_context_date (sUserName, nUserId, fkContext, nAction, ddate) VALUES ('Realiso Online',0,4169,2902,NOW());

INSERT INTO isms_context (pkContext,nType,nState) VALUES (4170,2812,2702);
INSERT INTO rm_best_practice_event (fkContext,fkBestPractice,fkEvent) VALUES (4170,1822,469);
INSERT INTO isms_context_date (sUserName, nUserId, fkContext, nAction, ddate) VALUES ('Realiso Online',0,4170,2901,NOW());
INSERT INTO isms_context_date (sUserName, nUserId, fkContext, nAction, ddate) VALUES ('Realiso Online',0,4170,2902,NOW());

INSERT INTO isms_context (pkContext,nType,nState) VALUES (4171,2812,2702);
INSERT INTO rm_best_practice_event (fkContext,fkBestPractice,fkEvent) VALUES (4171,1822,471);
INSERT INTO isms_context_date (sUserName, nUserId, fkContext, nAction, ddate) VALUES ('Realiso Online',0,4171,2901,NOW());
INSERT INTO isms_context_date (sUserName, nUserId, fkContext, nAction, ddate) VALUES ('Realiso Online',0,4171,2902,NOW());

INSERT INTO isms_context (pkContext,nType,nState) VALUES (4172,2812,2702);
INSERT INTO rm_best_practice_event (fkContext,fkBestPractice,fkEvent) VALUES (4172,1822,466);
INSERT INTO isms_context_date (sUserName, nUserId, fkContext, nAction, ddate) VALUES ('Realiso Online',0,4172,2901,NOW());
INSERT INTO isms_context_date (sUserName, nUserId, fkContext, nAction, ddate) VALUES ('Realiso Online',0,4172,2902,NOW());

INSERT INTO isms_context (pkContext,nType,nState) VALUES (4173,2812,2702);
INSERT INTO rm_best_practice_event (fkContext,fkBestPractice,fkEvent) VALUES (4173,1822,465);
INSERT INTO isms_context_date (sUserName, nUserId, fkContext, nAction, ddate) VALUES ('Realiso Online',0,4173,2901,NOW());
INSERT INTO isms_context_date (sUserName, nUserId, fkContext, nAction, ddate) VALUES ('Realiso Online',0,4173,2902,NOW());

INSERT INTO isms_context (pkContext,nType,nState) VALUES (4174,2812,2702);
INSERT INTO rm_best_practice_event (fkContext,fkBestPractice,fkEvent) VALUES (4174,1822,464);
INSERT INTO isms_context_date (sUserName, nUserId, fkContext, nAction, ddate) VALUES ('Realiso Online',0,4174,2901,NOW());
INSERT INTO isms_context_date (sUserName, nUserId, fkContext, nAction, ddate) VALUES ('Realiso Online',0,4174,2902,NOW());

INSERT INTO isms_context (pkContext,nType,nState) VALUES (4175,2812,2702);
INSERT INTO rm_best_practice_event (fkContext,fkBestPractice,fkEvent) VALUES (4175,1822,467);
INSERT INTO isms_context_date (sUserName, nUserId, fkContext, nAction, ddate) VALUES ('Realiso Online',0,4175,2901,NOW());
INSERT INTO isms_context_date (sUserName, nUserId, fkContext, nAction, ddate) VALUES ('Realiso Online',0,4175,2902,NOW());

INSERT INTO isms_context (pkContext,nType,nState) VALUES (4176,2812,2702);
INSERT INTO rm_best_practice_event (fkContext,fkBestPractice,fkEvent) VALUES (4176,1823,473);
INSERT INTO isms_context_date (sUserName, nUserId, fkContext, nAction, ddate) VALUES ('Realiso Online',0,4176,2901,NOW());
INSERT INTO isms_context_date (sUserName, nUserId, fkContext, nAction, ddate) VALUES ('Realiso Online',0,4176,2902,NOW());

INSERT INTO isms_context (pkContext,nType,nState) VALUES (4177,2812,2702);
INSERT INTO rm_best_practice_event (fkContext,fkBestPractice,fkEvent) VALUES (4177,1823,474);
INSERT INTO isms_context_date (sUserName, nUserId, fkContext, nAction, ddate) VALUES ('Realiso Online',0,4177,2901,NOW());
INSERT INTO isms_context_date (sUserName, nUserId, fkContext, nAction, ddate) VALUES ('Realiso Online',0,4177,2902,NOW());

INSERT INTO isms_context (pkContext,nType,nState) VALUES (4178,2812,2702);
INSERT INTO rm_best_practice_event (fkContext,fkBestPractice,fkEvent) VALUES (4178,1823,472);
INSERT INTO isms_context_date (sUserName, nUserId, fkContext, nAction, ddate) VALUES ('Realiso Online',0,4178,2901,NOW());
INSERT INTO isms_context_date (sUserName, nUserId, fkContext, nAction, ddate) VALUES ('Realiso Online',0,4178,2902,NOW());

INSERT INTO isms_context (pkContext,nType,nState) VALUES (4179,2812,2702);
INSERT INTO rm_best_practice_event (fkContext,fkBestPractice,fkEvent) VALUES (4179,1824,475);
INSERT INTO isms_context_date (sUserName, nUserId, fkContext, nAction, ddate) VALUES ('Realiso Online',0,4179,2901,NOW());
INSERT INTO isms_context_date (sUserName, nUserId, fkContext, nAction, ddate) VALUES ('Realiso Online',0,4179,2902,NOW());

INSERT INTO isms_context (pkContext,nType,nState) VALUES (4180,2812,2702);
INSERT INTO rm_best_practice_event (fkContext,fkBestPractice,fkEvent) VALUES (4180,1824,476);
INSERT INTO isms_context_date (sUserName, nUserId, fkContext, nAction, ddate) VALUES ('Realiso Online',0,4180,2901,NOW());
INSERT INTO isms_context_date (sUserName, nUserId, fkContext, nAction, ddate) VALUES ('Realiso Online',0,4180,2902,NOW());

INSERT INTO isms_context (pkContext,nType,nState) VALUES (4181,2812,2702);
INSERT INTO rm_best_practice_event (fkContext,fkBestPractice,fkEvent) VALUES (4181,1824,478);
INSERT INTO isms_context_date (sUserName, nUserId, fkContext, nAction, ddate) VALUES ('Realiso Online',0,4181,2901,NOW());
INSERT INTO isms_context_date (sUserName, nUserId, fkContext, nAction, ddate) VALUES ('Realiso Online',0,4181,2902,NOW());

INSERT INTO isms_context (pkContext,nType,nState) VALUES (4182,2812,2702);
INSERT INTO rm_best_practice_event (fkContext,fkBestPractice,fkEvent) VALUES (4182,1825,479);
INSERT INTO isms_context_date (sUserName, nUserId, fkContext, nAction, ddate) VALUES ('Realiso Online',0,4182,2901,NOW());
INSERT INTO isms_context_date (sUserName, nUserId, fkContext, nAction, ddate) VALUES ('Realiso Online',0,4182,2902,NOW());

INSERT INTO isms_context (pkContext,nType,nState) VALUES (4187,2812,2702);
INSERT INTO rm_best_practice_event (fkContext,fkBestPractice,fkEvent) VALUES (4187,1826,503);
INSERT INTO isms_context_date (sUserName, nUserId, fkContext, nAction, ddate) VALUES ('Realiso Online',0,4187,2901,NOW());
INSERT INTO isms_context_date (sUserName, nUserId, fkContext, nAction, ddate) VALUES ('Realiso Online',0,4187,2902,NOW());

INSERT INTO isms_context (pkContext,nType,nState) VALUES (4188,2812,2702);
INSERT INTO rm_best_practice_event (fkContext,fkBestPractice,fkEvent) VALUES (4188,1826,504);
INSERT INTO isms_context_date (sUserName, nUserId, fkContext, nAction, ddate) VALUES ('Realiso Online',0,4188,2901,NOW());
INSERT INTO isms_context_date (sUserName, nUserId, fkContext, nAction, ddate) VALUES ('Realiso Online',0,4188,2902,NOW());

INSERT INTO isms_context (pkContext,nType,nState) VALUES (4189,2812,2702);
INSERT INTO rm_best_practice_event (fkContext,fkBestPractice,fkEvent) VALUES (4189,1826,509);
INSERT INTO isms_context_date (sUserName, nUserId, fkContext, nAction, ddate) VALUES ('Realiso Online',0,4189,2901,NOW());
INSERT INTO isms_context_date (sUserName, nUserId, fkContext, nAction, ddate) VALUES ('Realiso Online',0,4189,2902,NOW());

INSERT INTO isms_context (pkContext,nType,nState) VALUES (4195,2812,2702);
INSERT INTO rm_best_practice_event (fkContext,fkBestPractice,fkEvent) VALUES (4195,1826,488);
INSERT INTO isms_context_date (sUserName, nUserId, fkContext, nAction, ddate) VALUES ('Realiso Online',0,4195,2901,NOW());
INSERT INTO isms_context_date (sUserName, nUserId, fkContext, nAction, ddate) VALUES ('Realiso Online',0,4195,2902,NOW());

INSERT INTO isms_context (pkContext,nType,nState) VALUES (4198,2812,2702);
INSERT INTO rm_best_practice_event (fkContext,fkBestPractice,fkEvent) VALUES (4198,1826,498);
INSERT INTO isms_context_date (sUserName, nUserId, fkContext, nAction, ddate) VALUES ('Realiso Online',0,4198,2901,NOW());
INSERT INTO isms_context_date (sUserName, nUserId, fkContext, nAction, ddate) VALUES ('Realiso Online',0,4198,2902,NOW());

INSERT INTO isms_context (pkContext,nType,nState) VALUES (4199,2812,2702);
INSERT INTO rm_best_practice_event (fkContext,fkBestPractice,fkEvent) VALUES (4199,1826,483);
INSERT INTO isms_context_date (sUserName, nUserId, fkContext, nAction, ddate) VALUES ('Realiso Online',0,4199,2901,NOW());
INSERT INTO isms_context_date (sUserName, nUserId, fkContext, nAction, ddate) VALUES ('Realiso Online',0,4199,2902,NOW());

INSERT INTO isms_context (pkContext,nType,nState) VALUES (4200,2812,2702);
INSERT INTO rm_best_practice_event (fkContext,fkBestPractice,fkEvent) VALUES (4200,1827,518);
INSERT INTO isms_context_date (sUserName, nUserId, fkContext, nAction, ddate) VALUES ('Realiso Online',0,4200,2901,NOW());
INSERT INTO isms_context_date (sUserName, nUserId, fkContext, nAction, ddate) VALUES ('Realiso Online',0,4200,2902,NOW());

INSERT INTO isms_context (pkContext,nType,nState) VALUES (4201,2812,2702);
INSERT INTO rm_best_practice_event (fkContext,fkBestPractice,fkEvent) VALUES (4201,1827,517);
INSERT INTO isms_context_date (sUserName, nUserId, fkContext, nAction, ddate) VALUES ('Realiso Online',0,4201,2901,NOW());
INSERT INTO isms_context_date (sUserName, nUserId, fkContext, nAction, ddate) VALUES ('Realiso Online',0,4201,2902,NOW());

INSERT INTO isms_context (pkContext,nType,nState) VALUES (4202,2812,2702);
INSERT INTO rm_best_practice_event (fkContext,fkBestPractice,fkEvent) VALUES (4202,1827,516);
INSERT INTO isms_context_date (sUserName, nUserId, fkContext, nAction, ddate) VALUES ('Realiso Online',0,4202,2901,NOW());
INSERT INTO isms_context_date (sUserName, nUserId, fkContext, nAction, ddate) VALUES ('Realiso Online',0,4202,2902,NOW());

INSERT INTO isms_context (pkContext,nType,nState) VALUES (4203,2812,2702);
INSERT INTO rm_best_practice_event (fkContext,fkBestPractice,fkEvent) VALUES (4203,1827,514);
INSERT INTO isms_context_date (sUserName, nUserId, fkContext, nAction, ddate) VALUES ('Realiso Online',0,4203,2901,NOW());
INSERT INTO isms_context_date (sUserName, nUserId, fkContext, nAction, ddate) VALUES ('Realiso Online',0,4203,2902,NOW());

INSERT INTO isms_context (pkContext,nType,nState) VALUES (4204,2812,2702);
INSERT INTO rm_best_practice_event (fkContext,fkBestPractice,fkEvent) VALUES (4204,1827,515);
INSERT INTO isms_context_date (sUserName, nUserId, fkContext, nAction, ddate) VALUES ('Realiso Online',0,4204,2901,NOW());
INSERT INTO isms_context_date (sUserName, nUserId, fkContext, nAction, ddate) VALUES ('Realiso Online',0,4204,2902,NOW());

INSERT INTO isms_context (pkContext,nType,nState) VALUES (4205,2812,2702);
INSERT INTO rm_best_practice_event (fkContext,fkBestPractice,fkEvent) VALUES (4205,1827,519);
INSERT INTO isms_context_date (sUserName, nUserId, fkContext, nAction, ddate) VALUES ('Realiso Online',0,4205,2901,NOW());
INSERT INTO isms_context_date (sUserName, nUserId, fkContext, nAction, ddate) VALUES ('Realiso Online',0,4205,2902,NOW());

INSERT INTO isms_context (pkContext,nType,nState) VALUES (4206,2812,2702);
INSERT INTO rm_best_practice_event (fkContext,fkBestPractice,fkEvent) VALUES (4206,1827,520);
INSERT INTO isms_context_date (sUserName, nUserId, fkContext, nAction, ddate) VALUES ('Realiso Online',0,4206,2901,NOW());
INSERT INTO isms_context_date (sUserName, nUserId, fkContext, nAction, ddate) VALUES ('Realiso Online',0,4206,2902,NOW());

INSERT INTO isms_context (pkContext,nType,nState) VALUES (4207,2812,2702);
INSERT INTO rm_best_practice_event (fkContext,fkBestPractice,fkEvent) VALUES (4207,1828,524);
INSERT INTO isms_context_date (sUserName, nUserId, fkContext, nAction, ddate) VALUES ('Realiso Online',0,4207,2901,NOW());
INSERT INTO isms_context_date (sUserName, nUserId, fkContext, nAction, ddate) VALUES ('Realiso Online',0,4207,2902,NOW());

INSERT INTO isms_context (pkContext,nType,nState) VALUES (4208,2812,2702);
INSERT INTO rm_best_practice_event (fkContext,fkBestPractice,fkEvent) VALUES (4208,1828,521);
INSERT INTO isms_context_date (sUserName, nUserId, fkContext, nAction, ddate) VALUES ('Realiso Online',0,4208,2901,NOW());
INSERT INTO isms_context_date (sUserName, nUserId, fkContext, nAction, ddate) VALUES ('Realiso Online',0,4208,2902,NOW());

INSERT INTO isms_context (pkContext,nType,nState) VALUES (4209,2812,2702);
INSERT INTO rm_best_practice_event (fkContext,fkBestPractice,fkEvent) VALUES (4209,1828,522);
INSERT INTO isms_context_date (sUserName, nUserId, fkContext, nAction, ddate) VALUES ('Realiso Online',0,4209,2901,NOW());
INSERT INTO isms_context_date (sUserName, nUserId, fkContext, nAction, ddate) VALUES ('Realiso Online',0,4209,2902,NOW());

INSERT INTO isms_context (pkContext,nType,nState) VALUES (4210,2812,2702);
INSERT INTO rm_best_practice_event (fkContext,fkBestPractice,fkEvent) VALUES (4210,1828,523);
INSERT INTO isms_context_date (sUserName, nUserId, fkContext, nAction, ddate) VALUES ('Realiso Online',0,4210,2901,NOW());
INSERT INTO isms_context_date (sUserName, nUserId, fkContext, nAction, ddate) VALUES ('Realiso Online',0,4210,2902,NOW());

INSERT INTO isms_context (pkContext,nType,nState) VALUES (4211,2812,2702);
INSERT INTO rm_best_practice_event (fkContext,fkBestPractice,fkEvent) VALUES (4211,1829,526);
INSERT INTO isms_context_date (sUserName, nUserId, fkContext, nAction, ddate) VALUES ('Realiso Online',0,4211,2901,NOW());
INSERT INTO isms_context_date (sUserName, nUserId, fkContext, nAction, ddate) VALUES ('Realiso Online',0,4211,2902,NOW());

INSERT INTO isms_context (pkContext,nType,nState) VALUES (4212,2812,2702);
INSERT INTO rm_best_practice_event (fkContext,fkBestPractice,fkEvent) VALUES (4212,1829,525);
INSERT INTO isms_context_date (sUserName, nUserId, fkContext, nAction, ddate) VALUES ('Realiso Online',0,4212,2901,NOW());
INSERT INTO isms_context_date (sUserName, nUserId, fkContext, nAction, ddate) VALUES ('Realiso Online',0,4212,2902,NOW());

INSERT INTO isms_context (pkContext,nType,nState) VALUES (4213,2812,2702);
INSERT INTO rm_best_practice_event (fkContext,fkBestPractice,fkEvent) VALUES (4213,1830,533);
INSERT INTO isms_context_date (sUserName, nUserId, fkContext, nAction, ddate) VALUES ('Realiso Online',0,4213,2901,NOW());
INSERT INTO isms_context_date (sUserName, nUserId, fkContext, nAction, ddate) VALUES ('Realiso Online',0,4213,2902,NOW());

INSERT INTO isms_context (pkContext,nType,nState) VALUES (4214,2812,2702);
INSERT INTO rm_best_practice_event (fkContext,fkBestPractice,fkEvent) VALUES (4214,1830,529);
INSERT INTO isms_context_date (sUserName, nUserId, fkContext, nAction, ddate) VALUES ('Realiso Online',0,4214,2901,NOW());
INSERT INTO isms_context_date (sUserName, nUserId, fkContext, nAction, ddate) VALUES ('Realiso Online',0,4214,2902,NOW());

INSERT INTO isms_context (pkContext,nType,nState) VALUES (4215,2812,2702);
INSERT INTO rm_best_practice_event (fkContext,fkBestPractice,fkEvent) VALUES (4215,1830,531);
INSERT INTO isms_context_date (sUserName, nUserId, fkContext, nAction, ddate) VALUES ('Realiso Online',0,4215,2901,NOW());
INSERT INTO isms_context_date (sUserName, nUserId, fkContext, nAction, ddate) VALUES ('Realiso Online',0,4215,2902,NOW());

INSERT INTO isms_context (pkContext,nType,nState) VALUES (4216,2812,2702);
INSERT INTO rm_best_practice_event (fkContext,fkBestPractice,fkEvent) VALUES (4216,1830,532);
INSERT INTO isms_context_date (sUserName, nUserId, fkContext, nAction, ddate) VALUES ('Realiso Online',0,4216,2901,NOW());
INSERT INTO isms_context_date (sUserName, nUserId, fkContext, nAction, ddate) VALUES ('Realiso Online',0,4216,2902,NOW());

INSERT INTO isms_context (pkContext,nType,nState) VALUES (4217,2812,2702);
INSERT INTO rm_best_practice_event (fkContext,fkBestPractice,fkEvent) VALUES (4217,1830,530);
INSERT INTO isms_context_date (sUserName, nUserId, fkContext, nAction, ddate) VALUES ('Realiso Online',0,4217,2901,NOW());
INSERT INTO isms_context_date (sUserName, nUserId, fkContext, nAction, ddate) VALUES ('Realiso Online',0,4217,2902,NOW());

INSERT INTO isms_context (pkContext,nType,nState) VALUES (4218,2812,2702);
INSERT INTO rm_best_practice_event (fkContext,fkBestPractice,fkEvent) VALUES (4218,1830,527);
INSERT INTO isms_context_date (sUserName, nUserId, fkContext, nAction, ddate) VALUES ('Realiso Online',0,4218,2901,NOW());
INSERT INTO isms_context_date (sUserName, nUserId, fkContext, nAction, ddate) VALUES ('Realiso Online',0,4218,2902,NOW());

INSERT INTO isms_context (pkContext,nType,nState) VALUES (4219,2812,2702);
INSERT INTO rm_best_practice_event (fkContext,fkBestPractice,fkEvent) VALUES (4219,1830,528);
INSERT INTO isms_context_date (sUserName, nUserId, fkContext, nAction, ddate) VALUES ('Realiso Online',0,4219,2901,NOW());
INSERT INTO isms_context_date (sUserName, nUserId, fkContext, nAction, ddate) VALUES ('Realiso Online',0,4219,2902,NOW());

INSERT INTO isms_context (pkContext,nType,nState) VALUES (4220,2812,2702);
INSERT INTO rm_best_practice_event (fkContext,fkBestPractice,fkEvent) VALUES (4220,1831,536);
INSERT INTO isms_context_date (sUserName, nUserId, fkContext, nAction, ddate) VALUES ('Realiso Online',0,4220,2901,NOW());
INSERT INTO isms_context_date (sUserName, nUserId, fkContext, nAction, ddate) VALUES ('Realiso Online',0,4220,2902,NOW());

INSERT INTO isms_context (pkContext,nType,nState) VALUES (4221,2812,2702);
INSERT INTO rm_best_practice_event (fkContext,fkBestPractice,fkEvent) VALUES (4221,1831,535);
INSERT INTO isms_context_date (sUserName, nUserId, fkContext, nAction, ddate) VALUES ('Realiso Online',0,4221,2901,NOW());
INSERT INTO isms_context_date (sUserName, nUserId, fkContext, nAction, ddate) VALUES ('Realiso Online',0,4221,2902,NOW());

INSERT INTO isms_context (pkContext,nType,nState) VALUES (4222,2812,2702);
INSERT INTO rm_best_practice_event (fkContext,fkBestPractice,fkEvent) VALUES (4222,1831,537);
INSERT INTO isms_context_date (sUserName, nUserId, fkContext, nAction, ddate) VALUES ('Realiso Online',0,4222,2901,NOW());
INSERT INTO isms_context_date (sUserName, nUserId, fkContext, nAction, ddate) VALUES ('Realiso Online',0,4222,2902,NOW());

INSERT INTO isms_context (pkContext,nType,nState) VALUES (4223,2812,2702);
INSERT INTO rm_best_practice_event (fkContext,fkBestPractice,fkEvent) VALUES (4223,1831,534);
INSERT INTO isms_context_date (sUserName, nUserId, fkContext, nAction, ddate) VALUES ('Realiso Online',0,4223,2901,NOW());
INSERT INTO isms_context_date (sUserName, nUserId, fkContext, nAction, ddate) VALUES ('Realiso Online',0,4223,2902,NOW());

INSERT INTO isms_context (pkContext,nType,nState) VALUES (4224,2812,2702);
INSERT INTO rm_best_practice_event (fkContext,fkBestPractice,fkEvent) VALUES (4224,1832,540);
INSERT INTO isms_context_date (sUserName, nUserId, fkContext, nAction, ddate) VALUES ('Realiso Online',0,4224,2901,NOW());
INSERT INTO isms_context_date (sUserName, nUserId, fkContext, nAction, ddate) VALUES ('Realiso Online',0,4224,2902,NOW());

INSERT INTO isms_context (pkContext,nType,nState) VALUES (4225,2812,2702);
INSERT INTO rm_best_practice_event (fkContext,fkBestPractice,fkEvent) VALUES (4225,1832,539);
INSERT INTO isms_context_date (sUserName, nUserId, fkContext, nAction, ddate) VALUES ('Realiso Online',0,4225,2901,NOW());
INSERT INTO isms_context_date (sUserName, nUserId, fkContext, nAction, ddate) VALUES ('Realiso Online',0,4225,2902,NOW());

INSERT INTO isms_context (pkContext,nType,nState) VALUES (4226,2812,2702);
INSERT INTO rm_best_practice_event (fkContext,fkBestPractice,fkEvent) VALUES (4226,1832,538);
INSERT INTO isms_context_date (sUserName, nUserId, fkContext, nAction, ddate) VALUES ('Realiso Online',0,4226,2901,NOW());
INSERT INTO isms_context_date (sUserName, nUserId, fkContext, nAction, ddate) VALUES ('Realiso Online',0,4226,2902,NOW());

INSERT INTO isms_context (pkContext,nType,nState) VALUES (4229,2812,2702);
INSERT INTO rm_best_practice_event (fkContext,fkBestPractice,fkEvent) VALUES (4229,1833,543);
INSERT INTO isms_context_date (sUserName, nUserId, fkContext, nAction, ddate) VALUES ('Realiso Online',0,4229,2901,NOW());
INSERT INTO isms_context_date (sUserName, nUserId, fkContext, nAction, ddate) VALUES ('Realiso Online',0,4229,2902,NOW());

INSERT INTO isms_context (pkContext,nType,nState) VALUES (4231,2812,2702);
INSERT INTO rm_best_practice_event (fkContext,fkBestPractice,fkEvent) VALUES (4231,1833,546);
INSERT INTO isms_context_date (sUserName, nUserId, fkContext, nAction, ddate) VALUES ('Realiso Online',0,4231,2901,NOW());
INSERT INTO isms_context_date (sUserName, nUserId, fkContext, nAction, ddate) VALUES ('Realiso Online',0,4231,2902,NOW());

INSERT INTO isms_context (pkContext,nType,nState) VALUES (4236,2812,2702);
INSERT INTO rm_best_practice_event (fkContext,fkBestPractice,fkEvent) VALUES (4236,1833,557);
INSERT INTO isms_context_date (sUserName, nUserId, fkContext, nAction, ddate) VALUES ('Realiso Online',0,4236,2901,NOW());
INSERT INTO isms_context_date (sUserName, nUserId, fkContext, nAction, ddate) VALUES ('Realiso Online',0,4236,2902,NOW());

INSERT INTO isms_context (pkContext,nType,nState) VALUES (4239,2812,2702);
INSERT INTO rm_best_practice_event (fkContext,fkBestPractice,fkEvent) VALUES (4239,1833,551);
INSERT INTO isms_context_date (sUserName, nUserId, fkContext, nAction, ddate) VALUES ('Realiso Online',0,4239,2901,NOW());
INSERT INTO isms_context_date (sUserName, nUserId, fkContext, nAction, ddate) VALUES ('Realiso Online',0,4239,2902,NOW());

INSERT INTO isms_context (pkContext,nType,nState) VALUES (4245,2812,2702);
INSERT INTO rm_best_practice_event (fkContext,fkBestPractice,fkEvent) VALUES (4245,1833,554);
INSERT INTO isms_context_date (sUserName, nUserId, fkContext, nAction, ddate) VALUES ('Realiso Online',0,4245,2901,NOW());
INSERT INTO isms_context_date (sUserName, nUserId, fkContext, nAction, ddate) VALUES ('Realiso Online',0,4245,2902,NOW());

INSERT INTO isms_context (pkContext,nType,nState) VALUES (4248,2812,2702);
INSERT INTO rm_best_practice_event (fkContext,fkBestPractice,fkEvent) VALUES (4248,1833,572);
INSERT INTO isms_context_date (sUserName, nUserId, fkContext, nAction, ddate) VALUES ('Realiso Online',0,4248,2901,NOW());
INSERT INTO isms_context_date (sUserName, nUserId, fkContext, nAction, ddate) VALUES ('Realiso Online',0,4248,2902,NOW());

INSERT INTO isms_context (pkContext,nType,nState) VALUES (4251,2812,2702);
INSERT INTO rm_best_practice_event (fkContext,fkBestPractice,fkEvent) VALUES (4251,1833,569);
INSERT INTO isms_context_date (sUserName, nUserId, fkContext, nAction, ddate) VALUES ('Realiso Online',0,4251,2901,NOW());
INSERT INTO isms_context_date (sUserName, nUserId, fkContext, nAction, ddate) VALUES ('Realiso Online',0,4251,2902,NOW());

INSERT INTO isms_context (pkContext,nType,nState) VALUES (4254,2812,2702);
INSERT INTO rm_best_practice_event (fkContext,fkBestPractice,fkEvent) VALUES (4254,1833,563);
INSERT INTO isms_context_date (sUserName, nUserId, fkContext, nAction, ddate) VALUES ('Realiso Online',0,4254,2901,NOW());
INSERT INTO isms_context_date (sUserName, nUserId, fkContext, nAction, ddate) VALUES ('Realiso Online',0,4254,2902,NOW());

INSERT INTO isms_context (pkContext,nType,nState) VALUES (4257,2812,2702);
INSERT INTO rm_best_practice_event (fkContext,fkBestPractice,fkEvent) VALUES (4257,1833,566);
INSERT INTO isms_context_date (sUserName, nUserId, fkContext, nAction, ddate) VALUES ('Realiso Online',0,4257,2901,NOW());
INSERT INTO isms_context_date (sUserName, nUserId, fkContext, nAction, ddate) VALUES ('Realiso Online',0,4257,2902,NOW());

INSERT INTO isms_context (pkContext,nType,nState) VALUES (4258,2812,2702);
INSERT INTO rm_best_practice_event (fkContext,fkBestPractice,fkEvent) VALUES (4258,1834,575);
INSERT INTO isms_context_date (sUserName, nUserId, fkContext, nAction, ddate) VALUES ('Realiso Online',0,4258,2901,NOW());
INSERT INTO isms_context_date (sUserName, nUserId, fkContext, nAction, ddate) VALUES ('Realiso Online',0,4258,2902,NOW());

INSERT INTO isms_context (pkContext,nType,nState) VALUES (4259,2812,2702);
INSERT INTO rm_best_practice_event (fkContext,fkBestPractice,fkEvent) VALUES (4259,1834,580);
INSERT INTO isms_context_date (sUserName, nUserId, fkContext, nAction, ddate) VALUES ('Realiso Online',0,4259,2901,NOW());
INSERT INTO isms_context_date (sUserName, nUserId, fkContext, nAction, ddate) VALUES ('Realiso Online',0,4259,2902,NOW());

INSERT INTO isms_context (pkContext,nType,nState) VALUES (4260,2812,2702);
INSERT INTO rm_best_practice_event (fkContext,fkBestPractice,fkEvent) VALUES (4260,1834,576);
INSERT INTO isms_context_date (sUserName, nUserId, fkContext, nAction, ddate) VALUES ('Realiso Online',0,4260,2901,NOW());
INSERT INTO isms_context_date (sUserName, nUserId, fkContext, nAction, ddate) VALUES ('Realiso Online',0,4260,2902,NOW());

INSERT INTO isms_context (pkContext,nType,nState) VALUES (4261,2812,2702);
INSERT INTO rm_best_practice_event (fkContext,fkBestPractice,fkEvent) VALUES (4261,1834,574);
INSERT INTO isms_context_date (sUserName, nUserId, fkContext, nAction, ddate) VALUES ('Realiso Online',0,4261,2901,NOW());
INSERT INTO isms_context_date (sUserName, nUserId, fkContext, nAction, ddate) VALUES ('Realiso Online',0,4261,2902,NOW());

INSERT INTO isms_context (pkContext,nType,nState) VALUES (4264,2812,2702);
INSERT INTO rm_best_practice_event (fkContext,fkBestPractice,fkEvent) VALUES (4264,1834,582);
INSERT INTO isms_context_date (sUserName, nUserId, fkContext, nAction, ddate) VALUES ('Realiso Online',0,4264,2901,NOW());
INSERT INTO isms_context_date (sUserName, nUserId, fkContext, nAction, ddate) VALUES ('Realiso Online',0,4264,2902,NOW());

INSERT INTO isms_context (pkContext,nType,nState) VALUES (4265,2812,2702);
INSERT INTO rm_best_practice_event (fkContext,fkBestPractice,fkEvent) VALUES (4265,1834,581);
INSERT INTO isms_context_date (sUserName, nUserId, fkContext, nAction, ddate) VALUES ('Realiso Online',0,4265,2901,NOW());
INSERT INTO isms_context_date (sUserName, nUserId, fkContext, nAction, ddate) VALUES ('Realiso Online',0,4265,2902,NOW());

INSERT INTO isms_context (pkContext,nType,nState) VALUES (4266,2812,2702);
INSERT INTO rm_best_practice_event (fkContext,fkBestPractice,fkEvent) VALUES (4266,1834,577);
INSERT INTO isms_context_date (sUserName, nUserId, fkContext, nAction, ddate) VALUES ('Realiso Online',0,4266,2901,NOW());
INSERT INTO isms_context_date (sUserName, nUserId, fkContext, nAction, ddate) VALUES ('Realiso Online',0,4266,2902,NOW());

INSERT INTO isms_context (pkContext,nType,nState) VALUES (4267,2812,2702);
INSERT INTO rm_best_practice_event (fkContext,fkBestPractice,fkEvent) VALUES (4267,1834,573);
INSERT INTO isms_context_date (sUserName, nUserId, fkContext, nAction, ddate) VALUES ('Realiso Online',0,4267,2901,NOW());
INSERT INTO isms_context_date (sUserName, nUserId, fkContext, nAction, ddate) VALUES ('Realiso Online',0,4267,2902,NOW());

INSERT INTO isms_context (pkContext,nType,nState) VALUES (4269,2812,2702);
INSERT INTO rm_best_practice_event (fkContext,fkBestPractice,fkEvent) VALUES (4269,1834,578);
INSERT INTO isms_context_date (sUserName, nUserId, fkContext, nAction, ddate) VALUES ('Realiso Online',0,4269,2901,NOW());
INSERT INTO isms_context_date (sUserName, nUserId, fkContext, nAction, ddate) VALUES ('Realiso Online',0,4269,2902,NOW());

INSERT INTO isms_context (pkContext,nType,nState) VALUES (4270,2812,2702);
INSERT INTO rm_best_practice_event (fkContext,fkBestPractice,fkEvent) VALUES (4270,1835,585);
INSERT INTO isms_context_date (sUserName, nUserId, fkContext, nAction, ddate) VALUES ('Realiso Online',0,4270,2901,NOW());
INSERT INTO isms_context_date (sUserName, nUserId, fkContext, nAction, ddate) VALUES ('Realiso Online',0,4270,2902,NOW());

INSERT INTO isms_context (pkContext,nType,nState) VALUES (4271,2812,2702);
INSERT INTO rm_best_practice_event (fkContext,fkBestPractice,fkEvent) VALUES (4271,1835,591);
INSERT INTO isms_context_date (sUserName, nUserId, fkContext, nAction, ddate) VALUES ('Realiso Online',0,4271,2901,NOW());
INSERT INTO isms_context_date (sUserName, nUserId, fkContext, nAction, ddate) VALUES ('Realiso Online',0,4271,2902,NOW());

INSERT INTO isms_context (pkContext,nType,nState) VALUES (4272,2812,2702);
INSERT INTO rm_best_practice_event (fkContext,fkBestPractice,fkEvent) VALUES (4272,1835,590);
INSERT INTO isms_context_date (sUserName, nUserId, fkContext, nAction, ddate) VALUES ('Realiso Online',0,4272,2901,NOW());
INSERT INTO isms_context_date (sUserName, nUserId, fkContext, nAction, ddate) VALUES ('Realiso Online',0,4272,2902,NOW());

INSERT INTO isms_context (pkContext,nType,nState) VALUES (4273,2812,2702);
INSERT INTO rm_best_practice_event (fkContext,fkBestPractice,fkEvent) VALUES (4273,1835,586);
INSERT INTO isms_context_date (sUserName, nUserId, fkContext, nAction, ddate) VALUES ('Realiso Online',0,4273,2901,NOW());
INSERT INTO isms_context_date (sUserName, nUserId, fkContext, nAction, ddate) VALUES ('Realiso Online',0,4273,2902,NOW());

INSERT INTO isms_context (pkContext,nType,nState) VALUES (4274,2812,2702);
INSERT INTO rm_best_practice_event (fkContext,fkBestPractice,fkEvent) VALUES (4274,1835,587);
INSERT INTO isms_context_date (sUserName, nUserId, fkContext, nAction, ddate) VALUES ('Realiso Online',0,4274,2901,NOW());
INSERT INTO isms_context_date (sUserName, nUserId, fkContext, nAction, ddate) VALUES ('Realiso Online',0,4274,2902,NOW());

INSERT INTO isms_context (pkContext,nType,nState) VALUES (4276,2812,2702);
INSERT INTO rm_best_practice_event (fkContext,fkBestPractice,fkEvent) VALUES (4276,1835,589);
INSERT INTO isms_context_date (sUserName, nUserId, fkContext, nAction, ddate) VALUES ('Realiso Online',0,4276,2901,NOW());
INSERT INTO isms_context_date (sUserName, nUserId, fkContext, nAction, ddate) VALUES ('Realiso Online',0,4276,2902,NOW());

INSERT INTO isms_context (pkContext,nType,nState) VALUES (4281,2812,2702);
INSERT INTO rm_best_practice_event (fkContext,fkBestPractice,fkEvent) VALUES (4281,1836,597);
INSERT INTO isms_context_date (sUserName, nUserId, fkContext, nAction, ddate) VALUES ('Realiso Online',0,4281,2901,NOW());
INSERT INTO isms_context_date (sUserName, nUserId, fkContext, nAction, ddate) VALUES ('Realiso Online',0,4281,2902,NOW());

INSERT INTO isms_context (pkContext,nType,nState) VALUES (4284,2812,2702);
INSERT INTO rm_best_practice_event (fkContext,fkBestPractice,fkEvent) VALUES (4284,1836,594);
INSERT INTO isms_context_date (sUserName, nUserId, fkContext, nAction, ddate) VALUES ('Realiso Online',0,4284,2901,NOW());
INSERT INTO isms_context_date (sUserName, nUserId, fkContext, nAction, ddate) VALUES ('Realiso Online',0,4284,2902,NOW());

INSERT INTO isms_context (pkContext,nType,nState) VALUES (4287,2812,2702);
INSERT INTO rm_best_practice_event (fkContext,fkBestPractice,fkEvent) VALUES (4287,1836,602);
INSERT INTO isms_context_date (sUserName, nUserId, fkContext, nAction, ddate) VALUES ('Realiso Online',0,4287,2901,NOW());
INSERT INTO isms_context_date (sUserName, nUserId, fkContext, nAction, ddate) VALUES ('Realiso Online',0,4287,2902,NOW());

INSERT INTO isms_context (pkContext,nType,nState) VALUES (4304,2812,2702);
INSERT INTO rm_best_practice_event (fkContext,fkBestPractice,fkEvent) VALUES (4304,1839,619);
INSERT INTO isms_context_date (sUserName, nUserId, fkContext, nAction, ddate) VALUES ('Realiso Online',0,4304,2901,NOW());
INSERT INTO isms_context_date (sUserName, nUserId, fkContext, nAction, ddate) VALUES ('Realiso Online',0,4304,2902,NOW());

INSERT INTO isms_context (pkContext,nType,nState) VALUES (4306,2812,2702);
INSERT INTO rm_best_practice_event (fkContext,fkBestPractice,fkEvent) VALUES (4306,1841,623);
INSERT INTO isms_context_date (sUserName, nUserId, fkContext, nAction, ddate) VALUES ('Realiso Online',0,4306,2901,NOW());
INSERT INTO isms_context_date (sUserName, nUserId, fkContext, nAction, ddate) VALUES ('Realiso Online',0,4306,2902,NOW());

INSERT INTO isms_context (pkContext,nType,nState) VALUES (4307,2812,2702);
INSERT INTO rm_best_practice_event (fkContext,fkBestPractice,fkEvent) VALUES (4307,1841,624);
INSERT INTO isms_context_date (sUserName, nUserId, fkContext, nAction, ddate) VALUES ('Realiso Online',0,4307,2901,NOW());
INSERT INTO isms_context_date (sUserName, nUserId, fkContext, nAction, ddate) VALUES ('Realiso Online',0,4307,2902,NOW());

INSERT INTO isms_context (pkContext,nType,nState) VALUES (4308,2812,2702);
INSERT INTO rm_best_practice_event (fkContext,fkBestPractice,fkEvent) VALUES (4308,1841,625);
INSERT INTO isms_context_date (sUserName, nUserId, fkContext, nAction, ddate) VALUES ('Realiso Online',0,4308,2901,NOW());
INSERT INTO isms_context_date (sUserName, nUserId, fkContext, nAction, ddate) VALUES ('Realiso Online',0,4308,2902,NOW());

INSERT INTO isms_context (pkContext,nType,nState) VALUES (4309,2812,2702);
INSERT INTO rm_best_practice_event (fkContext,fkBestPractice,fkEvent) VALUES (4309,1841,626);
INSERT INTO isms_context_date (sUserName, nUserId, fkContext, nAction, ddate) VALUES ('Realiso Online',0,4309,2901,NOW());
INSERT INTO isms_context_date (sUserName, nUserId, fkContext, nAction, ddate) VALUES ('Realiso Online',0,4309,2902,NOW());

INSERT INTO isms_context (pkContext,nType,nState) VALUES (4311,2812,2702);
INSERT INTO rm_best_practice_event (fkContext,fkBestPractice,fkEvent) VALUES (4311,1841,621);
INSERT INTO isms_context_date (sUserName, nUserId, fkContext, nAction, ddate) VALUES ('Realiso Online',0,4311,2901,NOW());
INSERT INTO isms_context_date (sUserName, nUserId, fkContext, nAction, ddate) VALUES ('Realiso Online',0,4311,2902,NOW());

INSERT INTO isms_context (pkContext,nType,nState) VALUES (4313,2812,2702);
INSERT INTO rm_best_practice_event (fkContext,fkBestPractice,fkEvent) VALUES (4313,1842,631);
INSERT INTO isms_context_date (sUserName, nUserId, fkContext, nAction, ddate) VALUES ('Realiso Online',0,4313,2901,NOW());
INSERT INTO isms_context_date (sUserName, nUserId, fkContext, nAction, ddate) VALUES ('Realiso Online',0,4313,2902,NOW());

INSERT INTO isms_context (pkContext,nType,nState) VALUES (4317,2812,2702);
INSERT INTO rm_best_practice_event (fkContext,fkBestPractice,fkEvent) VALUES (4317,1843,633);
INSERT INTO isms_context_date (sUserName, nUserId, fkContext, nAction, ddate) VALUES ('Realiso Online',0,4317,2901,NOW());
INSERT INTO isms_context_date (sUserName, nUserId, fkContext, nAction, ddate) VALUES ('Realiso Online',0,4317,2902,NOW());

INSERT INTO isms_context (pkContext,nType,nState) VALUES (4318,2812,2702);
INSERT INTO rm_best_practice_event (fkContext,fkBestPractice,fkEvent) VALUES (4318,1843,641);
INSERT INTO isms_context_date (sUserName, nUserId, fkContext, nAction, ddate) VALUES ('Realiso Online',0,4318,2901,NOW());
INSERT INTO isms_context_date (sUserName, nUserId, fkContext, nAction, ddate) VALUES ('Realiso Online',0,4318,2902,NOW());

INSERT INTO isms_context (pkContext,nType,nState) VALUES (4339,2812,2702);
INSERT INTO rm_best_practice_event (fkContext,fkBestPractice,fkEvent) VALUES (4339,1844,652);
INSERT INTO isms_context_date (sUserName, nUserId, fkContext, nAction, ddate) VALUES ('Realiso Online',0,4339,2901,NOW());
INSERT INTO isms_context_date (sUserName, nUserId, fkContext, nAction, ddate) VALUES ('Realiso Online',0,4339,2902,NOW());

INSERT INTO isms_context (pkContext,nType,nState) VALUES (4340,2812,2702);
INSERT INTO rm_best_practice_event (fkContext,fkBestPractice,fkEvent) VALUES (4340,1844,653);
INSERT INTO isms_context_date (sUserName, nUserId, fkContext, nAction, ddate) VALUES ('Realiso Online',0,4340,2901,NOW());
INSERT INTO isms_context_date (sUserName, nUserId, fkContext, nAction, ddate) VALUES ('Realiso Online',0,4340,2902,NOW());

INSERT INTO isms_context (pkContext,nType,nState) VALUES (4341,2812,2702);
INSERT INTO rm_best_practice_event (fkContext,fkBestPractice,fkEvent) VALUES (4341,1844,654);
INSERT INTO isms_context_date (sUserName, nUserId, fkContext, nAction, ddate) VALUES ('Realiso Online',0,4341,2901,NOW());
INSERT INTO isms_context_date (sUserName, nUserId, fkContext, nAction, ddate) VALUES ('Realiso Online',0,4341,2902,NOW());

INSERT INTO isms_context (pkContext,nType,nState) VALUES (4342,2812,2702);
INSERT INTO rm_best_practice_event (fkContext,fkBestPractice,fkEvent) VALUES (4342,1844,655);
INSERT INTO isms_context_date (sUserName, nUserId, fkContext, nAction, ddate) VALUES ('Realiso Online',0,4342,2901,NOW());
INSERT INTO isms_context_date (sUserName, nUserId, fkContext, nAction, ddate) VALUES ('Realiso Online',0,4342,2902,NOW());

INSERT INTO isms_context (pkContext,nType,nState) VALUES (4346,2812,2702);
INSERT INTO rm_best_practice_event (fkContext,fkBestPractice,fkEvent) VALUES (4346,1845,659);
INSERT INTO isms_context_date (sUserName, nUserId, fkContext, nAction, ddate) VALUES ('Realiso Online',0,4346,2901,NOW());
INSERT INTO isms_context_date (sUserName, nUserId, fkContext, nAction, ddate) VALUES ('Realiso Online',0,4346,2902,NOW());

INSERT INTO isms_context (pkContext,nType,nState) VALUES (4347,2812,2702);
INSERT INTO rm_best_practice_event (fkContext,fkBestPractice,fkEvent) VALUES (4347,1845,660);
INSERT INTO isms_context_date (sUserName, nUserId, fkContext, nAction, ddate) VALUES ('Realiso Online',0,4347,2901,NOW());
INSERT INTO isms_context_date (sUserName, nUserId, fkContext, nAction, ddate) VALUES ('Realiso Online',0,4347,2902,NOW());

INSERT INTO isms_context (pkContext,nType,nState) VALUES (4348,2812,2702);
INSERT INTO rm_best_practice_event (fkContext,fkBestPractice,fkEvent) VALUES (4348,1845,661);
INSERT INTO isms_context_date (sUserName, nUserId, fkContext, nAction, ddate) VALUES ('Realiso Online',0,4348,2901,NOW());
INSERT INTO isms_context_date (sUserName, nUserId, fkContext, nAction, ddate) VALUES ('Realiso Online',0,4348,2902,NOW());

INSERT INTO isms_context (pkContext,nType,nState) VALUES (4355,2812,2702);
INSERT INTO rm_best_practice_event (fkContext,fkBestPractice,fkEvent) VALUES (4355,1846,671);
INSERT INTO isms_context_date (sUserName, nUserId, fkContext, nAction, ddate) VALUES ('Realiso Online',0,4355,2901,NOW());
INSERT INTO isms_context_date (sUserName, nUserId, fkContext, nAction, ddate) VALUES ('Realiso Online',0,4355,2902,NOW());

INSERT INTO isms_context (pkContext,nType,nState) VALUES (4359,2812,2702);
INSERT INTO rm_best_practice_event (fkContext,fkBestPractice,fkEvent) VALUES (4359,1847,692);
INSERT INTO isms_context_date (sUserName, nUserId, fkContext, nAction, ddate) VALUES ('Realiso Online',0,4359,2901,NOW());
INSERT INTO isms_context_date (sUserName, nUserId, fkContext, nAction, ddate) VALUES ('Realiso Online',0,4359,2902,NOW());

INSERT INTO isms_context (pkContext,nType,nState) VALUES (4360,2812,2702);
INSERT INTO rm_best_practice_event (fkContext,fkBestPractice,fkEvent) VALUES (4360,1847,684);
INSERT INTO isms_context_date (sUserName, nUserId, fkContext, nAction, ddate) VALUES ('Realiso Online',0,4360,2901,NOW());
INSERT INTO isms_context_date (sUserName, nUserId, fkContext, nAction, ddate) VALUES ('Realiso Online',0,4360,2902,NOW());

INSERT INTO isms_context (pkContext,nType,nState) VALUES (4407,2812,2702);
INSERT INTO rm_best_practice_event (fkContext,fkBestPractice,fkEvent) VALUES (4407,1849,730);
INSERT INTO isms_context_date (sUserName, nUserId, fkContext, nAction, ddate) VALUES ('Realiso Online',0,4407,2901,NOW());
INSERT INTO isms_context_date (sUserName, nUserId, fkContext, nAction, ddate) VALUES ('Realiso Online',0,4407,2902,NOW());

INSERT INTO isms_context (pkContext,nType,nState) VALUES (4409,2812,2702);
INSERT INTO rm_best_practice_event (fkContext,fkBestPractice,fkEvent) VALUES (4409,1849,732);
INSERT INTO isms_context_date (sUserName, nUserId, fkContext, nAction, ddate) VALUES ('Realiso Online',0,4409,2901,NOW());
INSERT INTO isms_context_date (sUserName, nUserId, fkContext, nAction, ddate) VALUES ('Realiso Online',0,4409,2902,NOW());

INSERT INTO isms_context (pkContext,nType,nState) VALUES (4413,2812,2702);
INSERT INTO rm_best_practice_event (fkContext,fkBestPractice,fkEvent) VALUES (4413,1849,726);
INSERT INTO isms_context_date (sUserName, nUserId, fkContext, nAction, ddate) VALUES ('Realiso Online',0,4413,2901,NOW());
INSERT INTO isms_context_date (sUserName, nUserId, fkContext, nAction, ddate) VALUES ('Realiso Online',0,4413,2902,NOW());

INSERT INTO isms_context (pkContext,nType,nState) VALUES (4414,2812,2702);
INSERT INTO rm_best_practice_event (fkContext,fkBestPractice,fkEvent) VALUES (4414,1849,727);
INSERT INTO isms_context_date (sUserName, nUserId, fkContext, nAction, ddate) VALUES ('Realiso Online',0,4414,2901,NOW());
INSERT INTO isms_context_date (sUserName, nUserId, fkContext, nAction, ddate) VALUES ('Realiso Online',0,4414,2902,NOW());

INSERT INTO isms_context (pkContext,nType,nState) VALUES (4417,2812,2702);
INSERT INTO rm_best_practice_event (fkContext,fkBestPractice,fkEvent) VALUES (4417,1849,738);
INSERT INTO isms_context_date (sUserName, nUserId, fkContext, nAction, ddate) VALUES ('Realiso Online',0,4417,2901,NOW());
INSERT INTO isms_context_date (sUserName, nUserId, fkContext, nAction, ddate) VALUES ('Realiso Online',0,4417,2902,NOW());

INSERT INTO isms_context (pkContext,nType,nState) VALUES (4419,2812,2702);
INSERT INTO rm_best_practice_event (fkContext,fkBestPractice,fkEvent) VALUES (4419,1849,734);
INSERT INTO isms_context_date (sUserName, nUserId, fkContext, nAction, ddate) VALUES ('Realiso Online',0,4419,2901,NOW());
INSERT INTO isms_context_date (sUserName, nUserId, fkContext, nAction, ddate) VALUES ('Realiso Online',0,4419,2902,NOW());

INSERT INTO isms_context (pkContext,nType,nState) VALUES (4421,2812,2702);
INSERT INTO rm_best_practice_event (fkContext,fkBestPractice,fkEvent) VALUES (4421,1849,736);
INSERT INTO isms_context_date (sUserName, nUserId, fkContext, nAction, ddate) VALUES ('Realiso Online',0,4421,2901,NOW());
INSERT INTO isms_context_date (sUserName, nUserId, fkContext, nAction, ddate) VALUES ('Realiso Online',0,4421,2902,NOW());

INSERT INTO isms_context (pkContext,nType,nState) VALUES (4422,2812,2702);
INSERT INTO rm_best_practice_event (fkContext,fkBestPractice,fkEvent) VALUES (4422,1850,740);
INSERT INTO isms_context_date (sUserName, nUserId, fkContext, nAction, ddate) VALUES ('Realiso Online',0,4422,2901,NOW());
INSERT INTO isms_context_date (sUserName, nUserId, fkContext, nAction, ddate) VALUES ('Realiso Online',0,4422,2902,NOW());

INSERT INTO isms_context (pkContext,nType,nState) VALUES (4423,2812,2702);
INSERT INTO rm_best_practice_event (fkContext,fkBestPractice,fkEvent) VALUES (4423,1850,739);
INSERT INTO isms_context_date (sUserName, nUserId, fkContext, nAction, ddate) VALUES ('Realiso Online',0,4423,2901,NOW());
INSERT INTO isms_context_date (sUserName, nUserId, fkContext, nAction, ddate) VALUES ('Realiso Online',0,4423,2902,NOW());

INSERT INTO isms_context (pkContext,nType,nState) VALUES (4424,2812,2702);
INSERT INTO rm_best_practice_event (fkContext,fkBestPractice,fkEvent) VALUES (4424,1850,741);
INSERT INTO isms_context_date (sUserName, nUserId, fkContext, nAction, ddate) VALUES ('Realiso Online',0,4424,2901,NOW());
INSERT INTO isms_context_date (sUserName, nUserId, fkContext, nAction, ddate) VALUES ('Realiso Online',0,4424,2902,NOW());

INSERT INTO isms_context (pkContext,nType,nState) VALUES (4430,2812,2702);
INSERT INTO rm_best_practice_event (fkContext,fkBestPractice,fkEvent) VALUES (4430,1850,742);
INSERT INTO isms_context_date (sUserName, nUserId, fkContext, nAction, ddate) VALUES ('Realiso Online',0,4430,2901,NOW());
INSERT INTO isms_context_date (sUserName, nUserId, fkContext, nAction, ddate) VALUES ('Realiso Online',0,4430,2902,NOW());

INSERT INTO isms_context (pkContext,nType,nState) VALUES (4435,2812,2702);
INSERT INTO rm_best_practice_event (fkContext,fkBestPractice,fkEvent) VALUES (4435,1851,749);
INSERT INTO isms_context_date (sUserName, nUserId, fkContext, nAction, ddate) VALUES ('Realiso Online',0,4435,2901,NOW());
INSERT INTO isms_context_date (sUserName, nUserId, fkContext, nAction, ddate) VALUES ('Realiso Online',0,4435,2902,NOW());

INSERT INTO isms_context (pkContext,nType,nState) VALUES (4437,2812,2702);
INSERT INTO rm_best_practice_event (fkContext,fkBestPractice,fkEvent) VALUES (4437,1851,750);
INSERT INTO isms_context_date (sUserName, nUserId, fkContext, nAction, ddate) VALUES ('Realiso Online',0,4437,2901,NOW());
INSERT INTO isms_context_date (sUserName, nUserId, fkContext, nAction, ddate) VALUES ('Realiso Online',0,4437,2902,NOW());

INSERT INTO isms_context (pkContext,nType,nState) VALUES (4438,2812,2702);
INSERT INTO rm_best_practice_event (fkContext,fkBestPractice,fkEvent) VALUES (4438,1852,758);
INSERT INTO isms_context_date (sUserName, nUserId, fkContext, nAction, ddate) VALUES ('Realiso Online',0,4438,2901,NOW());
INSERT INTO isms_context_date (sUserName, nUserId, fkContext, nAction, ddate) VALUES ('Realiso Online',0,4438,2902,NOW());

INSERT INTO isms_context (pkContext,nType,nState) VALUES (4439,2812,2702);
INSERT INTO rm_best_practice_event (fkContext,fkBestPractice,fkEvent) VALUES (4439,1852,753);
INSERT INTO isms_context_date (sUserName, nUserId, fkContext, nAction, ddate) VALUES ('Realiso Online',0,4439,2901,NOW());
INSERT INTO isms_context_date (sUserName, nUserId, fkContext, nAction, ddate) VALUES ('Realiso Online',0,4439,2902,NOW());

INSERT INTO isms_context (pkContext,nType,nState) VALUES (4440,2812,2702);
INSERT INTO rm_best_practice_event (fkContext,fkBestPractice,fkEvent) VALUES (4440,1852,754);
INSERT INTO isms_context_date (sUserName, nUserId, fkContext, nAction, ddate) VALUES ('Realiso Online',0,4440,2901,NOW());
INSERT INTO isms_context_date (sUserName, nUserId, fkContext, nAction, ddate) VALUES ('Realiso Online',0,4440,2902,NOW());

INSERT INTO isms_context (pkContext,nType,nState) VALUES (4442,2812,2702);
INSERT INTO rm_best_practice_event (fkContext,fkBestPractice,fkEvent) VALUES (4442,1852,756);
INSERT INTO isms_context_date (sUserName, nUserId, fkContext, nAction, ddate) VALUES ('Realiso Online',0,4442,2901,NOW());
INSERT INTO isms_context_date (sUserName, nUserId, fkContext, nAction, ddate) VALUES ('Realiso Online',0,4442,2902,NOW());

INSERT INTO isms_context (pkContext,nType,nState) VALUES (4443,2812,2702);
INSERT INTO rm_best_practice_event (fkContext,fkBestPractice,fkEvent) VALUES (4443,1852,764);
INSERT INTO isms_context_date (sUserName, nUserId, fkContext, nAction, ddate) VALUES ('Realiso Online',0,4443,2901,NOW());
INSERT INTO isms_context_date (sUserName, nUserId, fkContext, nAction, ddate) VALUES ('Realiso Online',0,4443,2902,NOW());

INSERT INTO isms_context (pkContext,nType,nState) VALUES (4445,2812,2702);
INSERT INTO rm_best_practice_event (fkContext,fkBestPractice,fkEvent) VALUES (4445,1852,762);
INSERT INTO isms_context_date (sUserName, nUserId, fkContext, nAction, ddate) VALUES ('Realiso Online',0,4445,2901,NOW());
INSERT INTO isms_context_date (sUserName, nUserId, fkContext, nAction, ddate) VALUES ('Realiso Online',0,4445,2902,NOW());

INSERT INTO isms_context (pkContext,nType,nState) VALUES (4446,2812,2702);
INSERT INTO rm_best_practice_event (fkContext,fkBestPractice,fkEvent) VALUES (4446,1852,760);
INSERT INTO isms_context_date (sUserName, nUserId, fkContext, nAction, ddate) VALUES ('Realiso Online',0,4446,2901,NOW());
INSERT INTO isms_context_date (sUserName, nUserId, fkContext, nAction, ddate) VALUES ('Realiso Online',0,4446,2902,NOW());

INSERT INTO isms_context (pkContext,nType,nState) VALUES (4447,2812,2702);
INSERT INTO rm_best_practice_event (fkContext,fkBestPractice,fkEvent) VALUES (4447,1852,755);
INSERT INTO isms_context_date (sUserName, nUserId, fkContext, nAction, ddate) VALUES ('Realiso Online',0,4447,2901,NOW());
INSERT INTO isms_context_date (sUserName, nUserId, fkContext, nAction, ddate) VALUES ('Realiso Online',0,4447,2902,NOW());

INSERT INTO isms_context (pkContext,nType,nState) VALUES (4448,2812,2702);
INSERT INTO rm_best_practice_event (fkContext,fkBestPractice,fkEvent) VALUES (4448,1852,761);
INSERT INTO isms_context_date (sUserName, nUserId, fkContext, nAction, ddate) VALUES ('Realiso Online',0,4448,2901,NOW());
INSERT INTO isms_context_date (sUserName, nUserId, fkContext, nAction, ddate) VALUES ('Realiso Online',0,4448,2902,NOW());

INSERT INTO isms_context (pkContext,nType,nState) VALUES (4449,2812,2702);
INSERT INTO rm_best_practice_event (fkContext,fkBestPractice,fkEvent) VALUES (4449,1852,759);
INSERT INTO isms_context_date (sUserName, nUserId, fkContext, nAction, ddate) VALUES ('Realiso Online',0,4449,2901,NOW());
INSERT INTO isms_context_date (sUserName, nUserId, fkContext, nAction, ddate) VALUES ('Realiso Online',0,4449,2902,NOW());

INSERT INTO isms_context (pkContext,nType,nState) VALUES (4450,2812,2702);
INSERT INTO rm_best_practice_event (fkContext,fkBestPractice,fkEvent) VALUES (4450,1852,757);
INSERT INTO isms_context_date (sUserName, nUserId, fkContext, nAction, ddate) VALUES ('Realiso Online',0,4450,2901,NOW());
INSERT INTO isms_context_date (sUserName, nUserId, fkContext, nAction, ddate) VALUES ('Realiso Online',0,4450,2902,NOW());

INSERT INTO isms_context (pkContext,nType,nState) VALUES (4451,2812,2702);
INSERT INTO rm_best_practice_event (fkContext,fkBestPractice,fkEvent) VALUES (4451,1852,763);
INSERT INTO isms_context_date (sUserName, nUserId, fkContext, nAction, ddate) VALUES ('Realiso Online',0,4451,2901,NOW());
INSERT INTO isms_context_date (sUserName, nUserId, fkContext, nAction, ddate) VALUES ('Realiso Online',0,4451,2902,NOW());

INSERT INTO isms_context (pkContext,nType,nState) VALUES (4455,2812,2702);
INSERT INTO rm_best_practice_event (fkContext,fkBestPractice,fkEvent) VALUES (4455,1853,768);
INSERT INTO isms_context_date (sUserName, nUserId, fkContext, nAction, ddate) VALUES ('Realiso Online',0,4455,2901,NOW());
INSERT INTO isms_context_date (sUserName, nUserId, fkContext, nAction, ddate) VALUES ('Realiso Online',0,4455,2902,NOW());

INSERT INTO isms_context (pkContext,nType,nState) VALUES (4456,2812,2702);
INSERT INTO rm_best_practice_event (fkContext,fkBestPractice,fkEvent) VALUES (4456,1853,765);
INSERT INTO isms_context_date (sUserName, nUserId, fkContext, nAction, ddate) VALUES ('Realiso Online',0,4456,2901,NOW());
INSERT INTO isms_context_date (sUserName, nUserId, fkContext, nAction, ddate) VALUES ('Realiso Online',0,4456,2902,NOW());

INSERT INTO isms_context (pkContext,nType,nState) VALUES (4458,2812,2702);
INSERT INTO rm_best_practice_event (fkContext,fkBestPractice,fkEvent) VALUES (4458,1854,771);
INSERT INTO isms_context_date (sUserName, nUserId, fkContext, nAction, ddate) VALUES ('Realiso Online',0,4458,2901,NOW());
INSERT INTO isms_context_date (sUserName, nUserId, fkContext, nAction, ddate) VALUES ('Realiso Online',0,4458,2902,NOW());

INSERT INTO isms_context (pkContext,nType,nState) VALUES (4459,2812,2702);
INSERT INTO rm_best_practice_event (fkContext,fkBestPractice,fkEvent) VALUES (4459,1854,778);
INSERT INTO isms_context_date (sUserName, nUserId, fkContext, nAction, ddate) VALUES ('Realiso Online',0,4459,2901,NOW());
INSERT INTO isms_context_date (sUserName, nUserId, fkContext, nAction, ddate) VALUES ('Realiso Online',0,4459,2902,NOW());

INSERT INTO isms_context (pkContext,nType,nState) VALUES (4460,2812,2702);
INSERT INTO rm_best_practice_event (fkContext,fkBestPractice,fkEvent) VALUES (4460,1854,779);
INSERT INTO isms_context_date (sUserName, nUserId, fkContext, nAction, ddate) VALUES ('Realiso Online',0,4460,2901,NOW());
INSERT INTO isms_context_date (sUserName, nUserId, fkContext, nAction, ddate) VALUES ('Realiso Online',0,4460,2902,NOW());

INSERT INTO isms_context (pkContext,nType,nState) VALUES (4462,2812,2702);
INSERT INTO rm_best_practice_event (fkContext,fkBestPractice,fkEvent) VALUES (4462,1854,775);
INSERT INTO isms_context_date (sUserName, nUserId, fkContext, nAction, ddate) VALUES ('Realiso Online',0,4462,2901,NOW());
INSERT INTO isms_context_date (sUserName, nUserId, fkContext, nAction, ddate) VALUES ('Realiso Online',0,4462,2902,NOW());

INSERT INTO isms_context (pkContext,nType,nState) VALUES (4464,2812,2702);
INSERT INTO rm_best_practice_event (fkContext,fkBestPractice,fkEvent) VALUES (4464,1854,777);
INSERT INTO isms_context_date (sUserName, nUserId, fkContext, nAction, ddate) VALUES ('Realiso Online',0,4464,2901,NOW());
INSERT INTO isms_context_date (sUserName, nUserId, fkContext, nAction, ddate) VALUES ('Realiso Online',0,4464,2902,NOW());

INSERT INTO isms_context (pkContext,nType,nState) VALUES (4466,2812,2702);
INSERT INTO rm_best_practice_event (fkContext,fkBestPractice,fkEvent) VALUES (4466,1854,773);
INSERT INTO isms_context_date (sUserName, nUserId, fkContext, nAction, ddate) VALUES ('Realiso Online',0,4466,2901,NOW());
INSERT INTO isms_context_date (sUserName, nUserId, fkContext, nAction, ddate) VALUES ('Realiso Online',0,4466,2902,NOW());

INSERT INTO isms_context (pkContext,nType,nState) VALUES (4468,2812,2702);
INSERT INTO rm_best_practice_event (fkContext,fkBestPractice,fkEvent) VALUES (4468,1855,781);
INSERT INTO isms_context_date (sUserName, nUserId, fkContext, nAction, ddate) VALUES ('Realiso Online',0,4468,2901,NOW());
INSERT INTO isms_context_date (sUserName, nUserId, fkContext, nAction, ddate) VALUES ('Realiso Online',0,4468,2902,NOW());

INSERT INTO isms_context (pkContext,nType,nState) VALUES (4469,2812,2702);
INSERT INTO rm_best_practice_event (fkContext,fkBestPractice,fkEvent) VALUES (4469,1856,784);
INSERT INTO isms_context_date (sUserName, nUserId, fkContext, nAction, ddate) VALUES ('Realiso Online',0,4469,2901,NOW());
INSERT INTO isms_context_date (sUserName, nUserId, fkContext, nAction, ddate) VALUES ('Realiso Online',0,4469,2902,NOW());

INSERT INTO isms_context (pkContext,nType,nState) VALUES (4470,2812,2702);
INSERT INTO rm_best_practice_event (fkContext,fkBestPractice,fkEvent) VALUES (4470,1856,783);
INSERT INTO isms_context_date (sUserName, nUserId, fkContext, nAction, ddate) VALUES ('Realiso Online',0,4470,2901,NOW());
INSERT INTO isms_context_date (sUserName, nUserId, fkContext, nAction, ddate) VALUES ('Realiso Online',0,4470,2902,NOW());

INSERT INTO isms_context (pkContext,nType,nState) VALUES (4486,2812,2702);
INSERT INTO rm_best_practice_event (fkContext,fkBestPractice,fkEvent) VALUES (4486,1858,825);
INSERT INTO isms_context_date (sUserName, nUserId, fkContext, nAction, ddate) VALUES ('Realiso Online',0,4486,2901,NOW());
INSERT INTO isms_context_date (sUserName, nUserId, fkContext, nAction, ddate) VALUES ('Realiso Online',0,4486,2902,NOW());

INSERT INTO isms_context (pkContext,nType,nState) VALUES (4490,2812,2702);
INSERT INTO rm_best_practice_event (fkContext,fkBestPractice,fkEvent) VALUES (4490,1858,820);
INSERT INTO isms_context_date (sUserName, nUserId, fkContext, nAction, ddate) VALUES ('Realiso Online',0,4490,2901,NOW());
INSERT INTO isms_context_date (sUserName, nUserId, fkContext, nAction, ddate) VALUES ('Realiso Online',0,4490,2902,NOW());

INSERT INTO isms_context (pkContext,nType,nState) VALUES (4494,2812,2702);
INSERT INTO rm_best_practice_event (fkContext,fkBestPractice,fkEvent) VALUES (4494,1858,815);
INSERT INTO isms_context_date (sUserName, nUserId, fkContext, nAction, ddate) VALUES ('Realiso Online',0,4494,2901,NOW());
INSERT INTO isms_context_date (sUserName, nUserId, fkContext, nAction, ddate) VALUES ('Realiso Online',0,4494,2902,NOW());

INSERT INTO isms_context (pkContext,nType,nState) VALUES (4498,2812,2702);
INSERT INTO rm_best_practice_event (fkContext,fkBestPractice,fkEvent) VALUES (4498,1858,827);
INSERT INTO isms_context_date (sUserName, nUserId, fkContext, nAction, ddate) VALUES ('Realiso Online',0,4498,2901,NOW());
INSERT INTO isms_context_date (sUserName, nUserId, fkContext, nAction, ddate) VALUES ('Realiso Online',0,4498,2902,NOW());

INSERT INTO isms_context (pkContext,nType,nState) VALUES (4500,2812,2702);
INSERT INTO rm_best_practice_event (fkContext,fkBestPractice,fkEvent) VALUES (4500,1858,831);
INSERT INTO isms_context_date (sUserName, nUserId, fkContext, nAction, ddate) VALUES ('Realiso Online',0,4500,2901,NOW());
INSERT INTO isms_context_date (sUserName, nUserId, fkContext, nAction, ddate) VALUES ('Realiso Online',0,4500,2902,NOW());

INSERT INTO isms_context (pkContext,nType,nState) VALUES (4501,2812,2702);
INSERT INTO rm_best_practice_event (fkContext,fkBestPractice,fkEvent) VALUES (4501,1858,803);
INSERT INTO isms_context_date (sUserName, nUserId, fkContext, nAction, ddate) VALUES ('Realiso Online',0,4501,2901,NOW());
INSERT INTO isms_context_date (sUserName, nUserId, fkContext, nAction, ddate) VALUES ('Realiso Online',0,4501,2902,NOW());

INSERT INTO isms_context (pkContext,nType,nState) VALUES (4503,2812,2702);
INSERT INTO rm_best_practice_event (fkContext,fkBestPractice,fkEvent) VALUES (4503,1858,811);
INSERT INTO isms_context_date (sUserName, nUserId, fkContext, nAction, ddate) VALUES ('Realiso Online',0,4503,2901,NOW());
INSERT INTO isms_context_date (sUserName, nUserId, fkContext, nAction, ddate) VALUES ('Realiso Online',0,4503,2902,NOW());

INSERT INTO isms_context (pkContext,nType,nState) VALUES (4506,2812,2702);
INSERT INTO rm_best_practice_event (fkContext,fkBestPractice,fkEvent) VALUES (4506,1858,824);
INSERT INTO isms_context_date (sUserName, nUserId, fkContext, nAction, ddate) VALUES ('Realiso Online',0,4506,2901,NOW());
INSERT INTO isms_context_date (sUserName, nUserId, fkContext, nAction, ddate) VALUES ('Realiso Online',0,4506,2902,NOW());

INSERT INTO isms_context (pkContext,nType,nState) VALUES (4507,2812,2702);
INSERT INTO rm_best_practice_event (fkContext,fkBestPractice,fkEvent) VALUES (4507,1858,805);
INSERT INTO isms_context_date (sUserName, nUserId, fkContext, nAction, ddate) VALUES ('Realiso Online',0,4507,2901,NOW());
INSERT INTO isms_context_date (sUserName, nUserId, fkContext, nAction, ddate) VALUES ('Realiso Online',0,4507,2902,NOW());

INSERT INTO isms_context (pkContext,nType,nState) VALUES (4508,2812,2702);
INSERT INTO rm_best_practice_event (fkContext,fkBestPractice,fkEvent) VALUES (4508,1858,806);
INSERT INTO isms_context_date (sUserName, nUserId, fkContext, nAction, ddate) VALUES ('Realiso Online',0,4508,2901,NOW());
INSERT INTO isms_context_date (sUserName, nUserId, fkContext, nAction, ddate) VALUES ('Realiso Online',0,4508,2902,NOW());

INSERT INTO isms_context (pkContext,nType,nState) VALUES (4511,2812,2702);
INSERT INTO rm_best_practice_event (fkContext,fkBestPractice,fkEvent) VALUES (4511,1858,807);
INSERT INTO isms_context_date (sUserName, nUserId, fkContext, nAction, ddate) VALUES ('Realiso Online',0,4511,2901,NOW());
INSERT INTO isms_context_date (sUserName, nUserId, fkContext, nAction, ddate) VALUES ('Realiso Online',0,4511,2902,NOW());

INSERT INTO isms_context (pkContext,nType,nState) VALUES (4513,2812,2702);
INSERT INTO rm_best_practice_event (fkContext,fkBestPractice,fkEvent) VALUES (4513,1858,809);
INSERT INTO isms_context_date (sUserName, nUserId, fkContext, nAction, ddate) VALUES ('Realiso Online',0,4513,2901,NOW());
INSERT INTO isms_context_date (sUserName, nUserId, fkContext, nAction, ddate) VALUES ('Realiso Online',0,4513,2902,NOW());

INSERT INTO isms_context (pkContext,nType,nState) VALUES (4516,2812,2702);
INSERT INTO rm_best_practice_event (fkContext,fkBestPractice,fkEvent) VALUES (4516,1858,813);
INSERT INTO isms_context_date (sUserName, nUserId, fkContext, nAction, ddate) VALUES ('Realiso Online',0,4516,2901,NOW());
INSERT INTO isms_context_date (sUserName, nUserId, fkContext, nAction, ddate) VALUES ('Realiso Online',0,4516,2902,NOW());

INSERT INTO isms_context (pkContext,nType,nState) VALUES (4518,2812,2702);
INSERT INTO rm_best_practice_event (fkContext,fkBestPractice,fkEvent) VALUES (4518,1859,837);
INSERT INTO isms_context_date (sUserName, nUserId, fkContext, nAction, ddate) VALUES ('Realiso Online',0,4518,2901,NOW());
INSERT INTO isms_context_date (sUserName, nUserId, fkContext, nAction, ddate) VALUES ('Realiso Online',0,4518,2902,NOW());

INSERT INTO isms_context (pkContext,nType,nState) VALUES (4520,2812,2702);
INSERT INTO rm_best_practice_event (fkContext,fkBestPractice,fkEvent) VALUES (4520,1859,836);
INSERT INTO isms_context_date (sUserName, nUserId, fkContext, nAction, ddate) VALUES ('Realiso Online',0,4520,2901,NOW());
INSERT INTO isms_context_date (sUserName, nUserId, fkContext, nAction, ddate) VALUES ('Realiso Online',0,4520,2902,NOW());

INSERT INTO isms_context (pkContext,nType,nState) VALUES (4521,2812,2702);
INSERT INTO rm_best_practice_event (fkContext,fkBestPractice,fkEvent) VALUES (4521,1859,832);
INSERT INTO isms_context_date (sUserName, nUserId, fkContext, nAction, ddate) VALUES ('Realiso Online',0,4521,2901,NOW());
INSERT INTO isms_context_date (sUserName, nUserId, fkContext, nAction, ddate) VALUES ('Realiso Online',0,4521,2902,NOW());

INSERT INTO isms_context (pkContext,nType,nState) VALUES (4523,2812,2702);
INSERT INTO rm_best_practice_event (fkContext,fkBestPractice,fkEvent) VALUES (4523,1859,834);
INSERT INTO isms_context_date (sUserName, nUserId, fkContext, nAction, ddate) VALUES ('Realiso Online',0,4523,2901,NOW());
INSERT INTO isms_context_date (sUserName, nUserId, fkContext, nAction, ddate) VALUES ('Realiso Online',0,4523,2902,NOW());

INSERT INTO isms_context (pkContext,nType,nState) VALUES (4524,2812,2702);
INSERT INTO rm_best_practice_event (fkContext,fkBestPractice,fkEvent) VALUES (4524,1859,835);
INSERT INTO isms_context_date (sUserName, nUserId, fkContext, nAction, ddate) VALUES ('Realiso Online',0,4524,2901,NOW());
INSERT INTO isms_context_date (sUserName, nUserId, fkContext, nAction, ddate) VALUES ('Realiso Online',0,4524,2902,NOW());

INSERT INTO isms_context (pkContext,nType,nState) VALUES (4526,2812,2702);
INSERT INTO rm_best_practice_event (fkContext,fkBestPractice,fkEvent) VALUES (4526,1860,842);
INSERT INTO isms_context_date (sUserName, nUserId, fkContext, nAction, ddate) VALUES ('Realiso Online',0,4526,2901,NOW());
INSERT INTO isms_context_date (sUserName, nUserId, fkContext, nAction, ddate) VALUES ('Realiso Online',0,4526,2902,NOW());

INSERT INTO isms_context (pkContext,nType,nState) VALUES (4527,2812,2702);
INSERT INTO rm_best_practice_event (fkContext,fkBestPractice,fkEvent) VALUES (4527,1860,841);
INSERT INTO isms_context_date (sUserName, nUserId, fkContext, nAction, ddate) VALUES ('Realiso Online',0,4527,2901,NOW());
INSERT INTO isms_context_date (sUserName, nUserId, fkContext, nAction, ddate) VALUES ('Realiso Online',0,4527,2902,NOW());

INSERT INTO isms_context (pkContext,nType,nState) VALUES (4528,2812,2702);
INSERT INTO rm_best_practice_event (fkContext,fkBestPractice,fkEvent) VALUES (4528,1860,839);
INSERT INTO isms_context_date (sUserName, nUserId, fkContext, nAction, ddate) VALUES ('Realiso Online',0,4528,2901,NOW());
INSERT INTO isms_context_date (sUserName, nUserId, fkContext, nAction, ddate) VALUES ('Realiso Online',0,4528,2902,NOW());

INSERT INTO isms_context (pkContext,nType,nState) VALUES (4529,2812,2702);
INSERT INTO rm_best_practice_event (fkContext,fkBestPractice,fkEvent) VALUES (4529,1861,843);
INSERT INTO isms_context_date (sUserName, nUserId, fkContext, nAction, ddate) VALUES ('Realiso Online',0,4529,2901,NOW());
INSERT INTO isms_context_date (sUserName, nUserId, fkContext, nAction, ddate) VALUES ('Realiso Online',0,4529,2902,NOW());

INSERT INTO isms_context (pkContext,nType,nState) VALUES (4531,2812,2702);
INSERT INTO rm_best_practice_event (fkContext,fkBestPractice,fkEvent) VALUES (4531,1861,848);
INSERT INTO isms_context_date (sUserName, nUserId, fkContext, nAction, ddate) VALUES ('Realiso Online',0,4531,2901,NOW());
INSERT INTO isms_context_date (sUserName, nUserId, fkContext, nAction, ddate) VALUES ('Realiso Online',0,4531,2902,NOW());

INSERT INTO isms_context (pkContext,nType,nState) VALUES (4532,2812,2702);
INSERT INTO rm_best_practice_event (fkContext,fkBestPractice,fkEvent) VALUES (4532,1861,844);
INSERT INTO isms_context_date (sUserName, nUserId, fkContext, nAction, ddate) VALUES ('Realiso Online',0,4532,2901,NOW());
INSERT INTO isms_context_date (sUserName, nUserId, fkContext, nAction, ddate) VALUES ('Realiso Online',0,4532,2902,NOW());

INSERT INTO isms_context (pkContext,nType,nState) VALUES (4533,2812,2702);
INSERT INTO rm_best_practice_event (fkContext,fkBestPractice,fkEvent) VALUES (4533,1861,845);
INSERT INTO isms_context_date (sUserName, nUserId, fkContext, nAction, ddate) VALUES ('Realiso Online',0,4533,2901,NOW());
INSERT INTO isms_context_date (sUserName, nUserId, fkContext, nAction, ddate) VALUES ('Realiso Online',0,4533,2902,NOW());

INSERT INTO isms_context (pkContext,nType,nState) VALUES (4534,2812,2702);
INSERT INTO rm_best_practice_event (fkContext,fkBestPractice,fkEvent) VALUES (4534,1861,846);
INSERT INTO isms_context_date (sUserName, nUserId, fkContext, nAction, ddate) VALUES ('Realiso Online',0,4534,2901,NOW());
INSERT INTO isms_context_date (sUserName, nUserId, fkContext, nAction, ddate) VALUES ('Realiso Online',0,4534,2902,NOW());

INSERT INTO isms_context (pkContext,nType,nState) VALUES (4567,2812,2702);
INSERT INTO rm_best_practice_event (fkContext,fkBestPractice,fkEvent) VALUES (4567,1865,883);
INSERT INTO isms_context_date (sUserName, nUserId, fkContext, nAction, ddate) VALUES ('Realiso Online',0,4567,2901,NOW());
INSERT INTO isms_context_date (sUserName, nUserId, fkContext, nAction, ddate) VALUES ('Realiso Online',0,4567,2902,NOW());

INSERT INTO isms_context (pkContext,nType,nState) VALUES (4574,2812,2702);
INSERT INTO rm_best_practice_event (fkContext,fkBestPractice,fkEvent) VALUES (4574,1840,620);
INSERT INTO isms_context_date (sUserName, nUserId, fkContext, nAction, ddate) VALUES ('Realiso Online',0,4574,2901,NOW());
INSERT INTO isms_context_date (sUserName, nUserId, fkContext, nAction, ddate) VALUES ('Realiso Online',0,4574,2902,NOW());

INSERT INTO isms_context (pkContext,nType,nState) VALUES (4655,2812,2702);
INSERT INTO rm_best_practice_event (fkContext,fkBestPractice,fkEvent) VALUES (4655,1872,997);
INSERT INTO isms_context_date (sUserName, nUserId, fkContext, nAction, ddate) VALUES ('Realiso Online',0,4655,2901,NOW());
INSERT INTO isms_context_date (sUserName, nUserId, fkContext, nAction, ddate) VALUES ('Realiso Online',0,4655,2902,NOW());

INSERT INTO isms_context (pkContext,nType,nState) VALUES (4656,2812,2702);
INSERT INTO rm_best_practice_event (fkContext,fkBestPractice,fkEvent) VALUES (4656,1872,998);
INSERT INTO isms_context_date (sUserName, nUserId, fkContext, nAction, ddate) VALUES ('Realiso Online',0,4656,2901,NOW());
INSERT INTO isms_context_date (sUserName, nUserId, fkContext, nAction, ddate) VALUES ('Realiso Online',0,4656,2902,NOW());

INSERT INTO isms_context (pkContext,nType,nState) VALUES (4657,2812,2702);
INSERT INTO rm_best_practice_event (fkContext,fkBestPractice,fkEvent) VALUES (4657,1872,999);
INSERT INTO isms_context_date (sUserName, nUserId, fkContext, nAction, ddate) VALUES ('Realiso Online',0,4657,2901,NOW());
INSERT INTO isms_context_date (sUserName, nUserId, fkContext, nAction, ddate) VALUES ('Realiso Online',0,4657,2902,NOW());

INSERT INTO isms_context (pkContext,nType,nState) VALUES (4793,2812,2702);
INSERT INTO rm_best_practice_event (fkContext,fkBestPractice,fkEvent) VALUES (4793,1878,1116);
INSERT INTO isms_context_date (sUserName, nUserId, fkContext, nAction, ddate) VALUES ('Realiso Online',0,4793,2901,NOW());
INSERT INTO isms_context_date (sUserName, nUserId, fkContext, nAction, ddate) VALUES ('Realiso Online',0,4793,2902,NOW());

INSERT INTO isms_context (pkContext,nType,nState) VALUES (4794,2812,2702);
INSERT INTO rm_best_practice_event (fkContext,fkBestPractice,fkEvent) VALUES (4794,1878,1117);
INSERT INTO isms_context_date (sUserName, nUserId, fkContext, nAction, ddate) VALUES ('Realiso Online',0,4794,2901,NOW());
INSERT INTO isms_context_date (sUserName, nUserId, fkContext, nAction, ddate) VALUES ('Realiso Online',0,4794,2902,NOW());

INSERT INTO isms_context (pkContext,nType,nState) VALUES (4795,2812,2702);
INSERT INTO rm_best_practice_event (fkContext,fkBestPractice,fkEvent) VALUES (4795,1878,1120);
INSERT INTO isms_context_date (sUserName, nUserId, fkContext, nAction, ddate) VALUES ('Realiso Online',0,4795,2901,NOW());
INSERT INTO isms_context_date (sUserName, nUserId, fkContext, nAction, ddate) VALUES ('Realiso Online',0,4795,2902,NOW());

INSERT INTO isms_context (pkContext,nType,nState) VALUES (4796,2812,2702);
INSERT INTO rm_best_practice_event (fkContext,fkBestPractice,fkEvent) VALUES (4796,1878,1119);
INSERT INTO isms_context_date (sUserName, nUserId, fkContext, nAction, ddate) VALUES ('Realiso Online',0,4796,2901,NOW());
INSERT INTO isms_context_date (sUserName, nUserId, fkContext, nAction, ddate) VALUES ('Realiso Online',0,4796,2902,NOW());

INSERT INTO isms_context (pkContext,nType,nState) VALUES (4797,2812,2702);
INSERT INTO rm_best_practice_event (fkContext,fkBestPractice,fkEvent) VALUES (4797,1878,1115);
INSERT INTO isms_context_date (sUserName, nUserId, fkContext, nAction, ddate) VALUES ('Realiso Online',0,4797,2901,NOW());
INSERT INTO isms_context_date (sUserName, nUserId, fkContext, nAction, ddate) VALUES ('Realiso Online',0,4797,2902,NOW());

INSERT INTO isms_context (pkContext,nType,nState) VALUES (4798,2812,2702);
INSERT INTO rm_best_practice_event (fkContext,fkBestPractice,fkEvent) VALUES (4798,1878,1118);
INSERT INTO isms_context_date (sUserName, nUserId, fkContext, nAction, ddate) VALUES ('Realiso Online',0,4798,2901,NOW());
INSERT INTO isms_context_date (sUserName, nUserId, fkContext, nAction, ddate) VALUES ('Realiso Online',0,4798,2902,NOW());

INSERT INTO isms_context (pkContext,nType,nState) VALUES (4800,2812,2702);
INSERT INTO rm_best_practice_event (fkContext,fkBestPractice,fkEvent) VALUES (4800,1880,1126);
INSERT INTO isms_context_date (sUserName, nUserId, fkContext, nAction, ddate) VALUES ('Realiso Online',0,4800,2901,NOW());
INSERT INTO isms_context_date (sUserName, nUserId, fkContext, nAction, ddate) VALUES ('Realiso Online',0,4800,2902,NOW());

INSERT INTO isms_context (pkContext,nType,nState) VALUES (4802,2812,2702);
INSERT INTO rm_best_practice_event (fkContext,fkBestPractice,fkEvent) VALUES (4802,1880,1124);
INSERT INTO isms_context_date (sUserName, nUserId, fkContext, nAction, ddate) VALUES ('Realiso Online',0,4802,2901,NOW());
INSERT INTO isms_context_date (sUserName, nUserId, fkContext, nAction, ddate) VALUES ('Realiso Online',0,4802,2902,NOW());

INSERT INTO isms_context (pkContext,nType,nState) VALUES (4804,2812,2702);
INSERT INTO rm_best_practice_event (fkContext,fkBestPractice,fkEvent) VALUES (4804,1880,1122);
INSERT INTO isms_context_date (sUserName, nUserId, fkContext, nAction, ddate) VALUES ('Realiso Online',0,4804,2901,NOW());
INSERT INTO isms_context_date (sUserName, nUserId, fkContext, nAction, ddate) VALUES ('Realiso Online',0,4804,2902,NOW());

INSERT INTO isms_context (pkContext,nType,nState) VALUES (4806,2812,2702);
INSERT INTO rm_best_practice_event (fkContext,fkBestPractice,fkEvent) VALUES (4806,1880,1128);
INSERT INTO isms_context_date (sUserName, nUserId, fkContext, nAction, ddate) VALUES ('Realiso Online',0,4806,2901,NOW());
INSERT INTO isms_context_date (sUserName, nUserId, fkContext, nAction, ddate) VALUES ('Realiso Online',0,4806,2902,NOW());

INSERT INTO isms_context (pkContext,nType,nState) VALUES (4807,2812,2702);
INSERT INTO rm_best_practice_event (fkContext,fkBestPractice,fkEvent) VALUES (4807,1881,1130);
INSERT INTO isms_context_date (sUserName, nUserId, fkContext, nAction, ddate) VALUES ('Realiso Online',0,4807,2901,NOW());
INSERT INTO isms_context_date (sUserName, nUserId, fkContext, nAction, ddate) VALUES ('Realiso Online',0,4807,2902,NOW());

INSERT INTO isms_context (pkContext,nType,nState) VALUES (4808,2812,2702);
INSERT INTO rm_best_practice_event (fkContext,fkBestPractice,fkEvent) VALUES (4808,1881,1131);
INSERT INTO isms_context_date (sUserName, nUserId, fkContext, nAction, ddate) VALUES ('Realiso Online',0,4808,2901,NOW());
INSERT INTO isms_context_date (sUserName, nUserId, fkContext, nAction, ddate) VALUES ('Realiso Online',0,4808,2902,NOW());

INSERT INTO isms_context (pkContext,nType,nState) VALUES (4809,2812,2702);
INSERT INTO rm_best_practice_event (fkContext,fkBestPractice,fkEvent) VALUES (4809,1881,1129);
INSERT INTO isms_context_date (sUserName, nUserId, fkContext, nAction, ddate) VALUES ('Realiso Online',0,4809,2901,NOW());
INSERT INTO isms_context_date (sUserName, nUserId, fkContext, nAction, ddate) VALUES ('Realiso Online',0,4809,2902,NOW());

INSERT INTO isms_context (pkContext,nType,nState) VALUES (4810,2812,2702);
INSERT INTO rm_best_practice_event (fkContext,fkBestPractice,fkEvent) VALUES (4810,1882,1133);
INSERT INTO isms_context_date (sUserName, nUserId, fkContext, nAction, ddate) VALUES ('Realiso Online',0,4810,2901,NOW());
INSERT INTO isms_context_date (sUserName, nUserId, fkContext, nAction, ddate) VALUES ('Realiso Online',0,4810,2902,NOW());

INSERT INTO isms_context (pkContext,nType,nState) VALUES (4812,2812,2702);
INSERT INTO rm_best_practice_event (fkContext,fkBestPractice,fkEvent) VALUES (4812,1883,1135);
INSERT INTO isms_context_date (sUserName, nUserId, fkContext, nAction, ddate) VALUES ('Realiso Online',0,4812,2901,NOW());
INSERT INTO isms_context_date (sUserName, nUserId, fkContext, nAction, ddate) VALUES ('Realiso Online',0,4812,2902,NOW());

INSERT INTO isms_context (pkContext,nType,nState) VALUES (4813,2812,2702);
INSERT INTO rm_best_practice_event (fkContext,fkBestPractice,fkEvent) VALUES (4813,1883,1134);
INSERT INTO isms_context_date (sUserName, nUserId, fkContext, nAction, ddate) VALUES ('Realiso Online',0,4813,2901,NOW());
INSERT INTO isms_context_date (sUserName, nUserId, fkContext, nAction, ddate) VALUES ('Realiso Online',0,4813,2902,NOW());

INSERT INTO isms_context (pkContext,nType,nState) VALUES (4814,2812,2702);
INSERT INTO rm_best_practice_event (fkContext,fkBestPractice,fkEvent) VALUES (4814,1883,1136);
INSERT INTO isms_context_date (sUserName, nUserId, fkContext, nAction, ddate) VALUES ('Realiso Online',0,4814,2901,NOW());
INSERT INTO isms_context_date (sUserName, nUserId, fkContext, nAction, ddate) VALUES ('Realiso Online',0,4814,2902,NOW());

INSERT INTO isms_context (pkContext,nType,nState) VALUES (4815,2812,2702);
INSERT INTO rm_best_practice_event (fkContext,fkBestPractice,fkEvent) VALUES (4815,1884,1141);
INSERT INTO isms_context_date (sUserName, nUserId, fkContext, nAction, ddate) VALUES ('Realiso Online',0,4815,2901,NOW());
INSERT INTO isms_context_date (sUserName, nUserId, fkContext, nAction, ddate) VALUES ('Realiso Online',0,4815,2902,NOW());

INSERT INTO isms_context (pkContext,nType,nState) VALUES (4816,2812,2702);
INSERT INTO rm_best_practice_event (fkContext,fkBestPractice,fkEvent) VALUES (4816,1884,1139);
INSERT INTO isms_context_date (sUserName, nUserId, fkContext, nAction, ddate) VALUES ('Realiso Online',0,4816,2901,NOW());
INSERT INTO isms_context_date (sUserName, nUserId, fkContext, nAction, ddate) VALUES ('Realiso Online',0,4816,2902,NOW());

INSERT INTO isms_context (pkContext,nType,nState) VALUES (4817,2812,2702);
INSERT INTO rm_best_practice_event (fkContext,fkBestPractice,fkEvent) VALUES (4817,1884,1140);
INSERT INTO isms_context_date (sUserName, nUserId, fkContext, nAction, ddate) VALUES ('Realiso Online',0,4817,2901,NOW());
INSERT INTO isms_context_date (sUserName, nUserId, fkContext, nAction, ddate) VALUES ('Realiso Online',0,4817,2902,NOW());

INSERT INTO isms_context (pkContext,nType,nState) VALUES (4818,2812,2702);
INSERT INTO rm_best_practice_event (fkContext,fkBestPractice,fkEvent) VALUES (4818,1884,1137);
INSERT INTO isms_context_date (sUserName, nUserId, fkContext, nAction, ddate) VALUES ('Realiso Online',0,4818,2901,NOW());
INSERT INTO isms_context_date (sUserName, nUserId, fkContext, nAction, ddate) VALUES ('Realiso Online',0,4818,2902,NOW());

INSERT INTO isms_context (pkContext,nType,nState) VALUES (4819,2812,2702);
INSERT INTO rm_best_practice_event (fkContext,fkBestPractice,fkEvent) VALUES (4819,1884,1138);
INSERT INTO isms_context_date (sUserName, nUserId, fkContext, nAction, ddate) VALUES ('Realiso Online',0,4819,2901,NOW());
INSERT INTO isms_context_date (sUserName, nUserId, fkContext, nAction, ddate) VALUES ('Realiso Online',0,4819,2902,NOW());

INSERT INTO isms_context (pkContext,nType,nState) VALUES (4825,2812,2702);
INSERT INTO rm_best_practice_event (fkContext,fkBestPractice,fkEvent) VALUES (4825,1885,1143);
INSERT INTO isms_context_date (sUserName, nUserId, fkContext, nAction, ddate) VALUES ('Realiso Online',0,4825,2901,NOW());
INSERT INTO isms_context_date (sUserName, nUserId, fkContext, nAction, ddate) VALUES ('Realiso Online',0,4825,2902,NOW());

INSERT INTO isms_context (pkContext,nType,nState) VALUES (4826,2812,2702);
INSERT INTO rm_best_practice_event (fkContext,fkBestPractice,fkEvent) VALUES (4826,1885,1144);
INSERT INTO isms_context_date (sUserName, nUserId, fkContext, nAction, ddate) VALUES ('Realiso Online',0,4826,2901,NOW());
INSERT INTO isms_context_date (sUserName, nUserId, fkContext, nAction, ddate) VALUES ('Realiso Online',0,4826,2902,NOW());

INSERT INTO isms_context (pkContext,nType,nState) VALUES (4827,2812,2702);
INSERT INTO rm_best_practice_event (fkContext,fkBestPractice,fkEvent) VALUES (4827,1885,1146);
INSERT INTO isms_context_date (sUserName, nUserId, fkContext, nAction, ddate) VALUES ('Realiso Online',0,4827,2901,NOW());
INSERT INTO isms_context_date (sUserName, nUserId, fkContext, nAction, ddate) VALUES ('Realiso Online',0,4827,2902,NOW());

INSERT INTO isms_context (pkContext,nType,nState) VALUES (4828,2812,2702);
INSERT INTO rm_best_practice_event (fkContext,fkBestPractice,fkEvent) VALUES (4828,1885,1145);
INSERT INTO isms_context_date (sUserName, nUserId, fkContext, nAction, ddate) VALUES ('Realiso Online',0,4828,2901,NOW());
INSERT INTO isms_context_date (sUserName, nUserId, fkContext, nAction, ddate) VALUES ('Realiso Online',0,4828,2902,NOW());

INSERT INTO isms_context (pkContext,nType,nState) VALUES (4829,2812,2702);
INSERT INTO rm_best_practice_event (fkContext,fkBestPractice,fkEvent) VALUES (4829,1885,1152);
INSERT INTO isms_context_date (sUserName, nUserId, fkContext, nAction, ddate) VALUES ('Realiso Online',0,4829,2901,NOW());
INSERT INTO isms_context_date (sUserName, nUserId, fkContext, nAction, ddate) VALUES ('Realiso Online',0,4829,2902,NOW());

INSERT INTO isms_context (pkContext,nType,nState) VALUES (4830,2812,2702);
INSERT INTO rm_best_practice_event (fkContext,fkBestPractice,fkEvent) VALUES (4830,1885,1153);
INSERT INTO isms_context_date (sUserName, nUserId, fkContext, nAction, ddate) VALUES ('Realiso Online',0,4830,2901,NOW());
INSERT INTO isms_context_date (sUserName, nUserId, fkContext, nAction, ddate) VALUES ('Realiso Online',0,4830,2902,NOW());

INSERT INTO isms_context (pkContext,nType,nState) VALUES (4831,2812,2702);
INSERT INTO rm_best_practice_event (fkContext,fkBestPractice,fkEvent) VALUES (4831,1885,1142);
INSERT INTO isms_context_date (sUserName, nUserId, fkContext, nAction, ddate) VALUES ('Realiso Online',0,4831,2901,NOW());
INSERT INTO isms_context_date (sUserName, nUserId, fkContext, nAction, ddate) VALUES ('Realiso Online',0,4831,2902,NOW());

INSERT INTO isms_context (pkContext,nType,nState) VALUES (4832,2812,2702);
INSERT INTO rm_best_practice_event (fkContext,fkBestPractice,fkEvent) VALUES (4832,1886,1157);
INSERT INTO isms_context_date (sUserName, nUserId, fkContext, nAction, ddate) VALUES ('Realiso Online',0,4832,2901,NOW());
INSERT INTO isms_context_date (sUserName, nUserId, fkContext, nAction, ddate) VALUES ('Realiso Online',0,4832,2902,NOW());

INSERT INTO isms_context (pkContext,nType,nState) VALUES (4833,2812,2702);
INSERT INTO rm_best_practice_event (fkContext,fkBestPractice,fkEvent) VALUES (4833,1886,1154);
INSERT INTO isms_context_date (sUserName, nUserId, fkContext, nAction, ddate) VALUES ('Realiso Online',0,4833,2901,NOW());
INSERT INTO isms_context_date (sUserName, nUserId, fkContext, nAction, ddate) VALUES ('Realiso Online',0,4833,2902,NOW());

INSERT INTO isms_context (pkContext,nType,nState) VALUES (4834,2812,2702);
INSERT INTO rm_best_practice_event (fkContext,fkBestPractice,fkEvent) VALUES (4834,1886,1156);
INSERT INTO isms_context_date (sUserName, nUserId, fkContext, nAction, ddate) VALUES ('Realiso Online',0,4834,2901,NOW());
INSERT INTO isms_context_date (sUserName, nUserId, fkContext, nAction, ddate) VALUES ('Realiso Online',0,4834,2902,NOW());

INSERT INTO isms_context (pkContext,nType,nState) VALUES (4835,2812,2702);
INSERT INTO rm_best_practice_event (fkContext,fkBestPractice,fkEvent) VALUES (4835,1886,1155);
INSERT INTO isms_context_date (sUserName, nUserId, fkContext, nAction, ddate) VALUES ('Realiso Online',0,4835,2901,NOW());
INSERT INTO isms_context_date (sUserName, nUserId, fkContext, nAction, ddate) VALUES ('Realiso Online',0,4835,2902,NOW());

INSERT INTO isms_context (pkContext,nType,nState) VALUES (4836,2812,2702);
INSERT INTO rm_best_practice_event (fkContext,fkBestPractice,fkEvent) VALUES (4836,1886,1159);
INSERT INTO isms_context_date (sUserName, nUserId, fkContext, nAction, ddate) VALUES ('Realiso Online',0,4836,2901,NOW());
INSERT INTO isms_context_date (sUserName, nUserId, fkContext, nAction, ddate) VALUES ('Realiso Online',0,4836,2902,NOW());

INSERT INTO isms_context (pkContext,nType,nState) VALUES (4837,2812,2702);
INSERT INTO rm_best_practice_event (fkContext,fkBestPractice,fkEvent) VALUES (4837,1886,1158);
INSERT INTO isms_context_date (sUserName, nUserId, fkContext, nAction, ddate) VALUES ('Realiso Online',0,4837,2901,NOW());
INSERT INTO isms_context_date (sUserName, nUserId, fkContext, nAction, ddate) VALUES ('Realiso Online',0,4837,2902,NOW());

INSERT INTO isms_context (pkContext,nType,nState) VALUES (4881,2812,2702);
INSERT INTO rm_best_practice_event (fkContext,fkBestPractice,fkEvent) VALUES (4881,1891,1203);
INSERT INTO isms_context_date (sUserName, nUserId, fkContext, nAction, ddate) VALUES ('Realiso Online',0,4881,2901,NOW());
INSERT INTO isms_context_date (sUserName, nUserId, fkContext, nAction, ddate) VALUES ('Realiso Online',0,4881,2902,NOW());

INSERT INTO isms_context (pkContext,nType,nState) VALUES (4902,2812,2702);
INSERT INTO rm_best_practice_event (fkContext,fkBestPractice,fkEvent) VALUES (4902,1895,1230);
INSERT INTO isms_context_date (sUserName, nUserId, fkContext, nAction, ddate) VALUES ('Realiso Online',0,4902,2901,NOW());
INSERT INTO isms_context_date (sUserName, nUserId, fkContext, nAction, ddate) VALUES ('Realiso Online',0,4902,2902,NOW());

INSERT INTO isms_context (pkContext,nType,nState) VALUES (4903,2812,2702);
INSERT INTO rm_best_practice_event (fkContext,fkBestPractice,fkEvent) VALUES (4903,1895,1233);
INSERT INTO isms_context_date (sUserName, nUserId, fkContext, nAction, ddate) VALUES ('Realiso Online',0,4903,2901,NOW());
INSERT INTO isms_context_date (sUserName, nUserId, fkContext, nAction, ddate) VALUES ('Realiso Online',0,4903,2902,NOW());

INSERT INTO isms_context (pkContext,nType,nState) VALUES (4904,2812,2702);
INSERT INTO rm_best_practice_event (fkContext,fkBestPractice,fkEvent) VALUES (4904,1895,1234);
INSERT INTO isms_context_date (sUserName, nUserId, fkContext, nAction, ddate) VALUES ('Realiso Online',0,4904,2901,NOW());
INSERT INTO isms_context_date (sUserName, nUserId, fkContext, nAction, ddate) VALUES ('Realiso Online',0,4904,2902,NOW());

INSERT INTO isms_context (pkContext,nType,nState) VALUES (4905,2812,2702);
INSERT INTO rm_best_practice_event (fkContext,fkBestPractice,fkEvent) VALUES (4905,1895,1235);
INSERT INTO isms_context_date (sUserName, nUserId, fkContext, nAction, ddate) VALUES ('Realiso Online',0,4905,2901,NOW());
INSERT INTO isms_context_date (sUserName, nUserId, fkContext, nAction, ddate) VALUES ('Realiso Online',0,4905,2902,NOW());

INSERT INTO isms_context (pkContext,nType,nState) VALUES (4906,2812,2702);
INSERT INTO rm_best_practice_event (fkContext,fkBestPractice,fkEvent) VALUES (4906,1896,1237);
INSERT INTO isms_context_date (sUserName, nUserId, fkContext, nAction, ddate) VALUES ('Realiso Online',0,4906,2901,NOW());
INSERT INTO isms_context_date (sUserName, nUserId, fkContext, nAction, ddate) VALUES ('Realiso Online',0,4906,2902,NOW());

INSERT INTO isms_context (pkContext,nType,nState) VALUES (4907,2812,2702);
INSERT INTO rm_best_practice_event (fkContext,fkBestPractice,fkEvent) VALUES (4907,1896,1236);
INSERT INTO isms_context_date (sUserName, nUserId, fkContext, nAction, ddate) VALUES ('Realiso Online',0,4907,2901,NOW());
INSERT INTO isms_context_date (sUserName, nUserId, fkContext, nAction, ddate) VALUES ('Realiso Online',0,4907,2902,NOW());

INSERT INTO isms_context (pkContext,nType,nState) VALUES (4908,2812,2702);
INSERT INTO rm_best_practice_event (fkContext,fkBestPractice,fkEvent) VALUES (4908,1896,1240);
INSERT INTO isms_context_date (sUserName, nUserId, fkContext, nAction, ddate) VALUES ('Realiso Online',0,4908,2901,NOW());
INSERT INTO isms_context_date (sUserName, nUserId, fkContext, nAction, ddate) VALUES ('Realiso Online',0,4908,2902,NOW());

INSERT INTO isms_context (pkContext,nType,nState) VALUES (4909,2812,2702);
INSERT INTO rm_best_practice_event (fkContext,fkBestPractice,fkEvent) VALUES (4909,1896,1239);
INSERT INTO isms_context_date (sUserName, nUserId, fkContext, nAction, ddate) VALUES ('Realiso Online',0,4909,2901,NOW());
INSERT INTO isms_context_date (sUserName, nUserId, fkContext, nAction, ddate) VALUES ('Realiso Online',0,4909,2902,NOW());

INSERT INTO isms_context (pkContext,nType,nState) VALUES (4910,2812,2702);
INSERT INTO rm_best_practice_event (fkContext,fkBestPractice,fkEvent) VALUES (4910,1896,1238);
INSERT INTO isms_context_date (sUserName, nUserId, fkContext, nAction, ddate) VALUES ('Realiso Online',0,4910,2901,NOW());
INSERT INTO isms_context_date (sUserName, nUserId, fkContext, nAction, ddate) VALUES ('Realiso Online',0,4910,2902,NOW());

INSERT INTO isms_context (pkContext,nType,nState) VALUES (4911,2812,2702);
INSERT INTO rm_best_practice_event (fkContext,fkBestPractice,fkEvent) VALUES (4911,1896,1241);
INSERT INTO isms_context_date (sUserName, nUserId, fkContext, nAction, ddate) VALUES ('Realiso Online',0,4911,2901,NOW());
INSERT INTO isms_context_date (sUserName, nUserId, fkContext, nAction, ddate) VALUES ('Realiso Online',0,4911,2902,NOW());

INSERT INTO isms_context (pkContext,nType,nState) VALUES (4988,2812,2702);
INSERT INTO rm_best_practice_event (fkContext,fkBestPractice,fkEvent) VALUES (4988,1902,1327);
INSERT INTO isms_context_date (sUserName, nUserId, fkContext, nAction, ddate) VALUES ('Realiso Online',0,4988,2901,NOW());
INSERT INTO isms_context_date (sUserName, nUserId, fkContext, nAction, ddate) VALUES ('Realiso Online',0,4988,2902,NOW());

INSERT INTO isms_context (pkContext,nType,nState) VALUES (4990,2812,2702);
INSERT INTO rm_best_practice_event (fkContext,fkBestPractice,fkEvent) VALUES (4990,1902,1336);
INSERT INTO isms_context_date (sUserName, nUserId, fkContext, nAction, ddate) VALUES ('Realiso Online',0,4990,2901,NOW());
INSERT INTO isms_context_date (sUserName, nUserId, fkContext, nAction, ddate) VALUES ('Realiso Online',0,4990,2902,NOW());

INSERT INTO isms_context (pkContext,nType,nState) VALUES (4995,2812,2702);
INSERT INTO rm_best_practice_event (fkContext,fkBestPractice,fkEvent) VALUES (4995,1902,1326);
INSERT INTO isms_context_date (sUserName, nUserId, fkContext, nAction, ddate) VALUES ('Realiso Online',0,4995,2901,NOW());
INSERT INTO isms_context_date (sUserName, nUserId, fkContext, nAction, ddate) VALUES ('Realiso Online',0,4995,2902,NOW());

INSERT INTO isms_context (pkContext,nType,nState) VALUES (4997,2812,2702);
INSERT INTO rm_best_practice_event (fkContext,fkBestPractice,fkEvent) VALUES (4997,1902,1320);
INSERT INTO isms_context_date (sUserName, nUserId, fkContext, nAction, ddate) VALUES ('Realiso Online',0,4997,2901,NOW());
INSERT INTO isms_context_date (sUserName, nUserId, fkContext, nAction, ddate) VALUES ('Realiso Online',0,4997,2902,NOW());

INSERT INTO isms_context (pkContext,nType,nState) VALUES (5004,2812,2702);
INSERT INTO rm_best_practice_event (fkContext,fkBestPractice,fkEvent) VALUES (5004,1902,1329);
INSERT INTO isms_context_date (sUserName, nUserId, fkContext, nAction, ddate) VALUES ('Realiso Online',0,5004,2901,NOW());
INSERT INTO isms_context_date (sUserName, nUserId, fkContext, nAction, ddate) VALUES ('Realiso Online',0,5004,2902,NOW());

INSERT INTO isms_context (pkContext,nType,nState) VALUES (5015,2812,2702);
INSERT INTO rm_best_practice_event (fkContext,fkBestPractice,fkEvent) VALUES (5015,1903,1346);
INSERT INTO isms_context_date (sUserName, nUserId, fkContext, nAction, ddate) VALUES ('Realiso Online',0,5015,2901,NOW());
INSERT INTO isms_context_date (sUserName, nUserId, fkContext, nAction, ddate) VALUES ('Realiso Online',0,5015,2902,NOW());

INSERT INTO isms_context (pkContext,nType,nState) VALUES (5027,2812,2702);
INSERT INTO rm_best_practice_event (fkContext,fkBestPractice,fkEvent) VALUES (5027,1903,1352);
INSERT INTO isms_context_date (sUserName, nUserId, fkContext, nAction, ddate) VALUES ('Realiso Online',0,5027,2901,NOW());
INSERT INTO isms_context_date (sUserName, nUserId, fkContext, nAction, ddate) VALUES ('Realiso Online',0,5027,2902,NOW());

INSERT INTO isms_context (pkContext,nType,nState) VALUES (5089,2812,2702);
INSERT INTO rm_best_practice_event (fkContext,fkBestPractice,fkEvent) VALUES (5089,1910,1410);
INSERT INTO isms_context_date (sUserName, nUserId, fkContext, nAction, ddate) VALUES ('Realiso Online',0,5089,2901,NOW());
INSERT INTO isms_context_date (sUserName, nUserId, fkContext, nAction, ddate) VALUES ('Realiso Online',0,5089,2902,NOW());

INSERT INTO isms_context (pkContext,nType,nState) VALUES (5120,2812,2702);
INSERT INTO rm_best_practice_event (fkContext,fkBestPractice,fkEvent) VALUES (5120,1913,1454);
INSERT INTO isms_context_date (sUserName, nUserId, fkContext, nAction, ddate) VALUES ('Realiso Online',0,5120,2901,NOW());
INSERT INTO isms_context_date (sUserName, nUserId, fkContext, nAction, ddate) VALUES ('Realiso Online',0,5120,2902,NOW());

INSERT INTO isms_context (pkContext,nType,nState) VALUES (5121,2812,2702);
INSERT INTO rm_best_practice_event (fkContext,fkBestPractice,fkEvent) VALUES (5121,1913,1457);
INSERT INTO isms_context_date (sUserName, nUserId, fkContext, nAction, ddate) VALUES ('Realiso Online',0,5121,2901,NOW());
INSERT INTO isms_context_date (sUserName, nUserId, fkContext, nAction, ddate) VALUES ('Realiso Online',0,5121,2902,NOW());

INSERT INTO isms_context (pkContext,nType,nState) VALUES (5122,2812,2702);
INSERT INTO rm_best_practice_event (fkContext,fkBestPractice,fkEvent) VALUES (5122,1913,1452);
INSERT INTO isms_context_date (sUserName, nUserId, fkContext, nAction, ddate) VALUES ('Realiso Online',0,5122,2901,NOW());
INSERT INTO isms_context_date (sUserName, nUserId, fkContext, nAction, ddate) VALUES ('Realiso Online',0,5122,2902,NOW());

INSERT INTO isms_context (pkContext,nType,nState) VALUES (5123,2812,2702);
INSERT INTO rm_best_practice_event (fkContext,fkBestPractice,fkEvent) VALUES (5123,1913,1451);
INSERT INTO isms_context_date (sUserName, nUserId, fkContext, nAction, ddate) VALUES ('Realiso Online',0,5123,2901,NOW());
INSERT INTO isms_context_date (sUserName, nUserId, fkContext, nAction, ddate) VALUES ('Realiso Online',0,5123,2902,NOW());

INSERT INTO isms_context (pkContext,nType,nState) VALUES (5124,2812,2702);
INSERT INTO rm_best_practice_event (fkContext,fkBestPractice,fkEvent) VALUES (5124,1914,1457);
INSERT INTO isms_context_date (sUserName, nUserId, fkContext, nAction, ddate) VALUES ('Realiso Online',0,5124,2901,NOW());
INSERT INTO isms_context_date (sUserName, nUserId, fkContext, nAction, ddate) VALUES ('Realiso Online',0,5124,2902,NOW());

INSERT INTO isms_context (pkContext,nType,nState) VALUES (5125,2812,2702);
INSERT INTO rm_best_practice_event (fkContext,fkBestPractice,fkEvent) VALUES (5125,1914,421);
INSERT INTO isms_context_date (sUserName, nUserId, fkContext, nAction, ddate) VALUES ('Realiso Online',0,5125,2901,NOW());
INSERT INTO isms_context_date (sUserName, nUserId, fkContext, nAction, ddate) VALUES ('Realiso Online',0,5125,2902,NOW());

INSERT INTO isms_context (pkContext,nType,nState) VALUES (5126,2812,2702);
INSERT INTO rm_best_practice_event (fkContext,fkBestPractice,fkEvent) VALUES (5126,1914,1456);
INSERT INTO isms_context_date (sUserName, nUserId, fkContext, nAction, ddate) VALUES ('Realiso Online',0,5126,2901,NOW());
INSERT INTO isms_context_date (sUserName, nUserId, fkContext, nAction, ddate) VALUES ('Realiso Online',0,5126,2902,NOW());

INSERT INTO isms_context (pkContext,nType,nState) VALUES (5127,2812,2702);
INSERT INTO rm_best_practice_event (fkContext,fkBestPractice,fkEvent) VALUES (5127,1914,1458);
INSERT INTO isms_context_date (sUserName, nUserId, fkContext, nAction, ddate) VALUES ('Realiso Online',0,5127,2901,NOW());
INSERT INTO isms_context_date (sUserName, nUserId, fkContext, nAction, ddate) VALUES ('Realiso Online',0,5127,2902,NOW());

INSERT INTO isms_context (pkContext,nType,nState) VALUES (5128,2812,2702);
INSERT INTO rm_best_practice_event (fkContext,fkBestPractice,fkEvent) VALUES (5128,1915,1460);
INSERT INTO isms_context_date (sUserName, nUserId, fkContext, nAction, ddate) VALUES ('Realiso Online',0,5128,2901,NOW());
INSERT INTO isms_context_date (sUserName, nUserId, fkContext, nAction, ddate) VALUES ('Realiso Online',0,5128,2902,NOW());

INSERT INTO isms_context (pkContext,nType,nState) VALUES (5129,2812,2702);
INSERT INTO rm_best_practice_event (fkContext,fkBestPractice,fkEvent) VALUES (5129,1915,1461);
INSERT INTO isms_context_date (sUserName, nUserId, fkContext, nAction, ddate) VALUES ('Realiso Online',0,5129,2901,NOW());
INSERT INTO isms_context_date (sUserName, nUserId, fkContext, nAction, ddate) VALUES ('Realiso Online',0,5129,2902,NOW());

INSERT INTO isms_context (pkContext,nType,nState) VALUES (5130,2812,2702);
INSERT INTO rm_best_practice_event (fkContext,fkBestPractice,fkEvent) VALUES (5130,1915,1459);
INSERT INTO isms_context_date (sUserName, nUserId, fkContext, nAction, ddate) VALUES ('Realiso Online',0,5130,2901,NOW());
INSERT INTO isms_context_date (sUserName, nUserId, fkContext, nAction, ddate) VALUES ('Realiso Online',0,5130,2902,NOW());

INSERT INTO isms_context (pkContext,nType,nState) VALUES (5131,2812,2702);
INSERT INTO rm_best_practice_event (fkContext,fkBestPractice,fkEvent) VALUES (5131,1915,1462);
INSERT INTO isms_context_date (sUserName, nUserId, fkContext, nAction, ddate) VALUES ('Realiso Online',0,5131,2901,NOW());
INSERT INTO isms_context_date (sUserName, nUserId, fkContext, nAction, ddate) VALUES ('Realiso Online',0,5131,2902,NOW());

INSERT INTO isms_context (pkContext,nType,nState) VALUES (5132,2812,2702);
INSERT INTO rm_best_practice_event (fkContext,fkBestPractice,fkEvent) VALUES (5132,1915,1463);
INSERT INTO isms_context_date (sUserName, nUserId, fkContext, nAction, ddate) VALUES ('Realiso Online',0,5132,2901,NOW());
INSERT INTO isms_context_date (sUserName, nUserId, fkContext, nAction, ddate) VALUES ('Realiso Online',0,5132,2902,NOW());

INSERT INTO isms_context (pkContext,nType,nState) VALUES (5133,2812,2702);
INSERT INTO rm_best_practice_event (fkContext,fkBestPractice,fkEvent) VALUES (5133,1916,1468);
INSERT INTO isms_context_date (sUserName, nUserId, fkContext, nAction, ddate) VALUES ('Realiso Online',0,5133,2901,NOW());
INSERT INTO isms_context_date (sUserName, nUserId, fkContext, nAction, ddate) VALUES ('Realiso Online',0,5133,2902,NOW());

INSERT INTO isms_context (pkContext,nType,nState) VALUES (5134,2812,2702);
INSERT INTO rm_best_practice_event (fkContext,fkBestPractice,fkEvent) VALUES (5134,1916,1467);
INSERT INTO isms_context_date (sUserName, nUserId, fkContext, nAction, ddate) VALUES ('Realiso Online',0,5134,2901,NOW());
INSERT INTO isms_context_date (sUserName, nUserId, fkContext, nAction, ddate) VALUES ('Realiso Online',0,5134,2902,NOW());

INSERT INTO isms_context (pkContext,nType,nState) VALUES (5135,2812,2702);
INSERT INTO rm_best_practice_event (fkContext,fkBestPractice,fkEvent) VALUES (5135,1916,1466);
INSERT INTO isms_context_date (sUserName, nUserId, fkContext, nAction, ddate) VALUES ('Realiso Online',0,5135,2901,NOW());
INSERT INTO isms_context_date (sUserName, nUserId, fkContext, nAction, ddate) VALUES ('Realiso Online',0,5135,2902,NOW());

INSERT INTO isms_context (pkContext,nType,nState) VALUES (5136,2812,2702);
INSERT INTO rm_best_practice_event (fkContext,fkBestPractice,fkEvent) VALUES (5136,1916,1465);
INSERT INTO isms_context_date (sUserName, nUserId, fkContext, nAction, ddate) VALUES ('Realiso Online',0,5136,2901,NOW());
INSERT INTO isms_context_date (sUserName, nUserId, fkContext, nAction, ddate) VALUES ('Realiso Online',0,5136,2902,NOW());

INSERT INTO isms_context (pkContext,nType,nState) VALUES (5137,2812,2702);
INSERT INTO rm_best_practice_event (fkContext,fkBestPractice,fkEvent) VALUES (5137,1916,1464);
INSERT INTO isms_context_date (sUserName, nUserId, fkContext, nAction, ddate) VALUES ('Realiso Online',0,5137,2901,NOW());
INSERT INTO isms_context_date (sUserName, nUserId, fkContext, nAction, ddate) VALUES ('Realiso Online',0,5137,2902,NOW());

INSERT INTO isms_context (pkContext,nType,nState) VALUES (5139,2812,2702);
INSERT INTO rm_best_practice_event (fkContext,fkBestPractice,fkEvent) VALUES (5139,1917,1473);
INSERT INTO isms_context_date (sUserName, nUserId, fkContext, nAction, ddate) VALUES ('Realiso Online',0,5139,2901,NOW());
INSERT INTO isms_context_date (sUserName, nUserId, fkContext, nAction, ddate) VALUES ('Realiso Online',0,5139,2902,NOW());

INSERT INTO isms_context (pkContext,nType,nState) VALUES (5140,2812,2702);
INSERT INTO rm_best_practice_event (fkContext,fkBestPractice,fkEvent) VALUES (5140,1917,1470);
INSERT INTO isms_context_date (sUserName, nUserId, fkContext, nAction, ddate) VALUES ('Realiso Online',0,5140,2901,NOW());
INSERT INTO isms_context_date (sUserName, nUserId, fkContext, nAction, ddate) VALUES ('Realiso Online',0,5140,2902,NOW());

INSERT INTO isms_context (pkContext,nType,nState) VALUES (5141,2812,2702);
INSERT INTO rm_best_practice_event (fkContext,fkBestPractice,fkEvent) VALUES (5141,1917,1471);
INSERT INTO isms_context_date (sUserName, nUserId, fkContext, nAction, ddate) VALUES ('Realiso Online',0,5141,2901,NOW());
INSERT INTO isms_context_date (sUserName, nUserId, fkContext, nAction, ddate) VALUES ('Realiso Online',0,5141,2902,NOW());

INSERT INTO isms_context (pkContext,nType,nState) VALUES (5142,2812,2702);
INSERT INTO rm_best_practice_event (fkContext,fkBestPractice,fkEvent) VALUES (5142,1917,1469);
INSERT INTO isms_context_date (sUserName, nUserId, fkContext, nAction, ddate) VALUES ('Realiso Online',0,5142,2901,NOW());
INSERT INTO isms_context_date (sUserName, nUserId, fkContext, nAction, ddate) VALUES ('Realiso Online',0,5142,2902,NOW());

INSERT INTO isms_context (pkContext,nType,nState) VALUES (5143,2812,2702);
INSERT INTO rm_best_practice_event (fkContext,fkBestPractice,fkEvent) VALUES (5143,1918,1483);
INSERT INTO isms_context_date (sUserName, nUserId, fkContext, nAction, ddate) VALUES ('Realiso Online',0,5143,2901,NOW());
INSERT INTO isms_context_date (sUserName, nUserId, fkContext, nAction, ddate) VALUES ('Realiso Online',0,5143,2902,NOW());

INSERT INTO isms_context (pkContext,nType,nState) VALUES (5144,2812,2702);
INSERT INTO rm_best_practice_event (fkContext,fkBestPractice,fkEvent) VALUES (5144,1918,1484);
INSERT INTO isms_context_date (sUserName, nUserId, fkContext, nAction, ddate) VALUES ('Realiso Online',0,5144,2901,NOW());
INSERT INTO isms_context_date (sUserName, nUserId, fkContext, nAction, ddate) VALUES ('Realiso Online',0,5144,2902,NOW());

INSERT INTO isms_context (pkContext,nType,nState) VALUES (5145,2812,2702);
INSERT INTO rm_best_practice_event (fkContext,fkBestPractice,fkEvent) VALUES (5145,1918,1482);
INSERT INTO isms_context_date (sUserName, nUserId, fkContext, nAction, ddate) VALUES ('Realiso Online',0,5145,2901,NOW());
INSERT INTO isms_context_date (sUserName, nUserId, fkContext, nAction, ddate) VALUES ('Realiso Online',0,5145,2902,NOW());

INSERT INTO isms_context (pkContext,nType,nState) VALUES (5146,2812,2702);
INSERT INTO rm_best_practice_event (fkContext,fkBestPractice,fkEvent) VALUES (5146,1918,1480);
INSERT INTO isms_context_date (sUserName, nUserId, fkContext, nAction, ddate) VALUES ('Realiso Online',0,5146,2901,NOW());
INSERT INTO isms_context_date (sUserName, nUserId, fkContext, nAction, ddate) VALUES ('Realiso Online',0,5146,2902,NOW());

INSERT INTO isms_context (pkContext,nType,nState) VALUES (5148,2812,2702);
INSERT INTO rm_best_practice_event (fkContext,fkBestPractice,fkEvent) VALUES (5148,1918,1474);
INSERT INTO isms_context_date (sUserName, nUserId, fkContext, nAction, ddate) VALUES ('Realiso Online',0,5148,2901,NOW());
INSERT INTO isms_context_date (sUserName, nUserId, fkContext, nAction, ddate) VALUES ('Realiso Online',0,5148,2902,NOW());

INSERT INTO isms_context (pkContext,nType,nState) VALUES (5150,2812,2702);
INSERT INTO rm_best_practice_event (fkContext,fkBestPractice,fkEvent) VALUES (5150,1918,1476);
INSERT INTO isms_context_date (sUserName, nUserId, fkContext, nAction, ddate) VALUES ('Realiso Online',0,5150,2901,NOW());
INSERT INTO isms_context_date (sUserName, nUserId, fkContext, nAction, ddate) VALUES ('Realiso Online',0,5150,2902,NOW());

INSERT INTO isms_context (pkContext,nType,nState) VALUES (5151,2812,2702);
INSERT INTO rm_best_practice_event (fkContext,fkBestPractice,fkEvent) VALUES (5151,1918,1477);
INSERT INTO isms_context_date (sUserName, nUserId, fkContext, nAction, ddate) VALUES ('Realiso Online',0,5151,2901,NOW());
INSERT INTO isms_context_date (sUserName, nUserId, fkContext, nAction, ddate) VALUES ('Realiso Online',0,5151,2902,NOW());

INSERT INTO isms_context (pkContext,nType,nState) VALUES (5153,2812,2702);
INSERT INTO rm_best_practice_event (fkContext,fkBestPractice,fkEvent) VALUES (5153,1918,1481);
INSERT INTO isms_context_date (sUserName, nUserId, fkContext, nAction, ddate) VALUES ('Realiso Online',0,5153,2901,NOW());
INSERT INTO isms_context_date (sUserName, nUserId, fkContext, nAction, ddate) VALUES ('Realiso Online',0,5153,2902,NOW());

INSERT INTO isms_context (pkContext,nType,nState) VALUES (5154,2812,2702);
INSERT INTO rm_best_practice_event (fkContext,fkBestPractice,fkEvent) VALUES (5154,1919,1487);
INSERT INTO isms_context_date (sUserName, nUserId, fkContext, nAction, ddate) VALUES ('Realiso Online',0,5154,2901,NOW());
INSERT INTO isms_context_date (sUserName, nUserId, fkContext, nAction, ddate) VALUES ('Realiso Online',0,5154,2902,NOW());

INSERT INTO isms_context (pkContext,nType,nState) VALUES (5155,2812,2702);
INSERT INTO rm_best_practice_event (fkContext,fkBestPractice,fkEvent) VALUES (5155,1919,1486);
INSERT INTO isms_context_date (sUserName, nUserId, fkContext, nAction, ddate) VALUES ('Realiso Online',0,5155,2901,NOW());
INSERT INTO isms_context_date (sUserName, nUserId, fkContext, nAction, ddate) VALUES ('Realiso Online',0,5155,2902,NOW());

INSERT INTO isms_context (pkContext,nType,nState) VALUES (5156,2812,2702);
INSERT INTO rm_best_practice_event (fkContext,fkBestPractice,fkEvent) VALUES (5156,1919,1485);
INSERT INTO isms_context_date (sUserName, nUserId, fkContext, nAction, ddate) VALUES ('Realiso Online',0,5156,2901,NOW());
INSERT INTO isms_context_date (sUserName, nUserId, fkContext, nAction, ddate) VALUES ('Realiso Online',0,5156,2902,NOW());

INSERT INTO isms_context (pkContext,nType,nState) VALUES (5157,2812,2702);
INSERT INTO rm_best_practice_event (fkContext,fkBestPractice,fkEvent) VALUES (5157,1920,1493);
INSERT INTO isms_context_date (sUserName, nUserId, fkContext, nAction, ddate) VALUES ('Realiso Online',0,5157,2901,NOW());
INSERT INTO isms_context_date (sUserName, nUserId, fkContext, nAction, ddate) VALUES ('Realiso Online',0,5157,2902,NOW());

INSERT INTO isms_context (pkContext,nType,nState) VALUES (5158,2812,2702);
INSERT INTO rm_best_practice_event (fkContext,fkBestPractice,fkEvent) VALUES (5158,1920,1490);
INSERT INTO isms_context_date (sUserName, nUserId, fkContext, nAction, ddate) VALUES ('Realiso Online',0,5158,2901,NOW());
INSERT INTO isms_context_date (sUserName, nUserId, fkContext, nAction, ddate) VALUES ('Realiso Online',0,5158,2902,NOW());

INSERT INTO isms_context (pkContext,nType,nState) VALUES (5159,2812,2702);
INSERT INTO rm_best_practice_event (fkContext,fkBestPractice,fkEvent) VALUES (5159,1920,1494);
INSERT INTO isms_context_date (sUserName, nUserId, fkContext, nAction, ddate) VALUES ('Realiso Online',0,5159,2901,NOW());
INSERT INTO isms_context_date (sUserName, nUserId, fkContext, nAction, ddate) VALUES ('Realiso Online',0,5159,2902,NOW());

INSERT INTO isms_context (pkContext,nType,nState) VALUES (5160,2812,2702);
INSERT INTO rm_best_practice_event (fkContext,fkBestPractice,fkEvent) VALUES (5160,1920,1491);
INSERT INTO isms_context_date (sUserName, nUserId, fkContext, nAction, ddate) VALUES ('Realiso Online',0,5160,2901,NOW());
INSERT INTO isms_context_date (sUserName, nUserId, fkContext, nAction, ddate) VALUES ('Realiso Online',0,5160,2902,NOW());

INSERT INTO isms_context (pkContext,nType,nState) VALUES (5161,2812,2702);
INSERT INTO rm_best_practice_event (fkContext,fkBestPractice,fkEvent) VALUES (5161,1920,1488);
INSERT INTO isms_context_date (sUserName, nUserId, fkContext, nAction, ddate) VALUES ('Realiso Online',0,5161,2901,NOW());
INSERT INTO isms_context_date (sUserName, nUserId, fkContext, nAction, ddate) VALUES ('Realiso Online',0,5161,2902,NOW());

INSERT INTO isms_context (pkContext,nType,nState) VALUES (5162,2812,2702);
INSERT INTO rm_best_practice_event (fkContext,fkBestPractice,fkEvent) VALUES (5162,1920,1489);
INSERT INTO isms_context_date (sUserName, nUserId, fkContext, nAction, ddate) VALUES ('Realiso Online',0,5162,2901,NOW());
INSERT INTO isms_context_date (sUserName, nUserId, fkContext, nAction, ddate) VALUES ('Realiso Online',0,5162,2902,NOW());

INSERT INTO isms_context (pkContext,nType,nState) VALUES (5164,2812,2702);
INSERT INTO rm_best_practice_event (fkContext,fkBestPractice,fkEvent) VALUES (5164,1920,1495);
INSERT INTO isms_context_date (sUserName, nUserId, fkContext, nAction, ddate) VALUES ('Realiso Online',0,5164,2901,NOW());
INSERT INTO isms_context_date (sUserName, nUserId, fkContext, nAction, ddate) VALUES ('Realiso Online',0,5164,2902,NOW());

INSERT INTO isms_context (pkContext,nType,nState) VALUES (5165,2812,2702);
INSERT INTO rm_best_practice_event (fkContext,fkBestPractice,fkEvent) VALUES (5165,1921,1496);
INSERT INTO isms_context_date (sUserName, nUserId, fkContext, nAction, ddate) VALUES ('Realiso Online',0,5165,2901,NOW());
INSERT INTO isms_context_date (sUserName, nUserId, fkContext, nAction, ddate) VALUES ('Realiso Online',0,5165,2902,NOW());

INSERT INTO isms_context (pkContext,nType,nState) VALUES (5166,2812,2702);
INSERT INTO rm_best_practice_event (fkContext,fkBestPractice,fkEvent) VALUES (5166,1921,1500);
INSERT INTO isms_context_date (sUserName, nUserId, fkContext, nAction, ddate) VALUES ('Realiso Online',0,5166,2901,NOW());
INSERT INTO isms_context_date (sUserName, nUserId, fkContext, nAction, ddate) VALUES ('Realiso Online',0,5166,2902,NOW());

INSERT INTO isms_context (pkContext,nType,nState) VALUES (5167,2812,2702);
INSERT INTO rm_best_practice_event (fkContext,fkBestPractice,fkEvent) VALUES (5167,1921,1497);
INSERT INTO isms_context_date (sUserName, nUserId, fkContext, nAction, ddate) VALUES ('Realiso Online',0,5167,2901,NOW());
INSERT INTO isms_context_date (sUserName, nUserId, fkContext, nAction, ddate) VALUES ('Realiso Online',0,5167,2902,NOW());

INSERT INTO isms_context (pkContext,nType,nState) VALUES (5168,2812,2702);
INSERT INTO rm_best_practice_event (fkContext,fkBestPractice,fkEvent) VALUES (5168,1921,1498);
INSERT INTO isms_context_date (sUserName, nUserId, fkContext, nAction, ddate) VALUES ('Realiso Online',0,5168,2901,NOW());
INSERT INTO isms_context_date (sUserName, nUserId, fkContext, nAction, ddate) VALUES ('Realiso Online',0,5168,2902,NOW());

INSERT INTO isms_context (pkContext,nType,nState) VALUES (5169,2812,2702);
INSERT INTO rm_best_practice_event (fkContext,fkBestPractice,fkEvent) VALUES (5169,1921,1499);
INSERT INTO isms_context_date (sUserName, nUserId, fkContext, nAction, ddate) VALUES ('Realiso Online',0,5169,2901,NOW());
INSERT INTO isms_context_date (sUserName, nUserId, fkContext, nAction, ddate) VALUES ('Realiso Online',0,5169,2902,NOW());

INSERT INTO isms_context (pkContext,nType,nState) VALUES (5170,2812,2702);
INSERT INTO rm_best_practice_event (fkContext,fkBestPractice,fkEvent) VALUES (5170,1922,1501);
INSERT INTO isms_context_date (sUserName, nUserId, fkContext, nAction, ddate) VALUES ('Realiso Online',0,5170,2901,NOW());
INSERT INTO isms_context_date (sUserName, nUserId, fkContext, nAction, ddate) VALUES ('Realiso Online',0,5170,2902,NOW());

INSERT INTO isms_context (pkContext,nType,nState) VALUES (5171,2812,2702);
INSERT INTO rm_best_practice_event (fkContext,fkBestPractice,fkEvent) VALUES (5171,1922,1502);
INSERT INTO isms_context_date (sUserName, nUserId, fkContext, nAction, ddate) VALUES ('Realiso Online',0,5171,2901,NOW());
INSERT INTO isms_context_date (sUserName, nUserId, fkContext, nAction, ddate) VALUES ('Realiso Online',0,5171,2902,NOW());

INSERT INTO isms_context (pkContext,nType,nState) VALUES (5172,2812,2702);
INSERT INTO rm_best_practice_event (fkContext,fkBestPractice,fkEvent) VALUES (5172,1923,1504);
INSERT INTO isms_context_date (sUserName, nUserId, fkContext, nAction, ddate) VALUES ('Realiso Online',0,5172,2901,NOW());
INSERT INTO isms_context_date (sUserName, nUserId, fkContext, nAction, ddate) VALUES ('Realiso Online',0,5172,2902,NOW());

INSERT INTO isms_context (pkContext,nType,nState) VALUES (5173,2812,2702);
INSERT INTO rm_best_practice_event (fkContext,fkBestPractice,fkEvent) VALUES (5173,1923,1503);
INSERT INTO isms_context_date (sUserName, nUserId, fkContext, nAction, ddate) VALUES ('Realiso Online',0,5173,2901,NOW());
INSERT INTO isms_context_date (sUserName, nUserId, fkContext, nAction, ddate) VALUES ('Realiso Online',0,5173,2902,NOW());

INSERT INTO isms_context (pkContext,nType,nState) VALUES (5175,2812,2702);
INSERT INTO rm_best_practice_event (fkContext,fkBestPractice,fkEvent) VALUES (5175,1924,1506);
INSERT INTO isms_context_date (sUserName, nUserId, fkContext, nAction, ddate) VALUES ('Realiso Online',0,5175,2901,NOW());
INSERT INTO isms_context_date (sUserName, nUserId, fkContext, nAction, ddate) VALUES ('Realiso Online',0,5175,2902,NOW());

INSERT INTO isms_context (pkContext,nType,nState) VALUES (5178,2812,2702);
INSERT INTO rm_best_practice_event (fkContext,fkBestPractice,fkEvent) VALUES (5178,1925,1511);
INSERT INTO isms_context_date (sUserName, nUserId, fkContext, nAction, ddate) VALUES ('Realiso Online',0,5178,2901,NOW());
INSERT INTO isms_context_date (sUserName, nUserId, fkContext, nAction, ddate) VALUES ('Realiso Online',0,5178,2902,NOW());

INSERT INTO isms_context (pkContext,nType,nState) VALUES (5179,2812,2702);
INSERT INTO rm_best_practice_event (fkContext,fkBestPractice,fkEvent) VALUES (5179,1925,1510);
INSERT INTO isms_context_date (sUserName, nUserId, fkContext, nAction, ddate) VALUES ('Realiso Online',0,5179,2901,NOW());
INSERT INTO isms_context_date (sUserName, nUserId, fkContext, nAction, ddate) VALUES ('Realiso Online',0,5179,2902,NOW());

INSERT INTO isms_context (pkContext,nType,nState) VALUES (5182,2812,2702);
INSERT INTO rm_best_practice_event (fkContext,fkBestPractice,fkEvent) VALUES (5182,1925,1509);
INSERT INTO isms_context_date (sUserName, nUserId, fkContext, nAction, ddate) VALUES ('Realiso Online',0,5182,2901,NOW());
INSERT INTO isms_context_date (sUserName, nUserId, fkContext, nAction, ddate) VALUES ('Realiso Online',0,5182,2902,NOW());

INSERT INTO isms_context (pkContext,nType,nState) VALUES (5183,2812,2702);
INSERT INTO rm_best_practice_event (fkContext,fkBestPractice,fkEvent) VALUES (5183,1925,1513);
INSERT INTO isms_context_date (sUserName, nUserId, fkContext, nAction, ddate) VALUES ('Realiso Online',0,5183,2901,NOW());
INSERT INTO isms_context_date (sUserName, nUserId, fkContext, nAction, ddate) VALUES ('Realiso Online',0,5183,2902,NOW());

INSERT INTO isms_context (pkContext,nType,nState) VALUES (5186,2812,2702);
INSERT INTO rm_best_practice_event (fkContext,fkBestPractice,fkEvent) VALUES (5186,1926,1515);
INSERT INTO isms_context_date (sUserName, nUserId, fkContext, nAction, ddate) VALUES ('Realiso Online',0,5186,2901,NOW());
INSERT INTO isms_context_date (sUserName, nUserId, fkContext, nAction, ddate) VALUES ('Realiso Online',0,5186,2902,NOW());

INSERT INTO isms_context (pkContext,nType,nState) VALUES (5187,2812,2702);
INSERT INTO rm_best_practice_event (fkContext,fkBestPractice,fkEvent) VALUES (5187,1926,1518);
INSERT INTO isms_context_date (sUserName, nUserId, fkContext, nAction, ddate) VALUES ('Realiso Online',0,5187,2901,NOW());
INSERT INTO isms_context_date (sUserName, nUserId, fkContext, nAction, ddate) VALUES ('Realiso Online',0,5187,2902,NOW());

INSERT INTO isms_context (pkContext,nType,nState) VALUES (5190,2812,2702);
INSERT INTO rm_best_practice_event (fkContext,fkBestPractice,fkEvent) VALUES (5190,1927,1521);
INSERT INTO isms_context_date (sUserName, nUserId, fkContext, nAction, ddate) VALUES ('Realiso Online',0,5190,2901,NOW());
INSERT INTO isms_context_date (sUserName, nUserId, fkContext, nAction, ddate) VALUES ('Realiso Online',0,5190,2902,NOW());

INSERT INTO isms_context (pkContext,nType,nState) VALUES (5194,2812,2702);
INSERT INTO rm_best_practice_event (fkContext,fkBestPractice,fkEvent) VALUES (5194,1927,435);
INSERT INTO isms_context_date (sUserName, nUserId, fkContext, nAction, ddate) VALUES ('Realiso Online',0,5194,2901,NOW());
INSERT INTO isms_context_date (sUserName, nUserId, fkContext, nAction, ddate) VALUES ('Realiso Online',0,5194,2902,NOW());

INSERT INTO isms_context (pkContext,nType,nState) VALUES (5195,2812,2702);
INSERT INTO rm_best_practice_event (fkContext,fkBestPractice,fkEvent) VALUES (5195,1927,436);
INSERT INTO isms_context_date (sUserName, nUserId, fkContext, nAction, ddate) VALUES ('Realiso Online',0,5195,2901,NOW());
INSERT INTO isms_context_date (sUserName, nUserId, fkContext, nAction, ddate) VALUES ('Realiso Online',0,5195,2902,NOW());

INSERT INTO isms_context (pkContext,nType,nState) VALUES (5196,2812,2702);
INSERT INTO rm_best_practice_event (fkContext,fkBestPractice,fkEvent) VALUES (5196,1927,1527);
INSERT INTO isms_context_date (sUserName, nUserId, fkContext, nAction, ddate) VALUES ('Realiso Online',0,5196,2901,NOW());
INSERT INTO isms_context_date (sUserName, nUserId, fkContext, nAction, ddate) VALUES ('Realiso Online',0,5196,2902,NOW());

INSERT INTO isms_context (pkContext,nType,nState) VALUES (5197,2812,2702);
INSERT INTO rm_best_practice_event (fkContext,fkBestPractice,fkEvent) VALUES (5197,1929,1540);
INSERT INTO isms_context_date (sUserName, nUserId, fkContext, nAction, ddate) VALUES ('Realiso Online',0,5197,2901,NOW());
INSERT INTO isms_context_date (sUserName, nUserId, fkContext, nAction, ddate) VALUES ('Realiso Online',0,5197,2902,NOW());

INSERT INTO isms_context (pkContext,nType,nState) VALUES (5199,2812,2702);
INSERT INTO rm_best_practice_event (fkContext,fkBestPractice,fkEvent) VALUES (5199,1930,1542);
INSERT INTO isms_context_date (sUserName, nUserId, fkContext, nAction, ddate) VALUES ('Realiso Online',0,5199,2901,NOW());
INSERT INTO isms_context_date (sUserName, nUserId, fkContext, nAction, ddate) VALUES ('Realiso Online',0,5199,2902,NOW());

INSERT INTO isms_context (pkContext,nType,nState) VALUES (5200,2812,2702);
INSERT INTO rm_best_practice_event (fkContext,fkBestPractice,fkEvent) VALUES (5200,1930,1543);
INSERT INTO isms_context_date (sUserName, nUserId, fkContext, nAction, ddate) VALUES ('Realiso Online',0,5200,2901,NOW());
INSERT INTO isms_context_date (sUserName, nUserId, fkContext, nAction, ddate) VALUES ('Realiso Online',0,5200,2902,NOW());

