INSERT INTO isms_context (pkContext,nType,nState) VALUES (10007,2806,2702);
INSERT INTO rm_category (fkContext,fkParent,sName,tDescription) VALUES (10007,null,'Strategic','');
INSERT INTO isms_context_date (sUserName, nUserId, fkContext, nAction, ddate) VALUES ('Realiso Online',0,10007,2901,NOW());
INSERT INTO isms_context_date (sUserName, nUserId, fkContext, nAction, ddate) VALUES ('Realiso Online',0,10007,2902,NOW());

INSERT INTO isms_context (pkContext,nType,nState) VALUES (10135,2806,2702);
INSERT INTO rm_category (fkContext,fkParent,sName,tDescription) VALUES (10135,null,'Compliance','');
INSERT INTO isms_context_date (sUserName, nUserId, fkContext, nAction, ddate) VALUES ('Realiso Online',0,10135,2901,NOW());
INSERT INTO isms_context_date (sUserName, nUserId, fkContext, nAction, ddate) VALUES ('Realiso Online',0,10135,2902,NOW());

INSERT INTO isms_context (pkContext,nType,nState) VALUES (10149,2806,2702);
INSERT INTO rm_category (fkContext,fkParent,sName,tDescription) VALUES (10149,null,'Financial Reporting','');
INSERT INTO isms_context_date (sUserName, nUserId, fkContext, nAction, ddate) VALUES ('Realiso Online',0,10149,2901,NOW());
INSERT INTO isms_context_date (sUserName, nUserId, fkContext, nAction, ddate) VALUES ('Realiso Online',0,10149,2902,NOW());

INSERT INTO isms_context (pkContext,nType,nState) VALUES (11225,2806,2702);
INSERT INTO rm_category (fkContext,fkParent,sName,tDescription) VALUES (11225,null,'Operations','');
INSERT INTO isms_context_date (sUserName, nUserId, fkContext, nAction, ddate) VALUES ('Realiso Online',0,11225,2901,NOW());
INSERT INTO isms_context_date (sUserName, nUserId, fkContext, nAction, ddate) VALUES ('Realiso Online',0,11225,2902,NOW());

INSERT INTO isms_context (pkContext,nType,nState) VALUES (11430,2806,2702);
INSERT INTO rm_category (fkContext,fkParent,sName,tDescription) VALUES (11430,11225,'Sales','');
INSERT INTO isms_context_date (sUserName, nUserId, fkContext, nAction, ddate) VALUES ('Realiso Online',0,11430,2901,NOW());
INSERT INTO isms_context_date (sUserName, nUserId, fkContext, nAction, ddate) VALUES ('Realiso Online',0,11430,2902,NOW());

INSERT INTO isms_context (pkContext,nType,nState) VALUES (11431,2806,2702);
INSERT INTO rm_category (fkContext,fkParent,sName,tDescription) VALUES (11431,11225,'Production & Delivery','');
INSERT INTO isms_context_date (sUserName, nUserId, fkContext, nAction, ddate) VALUES ('Realiso Online',0,11431,2901,NOW());
INSERT INTO isms_context_date (sUserName, nUserId, fkContext, nAction, ddate) VALUES ('Realiso Online',0,11431,2902,NOW());

INSERT INTO isms_context (pkContext,nType,nState) VALUES (11435,2806,2702);
INSERT INTO rm_category (fkContext,fkParent,sName,tDescription) VALUES (11435,11225,'Finance & Accounting','');
INSERT INTO isms_context_date (sUserName, nUserId, fkContext, nAction, ddate) VALUES ('Realiso Online',0,11435,2901,NOW());
INSERT INTO isms_context_date (sUserName, nUserId, fkContext, nAction, ddate) VALUES ('Realiso Online',0,11435,2902,NOW());

INSERT INTO isms_context (pkContext,nType,nState) VALUES (11433,2806,2702);
INSERT INTO rm_category (fkContext,fkParent,sName,tDescription) VALUES (11433,11225,'Human Resource','');
INSERT INTO isms_context_date (sUserName, nUserId, fkContext, nAction, ddate) VALUES ('Realiso Online',0,11433,2901,NOW());
INSERT INTO isms_context_date (sUserName, nUserId, fkContext, nAction, ddate) VALUES ('Realiso Online',0,11433,2902,NOW());

INSERT INTO isms_context (pkContext,nType,nState) VALUES (11434,2806,2702);
INSERT INTO rm_category (fkContext,fkParent,sName,tDescription) VALUES (11434,11225,'Information Technology','');
INSERT INTO isms_context_date (sUserName, nUserId, fkContext, nAction, ddate) VALUES ('Realiso Online',0,11434,2901,NOW());
INSERT INTO isms_context_date (sUserName, nUserId, fkContext, nAction, ddate) VALUES ('Realiso Online',0,11434,2902,NOW());

INSERT INTO isms_context (pkContext,nType,nState) VALUES (11432,2806,2702);
INSERT INTO rm_category (fkContext,fkParent,sName,tDescription) VALUES (11432,11225,'New Product Development','');
INSERT INTO isms_context_date (sUserName, nUserId, fkContext, nAction, ddate) VALUES ('Realiso Online',0,11432,2901,NOW());
INSERT INTO isms_context_date (sUserName, nUserId, fkContext, nAction, ddate) VALUES ('Realiso Online',0,11432,2902,NOW());

